antecedents,consequents,antecedent support,consequent support,support,confidence,lift,representativity,leverage,conviction,zhangs_metric,jaccard,certainty,kulczynski
"frozenset({'Tomato, salad type, raw', 'Fennel, raw'})","frozenset({'Lettuce, raw', 'Red chicory, ""Radicchio"", raw'})",0.020881079704609118,0.022108016760423177,0.020070838252656435,0.9611973392461197,43.477320904099095,1.0,0.019609198992571204,25.20167339663137,0.9978353829101441,0.8757575757575757,0.9603200952467836,0.9345253711937405
"frozenset({'Lettuce, raw', 'Red chicory, ""Radicchio"", raw'})","frozenset({'Tomato, salad type, raw', 'Fennel, raw'})",0.022108016760423177,0.020881079704609118,0.020070838252656435,0.9078534031413613,43.477320904099095,1.0,0.019609198992571204,10.625665555478397,0.999087342459745,0.8757575757575757,0.9058882481498376,0.9345253711937405
"frozenset({'Tomato, salad type, raw', 'Red chicory, ""Radicchio"", raw'})","frozenset({'Lettuce, raw', 'Fennel, raw'})",0.02051068361228789,0.023149755770076625,0.020070838252656435,0.9785553047404064,42.27065349887134,1.0,0.019596020936354656,45.552069283564,0.9967877230929965,0.8508341511285576,0.9780471004780277,0.9227776523702031
"frozenset({'Lettuce, raw', 'Fennel, raw'})","frozenset({'Tomato, salad type, raw', 'Red chicory, ""Radicchio"", raw'})",0.023149755770076625,0.02051068361228789,0.020070838252656435,0.867,42.27065349887133,1.0,0.019596020936354656,7.364581326223399,0.9994806586199912,0.8508341511285576,0.8642149559216279,0.9227776523702031
"frozenset({'Red chicory, ""Radicchio"", raw'})","frozenset({'Lettuce, raw', 'Tomato, salad type, raw', 'Fennel, raw'})",0.026992615227909345,0.02037178507766743,0.020070838252656435,0.7435677530017153,36.499882075471696,1.0,0.019520950496549293,3.8202224033426084,0.9995840385509931,0.7353689567430026,0.7382351354400145,0.8643975128644941
"frozenset({'Lettuce, raw', 'Tomato, salad type, raw', 'Fennel, raw'})","frozenset({'Red chicory, ""Radicchio"", raw'})",0.02037178507766743,0.026992615227909345,0.020070838252656435,0.9852272727272727,36.499882075471696,1.0,0.019520950496549293,65.86511527687999,0.9928283367047948,0.7353689567430026,0.9848174561633081,0.8643975128644941
"frozenset({'Celery, raw', 'Potato, raw', 'Onion, raw'})","frozenset({'Chard, raw', 'Carrots, raw'})",0.027455610343310878,0.023844248443178926,0.02352015186239785,0.8566610455311973,35.92736619787488,1.0,0.022865493468212834,6.810121890272879,0.9996109942709044,0.8466666666666665,0.8531597501318834,0.9215344062607442
"frozenset({'Chard, raw', 'Carrots, raw'})","frozenset({'Celery, raw', 'Potato, raw', 'Onion, raw'})",0.023844248443178926,0.027455610343310878,0.02352015186239785,0.9864077669902912,35.92736619787488,1.0,0.022865493468212834,71.55148009617038,0.9959128579295412,0.8466666666666665,0.9860240487177074,0.9215344062607442
"frozenset({'Celery, raw', 'Potato, raw'})","frozenset({'Chard, raw', 'Carrots, raw', 'Onion, raw'})",0.027640808389471493,0.023774799175868694,0.02352015186239785,0.8509212730318257,35.79089214328703,1.0,0.0228629971938795,6.548387021258496,0.9996922323321112,0.8431535269709542,0.8472906386330514,0.9201052324263316
"frozenset({'Chard, raw', 'Carrots, raw', 'Onion, raw'})","frozenset({'Celery, raw', 'Potato, raw'})",0.023774799175868694,0.027640808389471493,0.02352015186239785,0.9892891918208374,35.790892143287024,1.0,0.0228629971938795,90.78298998036497,0.9957332898896292,0.8431535269709542,0.9889847205934031,0.9201052324263316
"frozenset({'Chard, raw', 'Carrots, raw'})","frozenset({'Potato, raw', 'Celery, raw'})",0.023844248443178926,0.027640808389471493,0.02354330161816793,0.987378640776699,35.721771478752984,1.0,0.022884227315759065,77.040766719911,0.9957487481472914,0.8425849212924605,0.9870198591917498,0.9195687173732741
"frozenset({'Potato, raw', 'Celery, raw'})","frozenset({'Chard, raw', 'Carrots, raw'})",0.027640808389471493,0.023844248443178926,0.02354330161816793,0.8517587939698492,35.721771478752984,1.0,0.022884227315759065,6.584915069823978,0.9996366322197662,0.8425849212924605,0.8481377528189242,0.9195687173732741
"frozenset({'Tomato, salad type, raw', 'Fennel, raw'})","frozenset({'Red chicory, ""Radicchio"", raw'})",0.020881079704609118,0.026992615227909345,0.02009398800842651,0.9623059866962305,35.650713299585824,1.0,0.01953035305841669,25.813313560718314,0.9926782643087857,0.7233333333333333,0.9612603009045007,0.8533656863155252
"frozenset({'Red chicory, ""Radicchio"", raw'})","frozenset({'Tomato, salad type, raw', 'Fennel, raw'})",0.026992615227909345,0.020881079704609118,0.02009398800842651,0.7444253859348199,35.650713299585824,1.0,0.01953035305841669,3.8310491982027712,0.998913354165737,0.7233333333333333,0.7389749000171748,0.8533656863155252
"frozenset({'Celery, raw', 'Carrots, raw', 'Potato, raw'})","frozenset({'Chard, raw', 'Onion, raw'})",0.026251823043266894,0.025348982568233903,0.02352015186239785,0.8959435626102292,35.34435988499916,1.0,0.022854694857689716,9.366561472606968,0.9979037349487578,0.8375927452596867,0.893237235144983,0.911898721944384
"frozenset({'Chard, raw', 'Onion, raw'})","frozenset({'Celery, raw', 'Carrots, raw', 'Potato, raw'})",0.025348982568233903,0.026251823043266894,0.02352015186239785,0.9278538812785389,35.34435988499916,1.0,0.022854694857689716,13.496889288197764,0.9969793549748137,0.8375927452596867,0.9259088536145553,0.911898721944384
"frozenset({'Chard, raw', 'Celery, raw'})","frozenset({'Carrots, raw', 'Potato, raw', 'Onion, raw'})",0.024122045512419844,0.028381600574113944,0.02352015186239785,0.9750479846449136,34.35493294674252,1.0,0.022835529601633753,38.93947585391432,0.994890902247704,0.8115015974440893,0.9743191201712214,0.9018796203811843
"frozenset({'Carrots, raw', 'Potato, raw', 'Onion, raw'})","frozenset({'Chard, raw', 'Celery, raw'})",0.028381600574113944,0.024122045512419844,0.02352015186239785,0.8287112561174551,34.35493294674252,1.0,0.022835529601633753,5.697268439056062,0.9992524834826897,0.8115015974440893,0.8244772893015232,0.9018796203811843
"frozenset({'Potato, raw', 'Celery, raw'})","frozenset({'Chard, raw', 'Onion, raw'})",0.027640808389471493,0.025348982568233903,0.02352015186239785,0.8509212730318257,33.56826139831578,1.0,0.022819485492361243,6.537827611311957,0.9977896685669808,0.798114689709348,0.8470439938994769,0.8893875771551822
"frozenset({'Chard, raw', 'Onion, raw'})","frozenset({'Potato, raw', 'Celery, raw'})",0.025348982568233903,0.027640808389471493,0.02352015186239785,0.9278538812785389,33.56826139831578,1.0,0.022819485492361243,13.477636896373788,0.9954434337755663,0.798114689709348,0.9258030166795002,0.8893875771551822
"frozenset({'Lettuce, raw', 'Fennel, raw'})","frozenset({'Red chicory, ""Radicchio"", raw'})",0.023149755770076625,0.026992615227909345,0.020140287519966663,0.87,32.23103773584906,1.0,0.019515415069844912,7.4846721905545435,0.991937107257448,0.6712962962962963,0.8663936142371107,0.8080703259005146
"frozenset({'Red chicory, ""Radicchio"", raw'})","frozenset({'Lettuce, raw', 'Fennel, raw'})",0.026992615227909345,0.023149755770076625,0.020140287519966663,0.7461406518010292,32.23103773584906,1.0,0.019515415069844912,3.8479979215273334,0.9958547290081733,0.6712962962962963,0.7401245997546996,0.8080703259005146
"frozenset({'Fennel, raw', 'Red chicory, ""Radicchio"", raw'})","frozenset({'Lettuce, raw', 'Tomato, salad type, raw'})",0.02023288654304697,0.03196981271847582,0.020070838252656435,0.9919908466819222,31.0289852310782,1.0,0.019423996659121052,120.86548338343557,0.9877572491947669,0.6246397694524495,0.9917263392988087,0.8098983922041036
"frozenset({'Lettuce, raw', 'Tomato, salad type, raw'})","frozenset({'Fennel, raw', 'Red chicory, ""Radicchio"", raw'})",0.03196981271847582,0.02023288654304697,0.020070838252656435,0.6278059377262852,31.028985231078195,1.0,0.019423996659121052,2.632409306778311,0.9997333570324786,0.6246397694524495,0.6201198660766567,0.8098983922041036
"frozenset({'Carrots, raw', 'Potato, raw'})","frozenset({'Chard, raw', 'Celery, raw', 'Onion, raw'})",0.03183091418385536,0.024052596245109616,0.02352015186239785,0.7389090909090908,30.720554379210775,1.0,0.022754535735420845,3.7379601118745795,0.9992557274041428,0.7267525035765378,0.7324744058067271,0.8583862105171055
"frozenset({'Chard, raw', 'Celery, raw', 'Onion, raw'})","frozenset({'Carrots, raw', 'Potato, raw'})",0.024052596245109616,0.03183091418385536,0.02352015186239785,0.9778633301251202,30.72055437921077,1.0,0.022754535735420845,43.73598609404208,0.9912916417167812,0.7267525035765378,0.9771355332460143,0.8583862105171055
"frozenset({'Chard, raw', 'Celery, raw'})","frozenset({'Potato, raw', 'Carrots, raw'})",0.024122045512419844,0.03183091418385536,0.02354330161816793,0.9760076775431862,30.662257197696736,1.0,0.02277547485752304,40.35328749681691,0.9912987689879333,0.7264285714285714,0.9752188715707764,0.8578220205897749
"frozenset({'Potato, raw', 'Carrots, raw'})","frozenset({'Chard, raw', 'Celery, raw'})",0.03183091418385536,0.024122045512419844,0.02354330161816793,0.7396363636363636,30.662257197696736,1.0,0.02277547485752304,3.7481346017330246,0.9991918035169606,0.7264285714285714,0.7332006167714388,0.8578220205897749
"frozenset({'Yeast, beer yeast tablets', ""Cheese, Mozzarella, cow's milk""})","frozenset({'Vegetable oil, mixed seeds', 'Wheat flour, white, 9% protein, pastry flour, Italian ""tipo 00"" flour'})",0.02833530106257379,0.030904923953052294,0.026575919624047966,0.9379084967320261,30.348189762796505,1.0,0.025700219299522282,15.607531224756103,0.9952498084258745,0.8136073706591069,0.9359283678116987,0.8989167951824925
"frozenset({'Vegetable oil, mixed seeds', 'Wheat flour, white, 9% protein, pastry flour, Italian ""tipo 00"" flour'})","frozenset({'Yeast, beer yeast tablets', ""Cheese, Mozzarella, cow's milk""})",0.030904923953052294,0.02833530106257379,0.026575919624047966,0.8599250936329588,30.348189762796505,1.0,0.025700219299522282,6.936750658189646,0.9978887824055046,0.8136073706591069,0.8558402846988045,0.8989167951824925
"frozenset({'Lettuce, raw', 'Tomato, salad type, raw', 'Red chicory, ""Radicchio"", raw'})","frozenset({'Fennel, raw'})",0.020186587031506817,0.03328934879737019,0.020070838252656435,0.9942660550458716,29.86739275369716,1.0,0.019398839915936134,168.59433756974045,0.9864313534732541,0.6008316008316009,0.9940686026920309,0.7985933891362877
"frozenset({'Fennel, raw'})","frozenset({'Lettuce, raw', 'Tomato, salad type, raw', 'Red chicory, ""Radicchio"", raw'})",0.03328934879737019,0.020186587031506817,0.020070838252656435,0.6029207232267038,29.86739275369716,1.0,0.019398839915936134,2.4675511170730178,0.9998014089359294,0.6008316008316009,0.5947399050495906,0.7985933891362877
"frozenset({'Yeast, beer yeast tablets'})","frozenset({'Vegetable oil, mixed seeds', 'Wheat flour, white, 9% protein, pastry flour, Italian ""tipo 00"" flour', ""Cheese, Mozzarella, cow's milk""})",0.03240965807810728,0.027548209366391185,0.026575919624047966,0.82,29.766,1.0,0.025683091577819117,5.402509947964492,0.9987745648684088,0.7961165048543689,0.814900849858357,0.8923529411764706
"frozenset({'Vegetable oil, mixed seeds', 'Wheat flour, white, 9% protein, pastry flour, Italian ""tipo 00"" flour', ""Cheese, Mozzarella, cow's milk""})","frozenset({'Yeast, beer yeast tablets'})",0.027548209366391185,0.03240965807810728,0.026575919624047966,0.9647058823529412,29.766,1.0,0.025683091577819117,27.41505968778697,0.9937815242175086,0.7961165048543689,0.9635236978730531,0.8923529411764706
"frozenset({'Celery, raw', 'Carrots, raw', 'Potato, raw', 'Onion, raw'})","frozenset({'Chard, raw'})",0.02613607426441651,0.030418779081880686,0.02352015186239785,0.8999114260407439,29.584074483015232,1.0,0.02272512439328094,9.687231844394297,0.9921283707143814,0.7119831814996495,0.8967713361192373,0.8365614968864298
"frozenset({'Chard, raw'})","frozenset({'Celery, raw', 'Carrots, raw', 'Potato, raw', 'Onion, raw'})",0.030418779081880686,0.02613607426441651,0.02352015186239785,0.7732115677321156,29.584074483015232,1.0,0.02272512439328094,4.29415167253878,0.9965106677939164,0.7119831814996495,0.7671251329115765,0.8365614968864298
"frozenset({'Potato, raw', 'Carrots, raw', 'Celery, raw'})","frozenset({'Chard, raw'})",0.026251823043266894,0.030418779081880686,0.02354330161816793,0.8968253968253969,29.482623033992898,1.0,0.02274475321251817,9.397479525821774,0.9921268539668373,0.7106918238993711,0.8935884885673583,0.8353989997825615
"frozenset({'Chard, raw'})","frozenset({'Potato, raw', 'Carrots, raw', 'Celery, raw'})",0.030418779081880686,0.026251823043266894,0.02354330161816793,0.773972602739726,29.482623033992894,1.0,0.02274475321251817,4.308097995020698,0.996390704066258,0.7106918238993711,0.7678790034126892,0.8353989997825615
"frozenset({'Fennel, raw'})","frozenset({'Tomato, salad type, raw', 'Red chicory, ""Radicchio"", raw'})",0.03328934879737019,0.02051068361228789,0.02009398800842651,0.6036161335187761,29.429352279470173,1.0,0.019411200707584553,2.4710625209921577,0.9992858958189206,0.5961538461538461,0.595315783593169,0.79165005321537
"frozenset({'Tomato, salad type, raw', 'Red chicory, ""Radicchio"", raw'})","frozenset({'Fennel, raw'})",0.02051068361228789,0.03328934879737019,0.02009398800842651,0.9796839729119639,29.42935227947017,1.0,0.019411200707584553,47.583646498084924,0.9862489594550425,0.5961538461538461,0.9789843764907709,0.79165005321537
"frozenset({'Carrots, raw', 'Potato, raw'})","frozenset({'Chard, raw', 'Onion, raw'})",0.03183091418385536,0.025348982568233903,0.02352015186239785,0.7389090909090908,29.149457534246576,1.0,0.022713270573620353,3.7329948439238945,0.9974435854316211,0.6987620357634112,0.7321185691891121,0.8333814860938149
"frozenset({'Chard, raw', 'Onion, raw'})","frozenset({'Carrots, raw', 'Potato, raw'})",0.025348982568233903,0.03183091418385536,0.02352015186239785,0.9278538812785389,29.149457534246572,1.0,0.022713270573620353,13.419558847704797,0.9908100714911705,0.6987620357634112,0.9254819020991115,0.8333814860938149
"frozenset({'Vegetable oil, mixed seeds', ""Cheese, Mozzarella, cow's milk""})","frozenset({'Yeast, beer yeast tablets', 'Wheat flour, white, 9% protein, pastry flour, Italian ""tipo 00"" flour'})",0.02872884691066509,0.03183091418385536,0.026575919624047966,0.9250604351329573,29.061698630136984,1.0,0.02566145416343347,12.919331564492861,0.9941512686428092,0.7820163487738421,0.9225966146152349,0.879984763021024
"frozenset({'Yeast, beer yeast tablets', 'Wheat flour, white, 9% protein, pastry flour, Italian ""tipo 00"" flour'})","frozenset({'Vegetable oil, mixed seeds', ""Cheese, Mozzarella, cow's milk""})",0.03183091418385536,0.02872884691066509,0.026575919624047966,0.8349090909090908,29.061698630136984,1.0,0.02566145416343347,5.883250376642444,0.9973365842661207,0.7820163487738421,0.8300259319286871,0.879984763021024
"frozenset({'Vegetable oil, mixed seeds', ""Cheese, Mozzarella, cow's milk""})","frozenset({'Yeast, beer yeast tablets'})",0.02872884691066509,0.03240965807810728,0.026575919624047966,0.9250604351329573,28.542739726027396,1.0,0.025644827518695023,12.911608756183542,0.9935071352334269,0.7689216342933691,0.9225503174016881,0.8725302175664786
"frozenset({'Yeast, beer yeast tablets'})","frozenset({'Vegetable oil, mixed seeds', ""Cheese, Mozzarella, cow's milk""})",0.03240965807810728,0.02872884691066509,0.026575919624047966,0.82,28.542739726027396,1.0,0.025644827518695023,5.395950850496304,0.9972865364943336,0.7689216342933691,0.81467585089141,0.8725302175664786
"frozenset({'Chard, raw'})","frozenset({'Potato, raw', 'Celery, raw', 'Onion, raw'})",0.030418779081880686,0.027455610343310878,0.02352015186239785,0.7732115677321156,28.162242910054132,1.0,0.02268498571680648,4.288333315466072,0.9947505621678389,0.6846361185983828,0.7668091712009759,0.8149363066316564
"frozenset({'Potato, raw', 'Celery, raw', 'Onion, raw'})","frozenset({'Chard, raw'})",0.027455610343310878,0.030418779081880686,0.02352015186239785,0.8566610455311973,28.162242910054132,1.0,0.02268498571680648,6.764254870640524,0.9917197351949631,0.6846361185983828,0.8521640566294469,0.8149363066316564
"frozenset({'Yeast, beer yeast tablets'})","frozenset({'Vegetable oil, mixed seeds', 'Wheat flour, white, 9% protein, pastry flour, Italian ""tipo 00"" flour'})",0.03240965807810728,0.030904923953052294,0.02819640252795333,0.8699999999999999,28.150853932584265,1.0,0.027194784509704997,7.454577508053437,0.9967824782012897,0.8029004614370469,0.8658542353447038,0.8911797752808988
"frozenset({'Vegetable oil, mixed seeds', 'Wheat flour, white, 9% protein, pastry flour, Italian ""tipo 00"" flour'})","frozenset({'Yeast, beer yeast tablets'})",0.030904923953052294,0.03240965807810728,0.02819640252795333,0.9123595505617977,28.150853932584265,1.0,0.027194784509704997,11.040453901416466,0.9952347532697748,0.8029004614370469,0.9094240138196037,0.8911797752808988
"frozenset({'Potato, raw', 'Celery, raw'})","frozenset({'Chard, raw'})",0.027640808389471493,0.030418779081880686,0.02354330161816793,0.8517587939698492,28.001084188063604,1.0,0.022702501974124,6.540564846193413,0.9916984437900452,0.682092555331992,0.8471080061866527,0.8128656983547876
"frozenset({'Chard, raw'})","frozenset({'Potato, raw', 'Celery, raw'})",0.030418779081880686,0.027640808389471493,0.02354330161816793,0.773972602739726,28.001084188063604,1.0,0.022702501974124,4.301952787125368,0.9945397830745953,0.682092555331992,0.7675474256731173,0.8128656983547876
"frozenset({'Fennel, raw'})","frozenset({'Lettuce, raw', 'Red chicory, ""Radicchio"", raw'})",0.03328934879737019,0.022108016760423177,0.020140287519966663,0.6050069541029207,27.365953294642793,1.0,0.01940432603881083,2.4757194927790693,0.996635593455936,0.5712409717662509,0.596077018048006,0.7580008592504133
"frozenset({'Lettuce, raw', 'Red chicory, ""Radicchio"", raw'})","frozenset({'Fennel, raw'})",0.022108016760423177,0.03328934879737019,0.020140287519966663,0.9109947643979057,27.365953294642793,1.0,0.01940432603881083,10.86127849292366,0.9852399447736006,0.5712409717662509,0.9079298076509574,0.7580008592504133
"frozenset({'Carrots, raw', 'Potato, raw', 'Onion, raw'})","frozenset({'Chard, raw'})",0.028381600574113944,0.030418779081880686,0.02352015186239785,0.8287112561174551,27.243409536153507,1.0,0.022656818224543702,5.660507508788638,0.9914323106862125,0.6666666666666665,0.8233373953753482,0.8009614119247854
"frozenset({'Chard, raw'})","frozenset({'Carrots, raw', 'Potato, raw', 'Onion, raw'})",0.030418779081880686,0.028381600574113944,0.02352015186239785,0.7732115677321156,27.243409536153507,1.0,0.022656818224543702,4.284250257871188,0.9935154003249774,0.6666666666666665,0.7665869312459602,0.8009614119247854
"frozenset({'Wheat flour, white, 9% protein, pastry flour, Italian ""tipo 00"" flour', ""Cheese, Mozzarella, cow's milk""})","frozenset({'Yeast, beer yeast tablets', 'Tomato, sauce type, red ripe, raw'})",0.03625251753594,0.020742181169988657,0.020070838252656435,0.553639846743295,26.691496048850574,1.0,0.019318881966057775,2.193873740039768,0.9987417880224503,0.5435736677115987,0.5441852547166761,0.7606368876573618
"frozenset({'Yeast, beer yeast tablets', 'Tomato, sauce type, red ripe, raw'})","frozenset({'Wheat flour, white, 9% protein, pastry flour, Italian ""tipo 00"" flour', ""Cheese, Mozzarella, cow's milk""})",0.020742181169988657,0.03625251753594,0.020070838252656435,0.9676339285714286,26.691496048850574,1.0,0.019318881966057775,29.77647394095857,0.98292284761974,0.5435736677115987,0.9664164399726166,0.7606368876573618
"frozenset({'Tomato, sauce type, red ripe, raw', 'Wheat flour, white, 9% protein, pastry flour, Italian ""tipo 00"" flour', ""Cheese, Mozzarella, cow's milk""})","frozenset({'Yeast, beer yeast tablets'})",0.023265504548927007,0.03240965807810728,0.020070838252656435,0.8626865671641791,26.618194029850745,1.0,0.01931681120521106,7.046581837909438,0.9853565280090486,0.5637191157347203,0.8580872225707837,0.7409861407249467
"frozenset({'Yeast, beer yeast tablets'})","frozenset({'Tomato, sauce type, red ripe, raw', 'Wheat flour, white, 9% protein, pastry flour, Italian ""tipo 00"" flour', ""Cheese, Mozzarella, cow's milk""})",0.03240965807810728,0.023265504548927007,0.020070838252656435,0.6192857142857142,26.618194029850745,1.0,0.01931681120521106,2.5655315077514107,0.9946685797965831,0.5637191157347203,0.6102172212741751,0.7409861407249467
"frozenset({'Vegetable oil, mixed seeds', 'Yeast, beer yeast tablets'})","frozenset({'Wheat flour, white, 9% protein, pastry flour, Italian ""tipo 00"" flour', ""Cheese, Mozzarella, cow's milk""})",0.02819640252795333,0.03625251753594,0.026575919624047966,0.942528735632184,25.99898709649007,1.0,0.025553729046952914,16.769206194874663,0.9894354842926689,0.7017114914425429,0.9403668850881184,0.8378033205619413
"frozenset({'Wheat flour, white, 9% protein, pastry flour, Italian ""tipo 00"" flour', ""Cheese, Mozzarella, cow's milk""})","frozenset({'Vegetable oil, mixed seeds', 'Yeast, beer yeast tablets'})",0.03625251753594,0.02819640252795333,0.026575919624047966,0.7330779054916985,25.998987096490065,1.0,0.025553729046952914,3.6407761570364223,0.9977063293008084,0.7017114914425429,0.7253332924444341,0.8378033205619413
"frozenset({'Vegetable oil, mixed seeds'})","frozenset({'Yeast, beer yeast tablets', 'Wheat flour, white, 9% protein, pastry flour, Italian ""tipo 00"" flour', ""Cheese, Mozzarella, cow's milk""})",0.037548903859064287,0.02833530106257379,0.026575919624047966,0.7077681874229347,24.97831894780107,1.0,0.02551196012863174,3.324979201849168,0.9974172028637218,0.6760895170789165,0.6992462390610276,0.8228383420774804
"frozenset({'Vegetable oil, mixed seeds'})","frozenset({'Yeast, beer yeast tablets', ""Cheese, Mozzarella, cow's milk""})",0.037548903859064287,0.02833530106257379,0.026575919624047966,0.7077681874229347,24.97831894780107,1.0,0.02551196012863174,3.324979201849168,0.9974172028637218,0.6760895170789165,0.6992462390610276,0.8228383420774804
"frozenset({'Yeast, beer yeast tablets', 'Wheat flour, white, 9% protein, pastry flour, Italian ""tipo 00"" flour', ""Cheese, Mozzarella, cow's milk""})","frozenset({'Vegetable oil, mixed seeds'})",0.02833530106257379,0.037548903859064287,0.026575919624047966,0.9379084967320261,24.978318947801068,1.0,0.02551196012863174,15.500528179954017,0.987959407453821,0.6760895170789165,0.9354860693525756,0.8228383420774804
"frozenset({'Yeast, beer yeast tablets', ""Cheese, Mozzarella, cow's milk""})","frozenset({'Vegetable oil, mixed seeds'})",0.02833530106257379,0.037548903859064287,0.026575919624047966,0.9379084967320261,24.978318947801068,1.0,0.02551196012863174,15.500528179954017,0.987959407453821,0.6760895170789165,0.9354860693525756,0.8228383420774804
"frozenset({'Carrots, raw', 'Celery, raw'})","frozenset({'Chard, raw', 'Potato, raw', 'Onion, raw'})",0.04007222723800264,0.023635900641248236,0.02352015186239785,0.5869439630271519,24.832731019474906,1.0,0.0225730086809269,2.3637570013846143,0.9997945617906864,0.5852534562211982,0.5769446692641285,0.7910234016898736
"frozenset({'Chard, raw', 'Potato, raw', 'Onion, raw'})","frozenset({'Carrots, raw', 'Celery, raw'})",0.023635900641248236,0.04007222723800264,0.02352015186239785,0.9951028403525953,24.832731019474902,1.0,0.0225730086809269,196.0172511979933,0.9829638016694945,0.5852534562211982,0.9948984082069903,0.7910234016898736
"frozenset({'Chard, raw', 'Potato, raw'})","frozenset({'Carrots, raw', 'Celery, raw', 'Onion, raw'})",0.024168345023959998,0.03970183114568141,0.02352015186239785,0.9731800766283524,24.512221440300255,1.0,0.022560624309186022,35.80540315299658,0.9829605537084536,0.5829030407343659,0.9720712542817351,0.7827999508506194
"frozenset({'Carrots, raw', 'Celery, raw', 'Onion, raw'})","frozenset({'Chard, raw', 'Potato, raw'})",0.03970183114568141,0.024168345023959998,0.02352015186239785,0.5924198250728863,24.512221440300255,1.0,0.022560624309186022,2.3942078516221867,0.9988606195572162,0.5829030407343659,0.5823253192815094,0.7827999508506194
"frozenset({'Tomato, sauce type, red ripe, raw', 'Wheat flour, white, 9% protein, pastry flour, Italian ""tipo 00"" flour'})","frozenset({'Yeast, beer yeast tablets', ""Cheese, Mozzarella, cow's milk""})",0.02896034446836586,0.02833530106257379,0.020070838252656435,0.6930455635491607,24.45873301358913,1.0,0.019250238173269443,3.165501402007084,0.9877195049096736,0.539179104477612,0.6840942798616514,0.700689448441247
"frozenset({'Yeast, beer yeast tablets', ""Cheese, Mozzarella, cow's milk""})","frozenset({'Tomato, sauce type, red ripe, raw', 'Wheat flour, white, 9% protein, pastry flour, Italian ""tipo 00"" flour'})",0.02833530106257379,0.02896034446836586,0.020070838252656435,0.7083333333333334,24.45873301358913,1.0,0.019250238173269443,3.3292788189656033,0.987084133918023,0.539179104477612,0.6996346493110189,0.700689448441247
"frozenset({'Chard, raw'})","frozenset({'Carrots, raw', 'Potato, raw'})",0.030418779081880686,0.03183091418385536,0.023566451373938004,0.7747336377473364,24.33903196347032,1.0,0.022598193827405005,4.2978857390622105,0.9889978383509831,0.6092160383004188,0.7673274580309811,0.7575486370554863
"frozenset({'Carrots, raw', 'Potato, raw'})","frozenset({'Chard, raw'})",0.03183091418385536,0.030418779081880686,0.023566451373938004,0.7403636363636362,24.339031963470315,1.0,0.022598193827405005,3.734381453116004,0.990440353489891,0.6092160383004188,0.7322180359573095,0.7575486370554863
"frozenset({'Chard, raw', 'Potato, raw'})","frozenset({'Carrots, raw', 'Celery, raw'})",0.024168345023959998,0.04007222723800264,0.02354330161816793,0.9741379310344828,24.30955297914301,1.0,0.022574822204401355,37.11720721346391,0.9826120145135012,0.5784982935153583,0.9730583178241584,0.7808297974063229
"frozenset({'Carrots, raw', 'Celery, raw'})","frozenset({'Chard, raw', 'Potato, raw'})",0.04007222723800264,0.024168345023959998,0.02354330161816793,0.587521663778163,24.30955297914301,1.0,0.022574822204401355,2.365776743366282,0.9988917244920564,0.5784982935153583,0.5773058456153846,0.7808297974063229
"frozenset({'Wheat flour, white, 9% protein, pastry flour, Italian ""tipo 00"" flour', ""Cheese, Mozzarella, cow's milk""})","frozenset({'Yeast, beer yeast tablets'})",0.03625251753594,0.03240965807810728,0.02833530106257379,0.7816091954022988,24.116551724137928,1.0,0.027160369364763386,4.430545249852876,0.9945911347172003,0.7026406429391503,0.7742941458428381,0.8279474548440064
"frozenset({'Yeast, beer yeast tablets'})","frozenset({'Wheat flour, white, 9% protein, pastry flour, Italian ""tipo 00"" flour', ""Cheese, Mozzarella, cow's milk""})",0.03240965807810728,0.03625251753594,0.02833530106257379,0.8742857142857142,24.116551724137928,1.0,0.027160369364763386,7.666173155964109,0.9906410395342193,0.7026406429391503,0.8695568206384666,0.8279474548440064
"frozenset({'Vegetable oil, mixed seeds'})","frozenset({'Yeast, beer yeast tablets', 'Wheat flour, white, 9% protein, pastry flour, Italian ""tipo 00"" flour'})",0.037548903859064287,0.03183091418385536,0.02819640252795333,0.750924784217016,23.591053020961773,1.0,0.02700118659151762,3.8870550920638283,0.9949711236641794,0.6846543001686339,0.7427358305155765,0.8183714830175989
"frozenset({'Yeast, beer yeast tablets', 'Wheat flour, white, 9% protein, pastry flour, Italian ""tipo 00"" flour'})","frozenset({'Vegetable oil, mixed seeds'})",0.03183091418385536,0.037548903859064287,0.02819640252795333,0.8858181818181817,23.591053020961773,1.0,0.02700118659151762,8.429109918431756,0.9890948416225493,0.6846543001686339,0.8813635117257966,0.8183714830175989
"frozenset({'Lettuce, raw', 'Tomato, salad type, raw'})","frozenset({'Red chicory, ""Radicchio"", raw'})",0.03196981271847582,0.026992615227909345,0.020186587031506817,0.6314265025343954,23.3925648627601,1.0,0.019323638177888677,2.6399276981733935,0.9888652098402262,0.5205970149253731,0.6212017470433318,0.6896412101008169
"frozenset({'Red chicory, ""Radicchio"", raw'})","frozenset({'Lettuce, raw', 'Tomato, salad type, raw'})",0.026992615227909345,0.03196981271847582,0.020186587031506817,0.7478559176672384,23.392564862760096,1.0,0.019323638177888677,3.8391945522797855,0.983806895260139,0.5205970149253731,0.7395286989542686,0.6896412101008169
"frozenset({'Chard, raw', 'Onion, raw'})","frozenset({'Carrots, raw', 'Celery, raw'})",0.025348982568233903,0.04007222723800264,0.02375164942009862,0.9369863013698632,23.382436314427487,1.0,0.022735859230372184,15.233636393831732,0.9821288233171405,0.5700000000000001,0.9343557917395934,0.7648536359535625
"frozenset({'Carrots, raw', 'Celery, raw'})","frozenset({'Chard, raw', 'Onion, raw'})",0.04007222723800264,0.025348982568233903,0.02375164942009862,0.5927209705372617,23.382436314427483,1.0,0.022735859230372184,2.3930793066303364,0.9971925847513203,0.5700000000000001,0.5821283493491543,0.7648536359535625
"frozenset({'Yeast, beer yeast tablets'})","frozenset({'Vegetable oil, mixed seeds'})",0.03240965807810728,0.037548903859064287,0.02819640252795333,0.8699999999999999,23.169784217016026,1.0,0.026979455392673334,7.403469970314884,0.9888899247292401,0.6751662971175165,0.8649282020444978,0.8104623921085079
"frozenset({'Vegetable oil, mixed seeds'})","frozenset({'Yeast, beer yeast tablets'})",0.037548903859064287,0.03240965807810728,0.02819640252795333,0.750924784217016,23.169784217016026,1.0,0.026979455392673334,3.8847315212804703,0.9941703471775838,0.6751662971175165,0.7425819533416858,0.8104623921085079
"frozenset({'Red chicory, ""Radicchio"", raw'})","frozenset({'Fennel, raw'})",0.026992615227909345,0.03328934879737019,0.02023288654304697,0.7495711835334476,22.51684729839662,1.0,0.01933431995977189,3.8602212989803637,0.9820982083236263,0.5052023121387283,0.7409474943148624,0.6786798894023288
"frozenset({'Fennel, raw'})","frozenset({'Red chicory, ""Radicchio"", raw'})",0.03328934879737019,0.026992615227909345,0.02023288654304697,0.60778859527121,22.51684729839662,1.0,0.01933431995977189,2.4808237930891246,0.9884951697610177,0.5052023121387283,0.5969080904553891,0.6786798894023288
"frozenset({'Yeast, beer yeast tablets', 'Wheat flour, white, 9% protein, pastry flour, Italian ""tipo 00"" flour'})","frozenset({'Tomato, sauce type, red ripe, raw', ""Cheese, Mozzarella, cow's milk""})",0.03183091418385536,0.02831215130680371,0.020070838252656435,0.6305454545454545,22.271195421095666,1.0,0.019169636594049237,2.6300606140809935,0.9865001544139641,0.5008665511265163,0.6197806261018726,0.6697289823831116
"frozenset({'Tomato, sauce type, red ripe, raw', ""Cheese, Mozzarella, cow's milk""})","frozenset({'Yeast, beer yeast tablets', 'Wheat flour, white, 9% protein, pastry flour, Italian ""tipo 00"" flour'})",0.02831215130680371,0.03183091418385536,0.020070838252656435,0.7089125102207686,22.271195421095666,1.0,0.019169636594049237,3.326041550430183,0.9829277518916665,0.5008665511265163,0.699342300798779,0.6697289823831116
"frozenset({'Potato, raw', 'Onion, raw'})","frozenset({'Carrots, raw', 'Celery, raw', 'Chard, raw'})",0.04465587888047781,0.023774799175868694,0.02352015186239785,0.5266977708657335,22.153615976715766,1.0,0.022458467309992576,2.062583146100492,0.9994939216216032,0.5237113402061855,0.5151710601870308,0.7579934813432855
"frozenset({'Carrots, raw', 'Celery, raw', 'Chard, raw'})","frozenset({'Potato, raw', 'Onion, raw'})",0.023774799175868694,0.04465587888047781,0.02352015186239785,0.9892891918208374,22.153615976715766,1.0,0.022458467309992576,89.194401126341,0.9781151329732112,0.5237113402061855,0.9887885339508751,0.7579934813432855
"frozenset({'Yeast, beer yeast tablets'})","frozenset({'Tomato, sauce type, red ripe, raw', 'Wheat flour, white, 9% protein, pastry flour, Italian ""tipo 00"" flour'})",0.03240965807810728,0.02896034446836586,0.020742181169988657,0.64,22.09918465227818,1.0,0.019803586307944713,2.6973323764767616,0.9867290116515539,0.5105413105413106,0.629263338578172,0.6781135091926459
"frozenset({'Tomato, sauce type, red ripe, raw', 'Wheat flour, white, 9% protein, pastry flour, Italian ""tipo 00"" flour'})","frozenset({'Yeast, beer yeast tablets'})",0.02896034446836586,0.03240965807810728,0.020742181169988657,0.7162270183852918,22.099184652278176,1.0,0.019803586307944713,3.409733852800811,0.9832239665283935,0.5105413105413106,0.7067219779694583,0.6781135091926459
"frozenset({'Chard, raw', 'Carrots, raw'})","frozenset({'Potato, raw', 'Onion, raw'})",0.023844248443178926,0.04465587888047781,0.02352015186239785,0.9864077669902912,22.08909088163795,1.0,0.02245536599192323,70.28603176807881,0.9780496428804178,0.5229027277406073,0.9857724219899101,0.7565527689280124
"frozenset({'Potato, raw', 'Onion, raw'})","frozenset({'Chard, raw', 'Carrots, raw'})",0.04465587888047781,0.023844248443178926,0.02352015186239785,0.5266977708657335,22.08909088163795,1.0,0.02245536599192323,2.0624364126540065,0.9993559002456767,0.5229027277406073,0.5151365667011429,0.7565527689280124
"frozenset({'Yeast, beer yeast tablets'})","frozenset({'Tomato, sauce type, red ripe, raw', ""Cheese, Mozzarella, cow's milk""})",0.03240965807810728,0.02831215130680371,0.020070838252656435,0.6192857142857142,21.873495502861815,1.0,0.019153251109347288,2.5522757751791265,0.9862464812143739,0.4937357630979498,0.6081928098346595,0.6640991122532414
"frozenset({'Tomato, sauce type, red ripe, raw', ""Cheese, Mozzarella, cow's milk""})","frozenset({'Yeast, beer yeast tablets'})",0.02831215130680371,0.03240965807810728,0.020070838252656435,0.7089125102207686,21.873495502861815,1.0,0.019153251109347288,3.3240533375575136,0.9820875822012958,0.4937357630979498,0.6991624686940819,0.6640991122532414
"frozenset({'Potato, raw', 'Onion, raw'})","frozenset({'Chard, raw', 'Celery, raw'})",0.04465587888047781,0.024122045512419844,0.02352015186239785,0.5266977708657335,21.834705957857093,1.0,0.022442960719645858,2.061849478868064,0.998803814741971,0.519693094629156,0.5149985436623673,0.7508728777553235
"frozenset({'Chard, raw', 'Celery, raw'})","frozenset({'Potato, raw', 'Onion, raw'})",0.024122045512419844,0.04465587888047781,0.02352015186239785,0.9750479846449136,21.834705957857093,1.0,0.022442960719645858,38.28725285409773,0.9777875892959709,0.519693094629156,0.9738816466198104,0.7508728777553235
"frozenset({'Wheat flour, white, 9% protein, pastry flour, Italian ""tipo 00"" flour', ""Cheese, Mozzarella, cow's milk""})","frozenset({'Vegetable oil, mixed seeds'})",0.03625251753594,0.037548903859064287,0.027548209366391185,0.7598978288633461,20.237550254876673,1.0,0.026186967070785133,4.008506427012514,0.9863443712860226,0.5955955955955956,0.7505305234734807,0.7467799871813647
"frozenset({'Vegetable oil, mixed seeds'})","frozenset({'Wheat flour, white, 9% protein, pastry flour, Italian ""tipo 00"" flour', ""Cheese, Mozzarella, cow's milk""})",0.037548903859064287,0.03625251753594,0.027548209366391185,0.7336621454993835,20.23755025487667,1.0,0.026186967070785133,3.618514853140521,0.9876729409743452,0.5955955955955956,0.7236435276389438,0.7467799871813647
"frozenset({'Chard, raw'})","frozenset({'Carrots, raw', 'Celery, raw', 'Onion, raw'})",0.030418779081880686,0.03970183114568141,0.02375164942009862,0.7808219178082192,19.66715124405927,1.0,0.022543968189332006,4.381360395397829,0.9789317023906614,0.5122316525212183,0.7717603872417348,0.6895363233355964
"frozenset({'Carrots, raw', 'Celery, raw', 'Onion, raw'})","frozenset({'Chard, raw'})",0.03970183114568141,0.030418779081880686,0.02375164942009862,0.5982507288629738,19.66715124405927,1.0,0.022543968189332006,2.41339883000664,0.9883948819060814,0.5122316525212183,0.5856466044622849,0.6895363233355964
"frozenset({'Chard, raw'})","frozenset({'Carrots, raw', 'Celery, raw'})",0.030418779081880686,0.04007222723800264,0.023774799175868694,0.7815829528158295,19.50435517780785,1.0,0.02255585094819697,4.394930639056669,0.9784939922012547,0.5089197224975223,0.7724651235418267,0.687440812052051
"frozenset({'Carrots, raw', 'Celery, raw'})","frozenset({'Chard, raw'})",0.04007222723800264,0.030418779081880686,0.023774799175868694,0.5932986712882726,19.50435517780785,1.0,0.02255585094819697,2.384012916774523,0.9883341502764951,0.5089197224975223,0.5805391854365617,0.687440812052051
"frozenset({'Celery, raw', 'Chard, raw', 'Potato, raw'})","frozenset({'Carrots, raw', 'Onion, raw'})",0.02354330161816793,0.05201750121536218,0.02352015186239785,0.999016715830875,19.20539611648701,1.0,0.02229548814186116,964.0982012638905,0.9707868275444943,0.45195729537366536,0.9989627612636461,0.7255875746488598
"frozenset({'Carrots, raw', 'Onion, raw'})","frozenset({'Celery, raw', 'Chard, raw', 'Potato, raw'})",0.05201750121536218,0.02354330161816793,0.02352015186239785,0.45215843346684464,19.20539611648701,1.0,0.02229548814186116,1.7823705940405985,0.9999459923278821,0.45195729537366536,0.43894945117276646,0.7255875746488598
"frozenset({'Celery, raw', 'Onion, raw'})","frozenset({'Carrots, raw', 'Potato, raw', 'Chard, raw'})",0.0519943514595921,0.023566451373938004,0.02352015186239785,0.45235975066785394,19.195072838506178,1.0,0.022294829507005932,1.7829835367594595,0.9998920353631775,0.45195729537366547,0.43914232555535426,0.7251975570628071
"frozenset({'Carrots, raw', 'Potato, raw', 'Chard, raw'})","frozenset({'Celery, raw', 'Onion, raw'})",0.023566451373938004,0.0519943514595921,0.02352015186239785,0.9980353634577603,19.195072838506178,1.0,0.022294829507005932,482.5348751070735,0.970781164564297,0.45195729537366547,0.9979276109322086,0.7251975570628071
"frozenset({'Celery, raw', 'Onion, raw'})","frozenset({'Chard, raw', 'Carrots, raw'})",0.0519943514595921,0.023844248443178926,0.02375164942009862,0.4568121104185218,19.15816770266882,1.0,0.02251188318625414,1.7970867360628036,0.999786175300172,0.456,0.443543831283916,0.7264643076364453
"frozenset({'Chard, raw', 'Carrots, raw'})","frozenset({'Celery, raw', 'Onion, raw'})",0.023844248443178926,0.0519943514595921,0.02375164942009862,0.9961165048543689,19.15816770266882,1.0,0.02251188318625414,244.11145449915097,0.970954624818397,0.456,0.9959035105417248,0.7264643076364453
"frozenset({'Fennel, raw'})","frozenset({'Lettuce, raw', 'Tomato, salad type, raw'})",0.03328934879737019,0.03196981271847582,0.02037178507766743,0.611961057023644,19.141840536024873,1.0,0.019307530831095487,2.4946727765427097,0.9803951352892899,0.4538421866941722,0.5991458240924611,0.6245902316255078
"frozenset({'Lettuce, raw', 'Tomato, salad type, raw'})","frozenset({'Fennel, raw'})",0.03196981271847582,0.03328934879737019,0.02037178507766743,0.6372194062273715,19.141840536024873,1.0,0.019307530831095487,2.6647253678858918,0.9790587443692713,0.4538421866941722,0.6247268059772448,0.6245902316255078
"frozenset({'Chard, raw', 'Celery, raw'})","frozenset({'Carrots, raw', 'Onion, raw'})",0.024122045512419844,0.05201750121536218,0.02375164942009862,0.9846449136276392,18.92910829282293,1.0,0.0224968808883393,61.73736023334961,0.9705837756927407,0.4533804684047724,0.9838023524779763,0.7206268626883189
"frozenset({'Carrots, raw', 'Onion, raw'})","frozenset({'Chard, raw', 'Celery, raw'})",0.05201750121536218,0.024122045512419844,0.02375164942009862,0.45660881174899864,18.92910829282293,1.0,0.0224968808883393,1.7959031644009766,0.9991442994951768,0.4533804684047724,0.44317710452191894,0.7206268626883189
"frozenset({'Celery, raw', 'Onion, raw'})","frozenset({'Chard, raw', 'Potato, raw'})",0.0519943514595921,0.024168345023959998,0.02352015186239785,0.45235975066785394,18.717034626052957,1.0,0.02226353443702539,1.7818844691676305,0.9984884950844843,0.4467897977132805,0.4387963881479204,0.7127699136481032
"frozenset({'Chard, raw', 'Potato, raw'})","frozenset({'Celery, raw', 'Onion, raw'})",0.024168345023959998,0.0519943514595921,0.02352015186239785,0.9731800766283524,18.717034626052953,1.0,0.02226353443702539,35.34706775272077,0.9700164249805405,0.4467897977132805,0.9717091101588469,0.7127699136481032
"frozenset({'Carrots, raw', 'Onion, raw'})","frozenset({'Chard, raw', 'Potato, raw'})",0.05201750121536218,0.024168345023959998,0.02352015186239785,0.45215843346684464,18.708704837612345,1.0,0.02226297494574072,1.7812296740301883,0.9984877851806987,0.44659340659340657,0.4385900849397976,0.7126692550475985
"frozenset({'Chard, raw', 'Potato, raw'})","frozenset({'Carrots, raw', 'Onion, raw'})",0.024168345023959998,0.05201750121536218,0.02352015186239785,0.9731800766283524,18.708704837612345,1.0,0.02226297494574072,35.346204597541345,0.9699920480902808,0.44659340659340657,0.971708419294626,0.7126692550475985
"frozenset({'Carrots, raw', 'Potato, raw', 'Chard, raw', 'Onion, raw'})","frozenset({'Celery, raw'})",0.02352015186239785,0.054216728013519455,0.02352015186239785,1.0,18.444491887275834,1.0,0.022244966186037555,inf,0.9685640454232949,0.4338172502134927,1.0,0.7169086251067464
"frozenset({'Celery, raw'})","frozenset({'Carrots, raw', 'Potato, raw', 'Chard, raw', 'Onion, raw'})",0.054216728013519455,0.02352015186239785,0.02352015186239785,0.4338172502134927,18.44449188727583,1.0,0.022244966186037555,1.7246725522913002,1.0000000000000002,0.4338172502134927,0.4201797908411902,0.7169086251067464
"frozenset({'Celery, raw'})","frozenset({'Chard, raw', 'Carrots, raw', 'Onion, raw'})",0.054216728013519455,0.023774799175868694,0.02375164942009862,0.43808710503842874,18.426532304133406,1.0,0.0224626575996045,1.7373247874848905,0.9999441279874648,0.43790012804097317,0.42440238739257785,0.7185566976019797
"frozenset({'Chard, raw', 'Carrots, raw', 'Onion, raw'})","frozenset({'Celery, raw'})",0.023774799175868694,0.054216728013519455,0.02375164942009862,0.9990262901655307,18.426532304133403,1.0,0.0224626575996045,971.3194203301273,0.9687625645939738,0.43790012804097317,0.9989704725561236,0.7185566976019797
"frozenset({'Potato, raw', 'Chard, raw', 'Carrots, raw'})","frozenset({'Celery, raw'})",0.023566451373938004,0.054216728013519455,0.02354330161816793,0.9990176817288802,18.426373525893442,1.0,0.0222656057337833,962.8073708822488,0.9685553746764007,0.43405889884763127,0.9989613706435551,0.7166309587124333
"frozenset({'Celery, raw'})","frozenset({'Potato, raw', 'Chard, raw', 'Carrots, raw'})",0.054216728013519455,0.023566451373938004,0.02354330161816793,0.43424423569598636,18.426373525893442,1.0,0.0222656057337833,1.7258923553828207,0.999943633544876,0.43405889884763127,0.4205895884055934,0.7166309587124333
"frozenset({'Chard, raw', 'Carrots, raw'})","frozenset({'Celery, raw'})",0.023844248443178926,0.054216728013519455,0.023774799175868694,0.9970873786407766,18.39077006624493,1.0,0.022482042043338077,324.71892338201025,0.9687233788200018,0.43795309168443497,0.9969204135392394,0.7178007345808495
"frozenset({'Celery, raw'})","frozenset({'Chard, raw', 'Carrots, raw'})",0.054216728013519455,0.023844248443178926,0.023774799175868694,0.4385140905209223,18.39077006624493,1.0,0.022482042043338077,1.7385222586662168,0.9998325471717787,0.43795309168443497,0.42479885142960794,0.7178007345808495
"frozenset({'Chard, raw', 'Potato, raw', 'Onion, raw'})","frozenset({'Celery, raw'})",0.023635900641248236,0.054216728013519455,0.02352015186239785,0.9951028403525953,18.354166265888583,1.0,0.022238690665976724,193.12894413963284,0.968405595823426,0.43289305496378355,0.9948221122190936,0.7144600452830441
"frozenset({'Celery, raw'})","frozenset({'Chard, raw', 'Potato, raw', 'Onion, raw'})",0.054216728013519455,0.023635900641248236,0.02352015186239785,0.4338172502134927,18.354166265888583,1.0,0.022238690665976724,1.724468115157011,0.999717890330408,0.43289305496378355,0.42011105267147775,0.7144600452830441
"frozenset({'Potato, raw', 'Celery, raw'})","frozenset({'Carrots, raw', 'Onion, raw'})",0.027640808389471493,0.05201750121536218,0.02613607426441651,0.9455611390284757,18.177750121323125,1.0,0.024698268480423585,17.41370928536704,0.971850422679539,0.48832179930795855,0.942573981016192,0.7240044235418301
"frozenset({'Carrots, raw', 'Onion, raw'})","frozenset({'Potato, raw', 'Celery, raw'})",0.05201750121536218,0.027640808389471493,0.02613607426441651,0.5024477080551847,18.177750121323125,1.0,0.024698268480423585,1.954285423567851,0.99684086211987,0.48832179930795855,0.4883040174477969,0.7240044235418301
"frozenset({'Celery, raw'})","frozenset({'Chard, raw', 'Potato, raw'})",0.054216728013519455,0.024168345023959998,0.02354330161816793,0.43424423569598636,17.96747916605318,1.0,0.022232973029466994,1.7248284799651967,0.9984781057116525,0.4292950612072605,0.42023220765685776,0.7041910833652345
"frozenset({'Chard, raw', 'Potato, raw'})","frozenset({'Celery, raw'})",0.024168345023959998,0.054216728013519455,0.02354330161816793,0.9741379310344828,17.96747916605318,1.0,0.022232973029466994,36.57028651681058,0.9677323798744945,0.4292950612072605,0.9726553960811787,0.7041910833652345
"frozenset({'Chard, raw', 'Onion, raw'})","frozenset({'Celery, raw'})",0.025348982568233903,0.054216728013519455,0.024052596245109616,0.9488584474885846,17.50121193687634,1.0,0.02267825735178823,18.493440764735695,0.9673832818771078,0.4332777314428692,0.9459267741075607,0.696248181899715
"frozenset({'Celery, raw'})","frozenset({'Chard, raw', 'Onion, raw'})",0.054216728013519455,0.025348982568233903,0.024052596245109616,0.4436379163108455,17.50121193687634,1.0,0.02267825735178823,1.7518286130661522,0.9969103153491615,0.4332777314428692,0.4291679034459074,0.696248181899715
"frozenset({'Chard, raw'})","frozenset({'Potato, raw', 'Onion, raw'})",0.030418779081880686,0.04465587888047781,0.023635900641248236,0.7770167427701675,17.400099656528216,1.0,0.02227752332687576,4.284376024406323,0.9720991335805264,0.4594959495949595,0.7665937830145131,0.6531532651124037
"frozenset({'Potato, raw', 'Onion, raw'})","frozenset({'Chard, raw'})",0.04465587888047781,0.030418779081880686,0.023635900641248236,0.5292897874546397,17.400099656528212,1.0,0.02227752332687576,2.0598261840870618,0.9865859264261215,0.4594959495949595,0.5145221437976762,0.6531532651124037
"frozenset({'Celery, raw'})","frozenset({'Potato, raw', 'Carrots, raw', 'Onion, raw'})",0.054216728013519455,0.028381600574113944,0.02613607426441651,0.48206660973526905,16.985180538935087,1.0,0.02459731674550143,1.8759524249426425,0.9950748499277892,0.4628946289462895,0.46693744110777485,0.7014737616376182
"frozenset({'Potato, raw', 'Carrots, raw', 'Onion, raw'})","frozenset({'Celery, raw'})",0.028381600574113944,0.054216728013519455,0.02613607426441651,0.9208809135399674,16.985180538935087,1.0,0.02459731674550143,11.953920530468299,0.9686160204379173,0.4628946289462895,0.9163454368421483,0.7014737616376182
"frozenset({'Vegetable oil, extra-virgin olive oil', 'Celery, raw'})","frozenset({'Carrots, raw', 'Onion, raw'})",0.024677639650901684,0.05201750121536218,0.020811630437298886,0.8433395872420262,16.212612438849046,1.0,0.019527961286765837,6.051193674876786,0.9620610211240859,0.3724109362054681,0.8347433492086399,0.6217142974038345
"frozenset({'Carrots, raw', 'Onion, raw'})","frozenset({'Vegetable oil, extra-virgin olive oil', 'Celery, raw'})",0.05201750121536218,0.024677639650901684,0.020811630437298886,0.40008900756564303,16.212612438849042,1.0,0.019527961286765837,1.6257784448845873,0.9898069079604119,0.3724109362054681,0.38491003915912464,0.6217142974038345
"frozenset({'Celery, raw'})","frozenset({'Vegetable oil, extra-virgin olive oil', 'Carrots, raw', 'Onion, raw'})",0.054216728013519455,0.023774799175868694,0.020811630437298886,0.3838599487617421,16.145665245044768,1.0,0.019522638616804765,1.584420942709713,0.9918380871387987,0.3639676113360324,0.3688545934707369,0.629612544974834
"frozenset({'Vegetable oil, extra-virgin olive oil', 'Carrots, raw', 'Onion, raw'})","frozenset({'Celery, raw'})",0.023774799175868694,0.054216728013519455,0.020811630437298886,0.875365141187926,16.145665245044764,1.0,0.019522638616804765,7.588432971329025,0.9609092968948449,0.3639676113360324,0.8682204871838168,0.629612544974834
"frozenset({""Cheese, Mozzarella, cow's milk""})","frozenset({'Yeast, beer yeast tablets', 'Tomato, sauce type, red ripe, raw', 'Wheat flour, white, 9% protein, pastry flour, Italian ""tipo 00"" flour'})",0.0602125147579693,0.020742181169988657,0.020070838252656435,0.33333333333333337,16.0703125,1.0,0.01882189936284602,1.468886728245017,0.9978569317174106,0.3296577946768061,0.3192123117656793,0.6504836309523809
"frozenset({'Yeast, beer yeast tablets', 'Tomato, sauce type, red ripe, raw'})","frozenset({""Cheese, Mozzarella, cow's milk""})",0.020742181169988657,0.0602125147579693,0.020070838252656435,0.9676339285714286,16.0703125,1.0,0.01882189936284602,29.036192647477943,0.9576369352970378,0.3296577946768061,0.9655602229899498,0.6504836309523809
"frozenset({""Cheese, Mozzarella, cow's milk""})","frozenset({'Yeast, beer yeast tablets', 'Tomato, sauce type, red ripe, raw'})",0.0602125147579693,0.020742181169988657,0.020070838252656435,0.33333333333333337,16.0703125,1.0,0.01882189936284602,1.468886728245017,0.9978569317174106,0.3296577946768061,0.3192123117656793,0.6504836309523809
"frozenset({'Yeast, beer yeast tablets', 'Tomato, sauce type, red ripe, raw', 'Wheat flour, white, 9% protein, pastry flour, Italian ""tipo 00"" flour'})","frozenset({""Cheese, Mozzarella, cow's milk""})",0.020742181169988657,0.0602125147579693,0.020070838252656435,0.9676339285714286,16.0703125,1.0,0.01882189936284602,29.036192647477943,0.9576369352970378,0.3296577946768061,0.9655602229899498,0.6504836309523809
"frozenset({'Celery, raw', 'Onion, raw'})","frozenset({'Potato, raw', 'Carrots, raw'})",0.0519943514595921,0.03183091418385536,0.02613607426441651,0.5026714158504008,15.79192520035619,1.0,0.024481046525061022,1.9467392719275391,0.9880494909349524,0.45304975922953444,0.4863205286808321,0.6618811624706549
"frozenset({'Potato, raw', 'Carrots, raw'})","frozenset({'Celery, raw', 'Onion, raw'})",0.03183091418385536,0.0519943514595921,0.02613607426441651,0.8210909090909091,15.79192520035619,1.0,0.024481046525061022,5.298812059931142,0.9674720171985375,0.45304975922953444,0.8112784547385901,0.6618811624706549
"frozenset({'Vegetable oil, mixed seeds', 'Yeast, beer yeast tablets'})","frozenset({""Cheese, Mozzarella, cow's milk""})",0.02819640252795333,0.0602125147579693,0.026575919624047966,0.942528735632184,15.653369393734508,1.0,0.024878143320711935,16.352302243211355,0.9632769346345647,0.42980157244477735,0.9388465315081154,0.6919487199883334
"frozenset({'Vegetable oil, mixed seeds', 'Yeast, beer yeast tablets', 'Wheat flour, white, 9% protein, pastry flour, Italian ""tipo 00"" flour'})","frozenset({""Cheese, Mozzarella, cow's milk""})",0.02819640252795333,0.0602125147579693,0.026575919624047966,0.942528735632184,15.653369393734508,1.0,0.024878143320711935,16.352302243211355,0.9632769346345647,0.42980157244477735,0.9388465315081154,0.6919487199883334
"frozenset({""Cheese, Mozzarella, cow's milk""})","frozenset({'Vegetable oil, mixed seeds', 'Yeast, beer yeast tablets', 'Wheat flour, white, 9% protein, pastry flour, Italian ""tipo 00"" flour'})",0.0602125147579693,0.02819640252795333,0.026575919624047966,0.4413687043444829,15.653369393734506,1.0,0.024878143320711935,1.739615386803024,0.99609327123422,0.42980157244477735,0.4251602925645829,0.6919487199883334
"frozenset({""Cheese, Mozzarella, cow's milk""})","frozenset({'Vegetable oil, mixed seeds', 'Yeast, beer yeast tablets'})",0.0602125147579693,0.02819640252795333,0.026575919624047966,0.4413687043444829,15.653369393734506,1.0,0.024878143320711935,1.739615386803024,0.99609327123422,0.42980157244477735,0.4251602925645829,0.6919487199883334
"frozenset({'Potato, raw', 'Carrots, raw'})","frozenset({'Celery, raw'})",0.03183091418385536,0.054216728013519455,0.026251823043266894,0.8247272727272726,15.211675491033304,1.0,0.02452605502653913,5.396066385814979,0.964977126120384,0.4390243902439025,0.8146798188716191,0.6544644049375048
"frozenset({'Celery, raw'})","frozenset({'Potato, raw', 'Carrots, raw'})",0.054216728013519455,0.03183091418385536,0.026251823043266894,0.484201537147737,15.211675491033304,1.0,0.02452605502653913,1.8770298004813006,0.9878172406953055,0.4390243902439025,0.4672434077798956,0.6544644049375048
"frozenset({'Celery, raw', 'Onion, raw'})","frozenset({'Chard, raw'})",0.0519943514595921,0.030418779081880686,0.024052596245109616,0.4626001780943901,15.207716813655532,1.0,0.022470991554554624,1.8042083033820182,0.9854834843463828,0.4121380404601349,0.4457402739331798,0.626657775500772
"frozenset({'Chard, raw'})","frozenset({'Celery, raw', 'Onion, raw'})",0.030418779081880686,0.0519943514595921,0.024052596245109616,0.7907153729071538,15.20771681365553,1.0,0.022470991554554624,4.529743353389441,0.963554047405122,0.4121380404601349,0.7792369408187912,0.626657775500772
"frozenset({'Carrots, raw', 'Onion, raw'})","frozenset({'Chard, raw'})",0.05201750121536218,0.030418779081880686,0.023774799175868694,0.457053849577214,15.025384429365992,1.0,0.02219249029800713,1.7857778716418147,0.9846658177914264,0.4052880820836621,0.440019939836853,0.6193184011965217
"frozenset({'Chard, raw'})","frozenset({'Carrots, raw', 'Onion, raw'})",0.030418779081880686,0.05201750121536218,0.023774799175868694,0.7815829528158295,15.025384429365992,1.0,0.02219249029800713,4.340240429975657,0.9627310660305831,0.4052880820836621,0.7695980174062365,0.6193184011965217
"frozenset({'Vegetable oil, mixed seeds', 'Wheat flour, white, 9% protein, pastry flour, Italian ""tipo 00"" flour'})","frozenset({""Cheese, Mozzarella, cow's milk""})",0.030904923953052294,0.0602125147579693,0.027548209366391185,0.8913857677902622,14.803995006242198,1.0,0.025687346176774106,8.652526157228356,0.9621869817154324,0.43335761107064824,0.884426815726573,0.6744510538297717
"frozenset({""Cheese, Mozzarella, cow's milk""})","frozenset({'Vegetable oil, mixed seeds', 'Wheat flour, white, 9% protein, pastry flour, Italian ""tipo 00"" flour'})",0.0602125147579693,0.030904923953052294,0.027548209366391185,0.4575163398692811,14.803995006242198,1.0,0.025687346176774106,1.786404176327506,0.9921931083991385,0.43335761107064824,0.4402162661443155,0.6744510538297717
"frozenset({""Cheese, Mozzarella, cow's milk""})","frozenset({'Yeast, beer yeast tablets', 'Wheat flour, white, 9% protein, pastry flour, Italian ""tipo 00"" flour'})",0.0602125147579693,0.03183091418385536,0.02833530106257379,0.4705882352941177,14.784,1.0,0.026418681672518745,1.8287638287638293,0.9920958961474037,0.44476744186046513,0.4531825355076276,0.6803850267379679
"frozenset({'Yeast, beer yeast tablets', 'Wheat flour, white, 9% protein, pastry flour, Italian ""tipo 00"" flour'})","frozenset({""Cheese, Mozzarella, cow's milk""})",0.03183091418385536,0.0602125147579693,0.02833530106257379,0.8901818181818181,14.783999999999999,1.0,0.026418681672518745,8.557667498064841,0.9630128879537085,0.44476744186046513,0.8831457286432159,0.6803850267379679
"frozenset({'Carrots, raw'})","frozenset({'Celery, raw', 'Chard, raw', 'Potato, raw', 'Onion, raw'})",0.06826862976595596,0.02352015186239785,0.02352015186239785,0.3445235673109529,14.64801627670397,1.0,0.02191446332286475,1.4897253347945105,0.9999999999999999,0.3445235673109529,0.3287353200998372,0.6722617836554765
"frozenset({'Celery, raw', 'Chard, raw', 'Potato, raw', 'Onion, raw'})","frozenset({'Carrots, raw'})",0.02352015186239785,0.06826862976595596,0.02352015186239785,1.0,14.648016276703968,1.0,0.02191446332286475,inf,0.9541736800929328,0.3445235673109529,1.0,0.6722617836554765
"frozenset({'Carrots, raw'})","frozenset({'Potato, raw', 'Chard, raw', 'Celery, raw'})",0.06826862976595596,0.02354330161816793,0.02354330161816793,0.3448626653102747,14.648016276703968,1.0,0.02193603267652899,1.4904610784306536,1.0,0.3448626653102747,0.3290666797868169,0.6724313326551373
"frozenset({'Potato, raw', 'Chard, raw', 'Celery, raw'})","frozenset({'Carrots, raw'})",0.02354330161816793,0.06826862976595596,0.02354330161816793,1.0,14.648016276703968,1.0,0.02193603267652899,inf,0.9541963015647227,0.3448626653102747,1.0,0.6724313326551373
"frozenset({'Celery, raw'})","frozenset({'Chard, raw'})",0.054216728013519455,0.030418779081880686,0.024122045512419844,0.44491887275832626,14.62645399280169,1.0,0.022472838840434183,1.7467378610694118,0.9850361667157221,0.39862280030604436,0.4275042510455655,0.6189586753441555
"frozenset({'Chard, raw'})","frozenset({'Celery, raw'})",0.030418779081880686,0.054216728013519455,0.024122045512419844,0.7929984779299848,14.626453992801688,1.0,0.022472838840434183,4.568967718346454,0.9608588828682478,0.39862280030604436,0.7811321809115543,0.6189586753441555
"frozenset({'Potato, raw', 'Onion, raw'})","frozenset({'Carrots, raw', 'Celery, raw'})",0.04465587888047781,0.04007222723800264,0.02613607426441651,0.585277345775013,14.605560661723418,1.0,0.02434661373840528,2.3146258420723664,0.9750757926776971,0.44606874753062037,0.5679647302716259,0.6187507468332026
"frozenset({'Carrots, raw', 'Celery, raw'})","frozenset({'Potato, raw', 'Onion, raw'})",0.04007222723800264,0.04465587888047781,0.02613607426441651,0.6522241478913923,14.605560661723416,1.0,0.02434661373840528,2.7470110858104535,0.9704198092949212,0.44606874753062037,0.6359679780087348,0.6187507468332026
"frozenset({'Carrots, raw'})","frozenset({'Chard, raw', 'Potato, raw', 'Onion, raw'})",0.06826862976595596,0.023635900641248236,0.02352015186239785,0.3445235673109529,14.57628260247917,1.0,0.021906561312335555,1.4895487475473146,0.999639415740519,0.34394041976980366,0.32865574111179896,0.6698132038317741
"frozenset({'Chard, raw', 'Potato, raw', 'Onion, raw'})","frozenset({'Carrots, raw'})",0.023635900641248236,0.06826862976595596,0.02352015186239785,0.9951028403525953,14.576282602479168,1.0,0.021906561312335555,190.2595458017854,0.9539426973806053,0.34394041976980366,0.9947440219317993,0.6698132038317741
"frozenset({'Yeast, beer yeast tablets'})","frozenset({""Cheese, Mozzarella, cow's milk""})",0.03240965807810728,0.0602125147579693,0.02833530106257379,0.8742857142857142,14.52,1.0,0.026383834047245015,7.475582268970695,0.9623178697035671,0.44076341375585165,0.8662311557788944,0.6724369747899159
"frozenset({""Cheese, Mozzarella, cow's milk""})","frozenset({'Yeast, beer yeast tablets'})",0.0602125147579693,0.03240965807810728,0.02833530106257379,0.4705882352941177,14.52,1.0,0.026383834047245015,1.8276706458524645,0.990787269681742,0.44076341375585165,0.45285546809579635,0.6724369747899159
"frozenset({'Carrots, raw'})","frozenset({'Chard, raw', 'Celery, raw', 'Onion, raw'})",0.06826862976595596,0.024052596245109616,0.02375164942009862,0.34791454730417093,14.464739845907864,1.0,0.022109611632131206,1.496655690937687,0.9990716185381627,0.3463875759621878,0.33184365244789293,0.6677012582526629
"frozenset({'Chard, raw', 'Celery, raw', 'Onion, raw'})","frozenset({'Carrots, raw'})",0.024052596245109616,0.06826862976595596,0.02375164942009862,0.9874879692011549,14.464739845907864,1.0,0.022109611632131206,74.46683797485898,0.9538079250183588,0.3463875759621878,0.9865712036767613,0.6677012582526629
"frozenset({'Carrots, raw'})","frozenset({'Chard, raw', 'Celery, raw'})",0.06826862976595596,0.024122045512419844,0.023774799175868694,0.34825364530349273,14.437152318785964,1.0,0.022128020181583764,1.4973278292319845,0.9989298336680642,0.3464912280701755,0.33214358240244274,0.6669291259147022
"frozenset({'Chard, raw', 'Celery, raw'})","frozenset({'Carrots, raw'})",0.024122045512419844,0.06826862976595596,0.023774799175868694,0.9856046065259116,14.437152318785964,1.0,0.022128020181583764,64.72427251892464,0.9537404328186988,0.3464912280701755,0.9845498456594068,0.6669291259147022
"frozenset({'Carrots, raw'})","frozenset({'Chard, raw', 'Potato, raw'})",0.06826862976595596,0.024168345023959998,0.023566451373938004,0.3452017633095965,14.28321893647954,1.0,0.021916511575441396,1.490278379349737,0.9981286456191651,0.34218487394957986,0.32898442743540535,0.6601487743751047
"frozenset({'Chard, raw', 'Potato, raw'})","frozenset({'Carrots, raw'})",0.024168345023959998,0.06826862976595596,0.023566451373938004,0.9750957854406129,14.283218936479539,1.0,0.021916511575441396,37.412598097089926,0.9530207038379276,0.34218487394957986,0.973271035670795,0.6601487743751047
"frozenset({'Carrots, raw', 'Onion, raw'})","frozenset({'Celery, raw'})",0.05201750121536218,0.054216728013519455,0.03970183114568141,0.7632398753894081,14.077571689665355,1.0,0.036881612430345205,3.994689872469213,0.9799389997757345,0.5967292971468336,0.7496676758584325,0.7477599889329619
"frozenset({'Celery, raw'})","frozenset({'Carrots, raw', 'Onion, raw'})",0.054216728013519455,0.05201750121536218,0.03970183114568141,0.7322801024765158,14.077571689665353,1.0,0.036881612430345205,3.5409489827011504,0.9822176487777831,0.5967292971468336,0.7175898311765092,0.7477599889329619
"frozenset({'Vegetable oil, extra-virgin olive oil', 'Carrots, raw'})","frozenset({'Celery, raw', 'Onion, raw'})",0.028566798620274555,0.0519943514595921,0.020811630437298886,0.7285251215559158,14.011620514626399,1.0,0.01932631826976094,3.4920566277578016,0.9559387783140808,0.34831460674157305,0.7136358007338256,0.564396131570478
"frozenset({'Celery, raw', 'Onion, raw'})","frozenset({'Vegetable oil, extra-virgin olive oil', 'Carrots, raw'})",0.0519943514595921,0.028566798620274555,0.020811630437298886,0.40026714158504006,14.011620514626399,1.0,0.01932631826976094,1.6197765184104405,0.9795623783153958,0.34831460674157305,0.3826308823260724,0.564396131570478
"frozenset({'Carrots, raw'})","frozenset({'Potato, raw', 'Celery, raw', 'Onion, raw'})",0.06826862976595596,0.027455610343310878,0.02613607426441651,0.3828416412343168,13.944022239796613,1.0,0.02426171736689067,1.5758425302733936,0.9963007695952057,0.37558216899534275,0.36541882784029855,0.6673904664856238
"frozenset({'Potato, raw', 'Celery, raw', 'Onion, raw'})","frozenset({'Carrots, raw'})",0.027455610343310878,0.06826862976595596,0.02613607426441651,0.9519392917369309,13.944022239796611,1.0,0.02426171736689067,19.38655096662417,0.9544908089468913,0.37558216899534275,0.9484178489654196,0.6673904664856238
"frozenset({'Potato, raw', 'Celery, raw'})","frozenset({'Carrots, raw'})",0.027640808389471493,0.06826862976595596,0.026251823043266894,0.949748743718593,13.911935056769096,1.0,0.024364822928894334,18.54145426765748,0.954502493963961,0.37686939182452645,0.9460667979132394,0.6671429374747594
"frozenset({'Carrots, raw'})","frozenset({'Potato, raw', 'Celery, raw'})",0.06826862976595596,0.027640808389471493,0.026251823043266894,0.38453713123092575,13.911935056769094,1.0,0.024364822928894334,1.5798827857076854,0.9961232422472732,0.37686939182452645,0.3670416507816656,0.6671429374747594
"frozenset({'Carrots, raw'})","frozenset({'Chard, raw', 'Onion, raw'})",0.06826862976595596,0.025348982568233903,0.023774799175868694,0.34825364530349273,13.738367777328746,1.0,0.022044258869974263,1.4954452915745466,0.9951485792952246,0.3404043752071595,0.33130285298026163,0.6430765943412441
"frozenset({'Chard, raw', 'Onion, raw'})","frozenset({'Carrots, raw'})",0.025348982568233903,0.06826862976595596,0.023774799175868694,0.9378995433789955,13.738367777328746,1.0,0.022044258869974263,15.003615447151168,0.9513263032510142,0.3404043752071595,0.9333493981152472,0.6430765943412441
"frozenset({'Celery, raw'})","frozenset({'Vegetable oil, extra-virgin olive oil', 'Carrots, raw'})",0.054216728013519455,0.028566798620274555,0.0209968284834595,0.3872758326216909,13.55685100628783,1.0,0.019448030132447093,1.585433141206493,0.9793327762408185,0.33982765080554517,0.3692575397793099,0.5611419681747029
"frozenset({'Vegetable oil, extra-virgin olive oil', 'Carrots, raw'})","frozenset({'Celery, raw'})",0.028566798620274555,0.054216728013519455,0.0209968284834595,0.7350081037277149,13.55685100628783,1.0,0.019448030132447093,3.569102622725741,0.9534742647884716,0.33982765080554517,0.7198175267831625,0.5611419681747029
"frozenset({""Cheese, Mozzarella, cow's milk""})","frozenset({'Tomato, sauce type, red ripe, raw', 'Wheat flour, white, 9% protein, pastry flour, Italian ""tipo 00"" flour'})",0.0602125147579693,0.02896034446836586,0.023265504548927007,0.3863898500576701,13.342032256547704,1.0,0.021521729380229653,1.5825025965149,0.9843171079276982,0.35300316122233927,0.36808950443287025,0.5948735821031755
"frozenset({'Tomato, sauce type, red ripe, raw', 'Wheat flour, white, 9% protein, pastry flour, Italian ""tipo 00"" flour'})","frozenset({""Cheese, Mozzarella, cow's milk""})",0.02896034446836586,0.0602125147579693,0.023265504548927007,0.803357314148681,13.342032256547702,1.0,0.021521729380229653,4.779163187145446,0.9526376129650701,0.35300316122233927,0.7907583480953929,0.5948735821031755
"frozenset({'Lettuce, raw', 'Fennel, raw', 'Red chicory, ""Radicchio"", raw'})","frozenset({'Tomato, salad type, raw'})",0.020140287519966663,0.07521355649697896,0.020070838252656435,0.9965517241379311,13.249629063584552,1.0,0.018556015599408022,268.1880686158842,0.9435291370866616,0.2666051660516605,0.9962712733450038,0.6317015315057153
"frozenset({'Tomato, salad type, raw'})","frozenset({'Lettuce, raw', 'Fennel, raw', 'Red chicory, ""Radicchio"", raw'})",0.07521355649697896,0.020140287519966663,0.020070838252656435,0.26685133887349954,13.249629063584552,1.0,0.018556015599408022,1.3365089025388868,0.999718578789104,0.2666051660516605,0.2517820134977334,0.6317015315057153
"frozenset({'Fennel, raw', 'Red chicory, ""Radicchio"", raw'})","frozenset({'Tomato, salad type, raw'})",0.02023288654304697,0.07521355649697896,0.02009398800842651,0.9931350114416475,13.204202243534887,1.0,0.01857220065332408,134.710558603605,0.9433532942998931,0.2666666666666666,0.9925766769111056,0.6301470686632675
"frozenset({'Tomato, salad type, raw'})","frozenset({'Fennel, raw', 'Red chicory, ""Radicchio"", raw'})",0.07521355649697896,0.02023288654304697,0.02009398800842651,0.2671591258848876,13.204202243534885,1.0,0.01857220065332408,1.3369438688037127,0.9994378060141778,0.2666666666666666,0.2520254415057886,0.6301470686632675
"frozenset({'Vegetable oil, extra-virgin olive oil', 'Celery, raw', 'Onion, raw'})","frozenset({'Carrots, raw'})",0.02393684746625923,0.06826862976595596,0.020811630437298886,0.8694390715667312,12.735557671911865,1.0,0.019177494659860673,7.136372124607421,0.9440779345227195,0.2915045395590143,0.8598727781372512,0.5871440864785165
"frozenset({'Carrots, raw'})","frozenset({'Vegetable oil, extra-virgin olive oil', 'Celery, raw', 'Onion, raw'})",0.06826862976595596,0.02393684746625923,0.020811630437298886,0.3048491013903018,12.735557671911865,1.0,0.019177494659860673,1.404102554547318,0.9889971664003534,0.2915045395590143,0.28780130998166326,0.5871440864785165
"frozenset({""Cheese, Mozzarella, cow's milk""})","frozenset({'Vegetable oil, mixed seeds'})",0.0602125147579693,0.037548903859064287,0.02872884691066509,0.477124183006536,12.70674064940403,1.0,0.02646793298290561,1.8406877213695398,0.9803297308460108,0.41616364855801474,0.45672479454800563,0.6211144959422322
"frozenset({'Vegetable oil, mixed seeds'})","frozenset({""Cheese, Mozzarella, cow's milk""})",0.037548903859064287,0.0602125147579693,0.02872884691066509,0.7651048088779284,12.706740649404027,1.0,0.02646793298290561,4.0008800552823445,0.9572451173403405,0.41616364855801474,0.7500549913562882,0.6211144959422322
"frozenset({'Celery, raw'})","frozenset({'Carrots, raw', 'Vegetable oil, olive oil', 'Onion, raw'})",0.054216728013519455,0.036877560941732064,0.025163784522073292,0.46413321947053804,12.585789505002406,1.0,0.023164403830693417,1.797316934083238,0.9733152800922599,0.3816713483146068,0.44361510146785965,0.5732467729493306
"frozenset({'Carrots, raw', 'Vegetable oil, olive oil', 'Onion, raw'})","frozenset({'Celery, raw'})",0.036877560941732064,0.054216728013519455,0.025163784522073292,0.682360326428123,12.585789505002404,1.0,0.023164403830693417,2.9775350835463708,0.9557926105222881,0.3816713483146068,0.6641517322412344,0.5732467729493306
"frozenset({'Cucumber, raw'})","frozenset({'Tomato, salad type, raw'})",0.02203856749311295,0.07521355649697896,0.020811630437298886,0.944327731092437,12.55528624192059,1.0,0.01915403139604315,16.61125838141275,0.9410926068088173,0.27225923682616593,0.9397998648242716,0.6105141271651782
"frozenset({'Tomato, salad type, raw'})","frozenset({'Cucumber, raw'})",0.07521355649697896,0.02203856749311295,0.020811630437298886,0.2767005232379193,12.555286241920589,1.0,0.01915403139604315,1.3520836996659047,0.9952051961209194,0.27225923682616593,0.26040081671933724,0.6105141271651782
"frozenset({'Vegetable oil, extra-virgin olive oil', 'Celery, raw'})","frozenset({'Carrots, raw'})",0.024677639650901684,0.06826862976595596,0.0209968284834595,0.850844277673546,12.463180828302534,1.0,0.019312119838634418,6.2467021425754155,0.9430355527047377,0.2918275418275419,0.8399155302788751,0.5792030815292111
"frozenset({'Carrots, raw'})","frozenset({'Vegetable oil, extra-virgin olive oil', 'Celery, raw'})",0.06826862976595596,0.024677639650901684,0.0209968284834595,0.3075618853848763,12.463180828302532,1.0,0.019312119838634418,1.4085336144316802,0.98715540824397,0.2918275418275419,0.290041792574838,0.5792030815292111
"frozenset({'Carrots, raw', 'Onion, raw'})","frozenset({'Celery, raw', 'Vegetable oil, olive oil'})",0.05201750121536218,0.03916938676296965,0.025163784522073292,0.48375611927013795,12.35036234285588,1.0,0.023126290898525526,1.861195162020351,0.9694595805911352,0.38113604488078545,0.46271083204703406,0.5630955537249035
"frozenset({'Celery, raw', 'Vegetable oil, olive oil'})","frozenset({'Carrots, raw', 'Onion, raw'})",0.03916938676296965,0.05201750121536218,0.025163784522073292,0.642434988179669,12.35036234285588,1.0,0.023126290898525526,2.6512171701547227,0.9564960805976868,0.38113604488078545,0.6228147541977329,0.5630955537249035
"frozenset({'Lettuce, raw', 'Red chicory, ""Radicchio"", raw'})","frozenset({'Tomato, salad type, raw'})",0.022108016760423177,0.07521355649697896,0.020186587031506817,0.9130890052356021,12.13995252667353,1.0,0.01852376446386057,10.640615102956449,0.9383729192086314,0.2617046818727491,0.9060204705908257,0.5907396395830211
"frozenset({'Tomato, salad type, raw'})","frozenset({'Lettuce, raw', 'Red chicory, ""Radicchio"", raw'})",0.07521355649697896,0.022108016760423177,0.020186587031506817,0.2683902739304401,12.13995252667353,1.0,0.01852376446386057,1.336630649367011,0.9922586575851359,0.2617046818727491,0.25185016483531136,0.5907396395830211
frozenset({'Butter'}),"frozenset({'Wheat flour, white, 9% protein, pastry flour, Italian ""tipo 00"" flour', 'Egg, chicken, whole, raw, fresh'})",0.05234159779614325,0.036044169734009306,0.022895108456605782,0.43741707209199465,12.135584626305647,1.0,0.021008499021492346,1.7134466448360102,0.9682789757095492,0.34959349593495925,0.4163810101622933,0.5363064808115721
"frozenset({'Wheat flour, white, 9% protein, pastry flour, Italian ""tipo 00"" flour', 'Egg, chicken, whole, raw, fresh'})",frozenset({'Butter'}),0.036044169734009306,0.05234159779614325,0.022895108456605782,0.6351958895311496,12.135584626305647,1.0,0.021008499021492346,2.5977185426609237,0.9519084570039891,0.34959349593495925,0.6150468252901375,0.5363064808115721
"frozenset({'Wheat flour, white, 9% protein, pastry flour, Italian ""tipo 00"" flour'})","frozenset({'Vegetable oil, mixed seeds', 'Yeast, beer yeast tablets'})",0.08285297590110424,0.02819640252795333,0.02819640252795333,0.3403185247275775,12.069572506286672,1.0,0.02586024666880698,1.4731406502975244,1.0000000000000002,0.3403185247275775,0.3211781917782026,0.6701592623637888
"frozenset({'Yeast, beer yeast tablets', ""Cheese, Mozzarella, cow's milk""})","frozenset({'Wheat flour, white, 9% protein, pastry flour, Italian ""tipo 00"" flour'})",0.02833530106257379,0.08285297590110424,0.02833530106257379,1.0,12.069572506286672,1.0,0.02598763704648583,inf,0.9438925023229219,0.34199497066219614,1.0,0.670997485331098
"frozenset({'Vegetable oil, mixed seeds', 'Yeast, beer yeast tablets'})","frozenset({'Wheat flour, white, 9% protein, pastry flour, Italian ""tipo 00"" flour'})",0.02819640252795333,0.08285297590110424,0.02819640252795333,1.0,12.069572506286672,1.0,0.02586024666880698,inf,0.9437575930822554,0.3403185247275775,1.0,0.6701592623637888
"frozenset({'Wheat flour, white, 9% protein, pastry flour, Italian ""tipo 00"" flour'})","frozenset({'Yeast, beer yeast tablets', 'Tomato, sauce type, red ripe, raw'})",0.08285297590110424,0.020742181169988657,0.020742181169988657,0.2503492595697122,12.069572506286672,1.0,0.01902362973337525,1.3062854020099184,1.0000000000000002,0.2503492595697122,0.23447050815897633,0.6251746297848562
"frozenset({'Wheat flour, white, 9% protein, pastry flour, Italian ""tipo 00"" flour'})","frozenset({'Yeast, beer yeast tablets', 'Tomato, sauce type, red ripe, raw', ""Cheese, Mozzarella, cow's milk""})",0.08285297590110424,0.020070838252656435,0.020070838252656435,0.24224643755238895,12.069572506286672,1.0,0.01840790957459413,1.2932029756245365,1.0,0.24224643755238895,0.22672618386370294,0.6211232187761945
"frozenset({'Wheat flour, white, 9% protein, pastry flour, Italian ""tipo 00"" flour'})","frozenset({'Vegetable oil, mixed seeds', 'Yeast, beer yeast tablets', ""Cheese, Mozzarella, cow's milk""})",0.08285297590110424,0.026575919624047966,0.026575919624047966,0.3207599888236938,12.069572506286672,1.0,0.024374025595887035,1.4331076855884544,1.0,0.3207599888236938,0.3022157301533235,0.6603799944118469
"frozenset({'Yeast, beer yeast tablets', 'Tomato, sauce type, red ripe, raw'})","frozenset({'Wheat flour, white, 9% protein, pastry flour, Italian ""tipo 00"" flour'})",0.020742181169988657,0.08285297590110424,0.020742181169988657,1.0,12.069572506286672,1.0,0.01902362973337525,inf,0.936573603460911,0.2503492595697122,1.0,0.6251746297848562
"frozenset({'Wheat flour, white, 9% protein, pastry flour, Italian ""tipo 00"" flour'})","frozenset({'Yeast, beer yeast tablets', ""Cheese, Mozzarella, cow's milk""})",0.08285297590110424,0.02833530106257379,0.02833530106257379,0.34199497066219614,12.069572506286672,1.0,0.02598763704648583,1.476682784499808,1.0,0.34199497066219614,0.3228064886401945,0.670997485331098
"frozenset({'Vegetable oil, mixed seeds', 'Yeast, beer yeast tablets', ""Cheese, Mozzarella, cow's milk""})","frozenset({'Wheat flour, white, 9% protein, pastry flour, Italian ""tipo 00"" flour'})",0.026575919624047966,0.08285297590110424,0.026575919624047966,1.0,12.069572506286672,1.0,0.024374025595887035,inf,0.9421864967062236,0.3207599888236938,1.0,0.6603799944118469
"frozenset({'Yeast, beer yeast tablets', 'Tomato, sauce type, red ripe, raw', ""Cheese, Mozzarella, cow's milk""})","frozenset({'Wheat flour, white, 9% protein, pastry flour, Italian ""tipo 00"" flour'})",0.020070838252656435,0.08285297590110424,0.020070838252656435,1.0,12.069572506286672,1.0,0.01840790957459413,inf,0.9359319631467045,0.24224643755238895,1.0,0.6211232187761945
"frozenset({'Yeast, beer yeast tablets'})","frozenset({'Wheat flour, white, 9% protein, pastry flour, Italian ""tipo 00"" flour'})",0.03240965807810728,0.08285297590110424,0.03183091418385536,0.9821428571428572,11.854044425817268,1.0,0.02914567756414691,51.36023334953834,0.9463101962515795,0.38152053274139847,0.9805296834772074,0.6831641919131441
"frozenset({'Wheat flour, white, 9% protein, pastry flour, Italian ""tipo 00"" flour'})","frozenset({'Yeast, beer yeast tablets'})",0.08285297590110424,0.03240965807810728,0.03183091418385536,0.38418552668343114,11.854044425817268,1.0,0.02914567756414691,1.57123676666899,0.9983574959040656,0.38152053274139847,0.36355868115281414,0.6831641919131441
"frozenset({'Potato, raw'})","frozenset({'Chard, raw', 'Carrots, raw', 'Celery, raw'})",0.08421881149153876,0.023774799175868694,0.02354330161816793,0.2795492028587136,11.758215107972593,1.0,0.02154101628812625,1.3550199468135025,0.9990957335101301,0.2787828947368421,0.26200348389584655,0.6349060522570102
"frozenset({'Chard, raw', 'Carrots, raw', 'Celery, raw'})","frozenset({'Potato, raw'})",0.023774799175868694,0.08421881149153876,0.02354330161816793,0.9902629016553068,11.758215107972593,1.0,0.02154101628812625,94.05072805982012,0.9372356680561355,0.2787828947368421,0.9893674400971786,0.6349060522570102
"frozenset({'Carrots, raw', 'Celery, raw', 'Chard, raw', 'Onion, raw'})","frozenset({'Potato, raw'})",0.02375164942009862,0.08421881149153876,0.02352015186239785,0.9902534113060428,11.75810242116194,1.0,0.02151981617727345,93.95914994096759,0.9372126085078806,0.27850877192982454,0.9893570769783647,0.634763868929547
"frozenset({'Potato, raw'})","frozenset({'Carrots, raw', 'Celery, raw', 'Chard, raw', 'Onion, raw'})",0.08421881149153876,0.02375164942009862,0.02352015186239785,0.2792743265530511,11.758102421161938,1.0,0.02151981617727345,1.354535278188284,0.9990948434840574,0.27850877192982454,0.26173942007806666,0.634763868929547
"frozenset({'Chard, raw', 'Carrots, raw', 'Onion, raw'})","frozenset({'Potato, raw'})",0.023774799175868694,0.08421881149153876,0.02352015186239785,0.9892891918208374,11.746653441199758,1.0,0.021517866532356173,85.50066187256286,0.9371499218573489,0.2784324472458208,0.9883041841068964,0.6342817591869443
"frozenset({'Potato, raw'})","frozenset({'Chard, raw', 'Carrots, raw', 'Onion, raw'})",0.08421881149153876,0.023774799175868694,0.02352015186239785,0.2792743265530511,11.746653441199756,1.0,0.021517866532356173,1.3545031581228792,0.9990043278324631,0.2784324472458208,0.2617219133059556,0.6342817591869443
"frozenset({'Chard, raw', 'Carrots, raw'})","frozenset({'Potato, raw'})",0.023844248443178926,0.08421881149153876,0.023566451373938004,0.9883495145631067,11.73549587151801,1.0,0.021558317109144503,78.60455201364236,0.9371336806876466,0.2789041095890411,0.9872780904619055,0.6340867968637414
"frozenset({'Potato, raw'})","frozenset({'Chard, raw', 'Carrots, raw'})",0.08421881149153876,0.023844248443178926,0.023566451373938004,0.279824079164376,11.73549587151801,1.0,0.021558317109144503,1.3554406962456929,0.9989159461451501,0.2789041095890411,0.26223256925234306,0.6340867968637414
"frozenset({'Tomato, salad type, raw'})","frozenset({'Lettuce, raw', 'Fennel, raw'})",0.07521355649697896,0.023149755770076625,0.02037178507766743,0.2708525700215451,11.700018467220685,1.0,0.018630609614163508,1.3397156789797473,0.9889094459160546,0.2612051053725141,0.2535729664957386,0.5754262850107725
"frozenset({'Lettuce, raw', 'Fennel, raw'})","frozenset({'Tomato, salad type, raw'})",0.023149755770076625,0.07521355649697896,0.02037178507766743,0.88,11.700018467220684,1.0,0.018630609614163508,7.706553695858509,0.9362029183461986,0.2612051053725141,0.870240312406128,0.5754262850107725
"frozenset({'Potato, raw'})","frozenset({'Chard, raw', 'Celery, raw', 'Onion, raw'})",0.08421881149153876,0.024052596245109616,0.02352015186239785,0.2792743265530511,11.610984681532386,1.0,0.02149447079334887,1.354117717338021,0.997918140013332,0.2775198033324229,0.2615117672591714,0.6285688283390857
"frozenset({'Chard, raw', 'Celery, raw', 'Onion, raw'})","frozenset({'Potato, raw'})",0.024052596245109616,0.08421881149153876,0.02352015186239785,0.9778633301251202,11.610984681532386,1.0,0.02149447079334887,41.36941977653414,0.9363974500874662,0.2775198033324229,0.9758275555857028,0.6285688283390857
"frozenset({'Chard, raw', 'Celery, raw'})","frozenset({'Potato, raw'})",0.024122045512419844,0.08421881149153876,0.02354330161816793,0.9760076775431862,11.588950974940357,1.0,0.021511771614367126,38.169759937032666,0.9362962947412666,0.27764127764127766,0.973801249951541,0.6277784402009499
"frozenset({'Potato, raw'})","frozenset({'Chard, raw', 'Celery, raw'})",0.08421881149153876,0.024122045512419844,0.02354330161816793,0.2795492028587136,11.588950974940357,1.0,0.021511771614367126,1.354537962009087,0.9977393337753254,0.27764127764127766,0.2617408828344882,0.6277784402009499
"frozenset({'Wheat flour, white, 9% protein, pastry flour, Italian ""tipo 00"" flour'})","frozenset({'Vegetable oil, mixed seeds', ""Cheese, Mozzarella, cow's milk""})",0.08285297590110424,0.02872884691066509,0.027548209366391185,0.332495110366024,11.573562677261194,1.0,0.02516793890563534,1.4550772109278902,0.9961283832024405,0.32782369146005513,0.31275124612644534,0.6456996099775326
"frozenset({'Vegetable oil, mixed seeds', ""Cheese, Mozzarella, cow's milk""})","frozenset({'Wheat flour, white, 9% protein, pastry flour, Italian ""tipo 00"" flour'})",0.02872884691066509,0.08285297590110424,0.027548209366391185,0.9589041095890412,11.573562677261194,1.0,0.02516793890563534,22.31724425307316,0.9406190839382755,0.32782369146005513,0.9551916003311074,0.6456996099775326
"frozenset({'Celery, raw', 'Pasta, unenriched, dry, raw'})","frozenset({'Tomato, peeled tomato, canned', 'Onion, raw'})",0.02599717572979605,0.0815102900664398,0.02442299233743084,0.9394479073909172,11.52551299504841,1.0,0.022303955002786955,15.16858741552042,0.937611209498408,0.293953747561995,0.9340742830821013,0.6195393470496193
"frozenset({'Tomato, peeled tomato, canned', 'Onion, raw'})","frozenset({'Celery, raw', 'Pasta, unenriched, dry, raw'})",0.0815102900664398,0.02599717572979605,0.02442299233743084,0.2996307867083215,11.525512995048409,1.0,0.022303955002786955,1.3906990852617145,0.9942800188636964,0.293953747561995,0.28093718432854886,0.6195393470496193
"frozenset({'Carrots, raw'})","frozenset({'Chard, raw'})",0.06826862976595596,0.030418779081880686,0.023844248443178926,0.3492709393014582,11.482082773976476,1.0,0.021767600076105606,1.4899921941050203,0.9797971991130716,0.3185895453139499,0.32885554437373377,0.5665684985700594
"frozenset({'Chard, raw'})","frozenset({'Carrots, raw'})",0.030418779081880686,0.06826862976595596,0.023844248443178926,0.7838660578386606,11.482082773976474,1.0,0.021767600076105606,4.310897959463148,0.9415485440370297,0.3185895453139499,0.7680297679501248,0.5665684985700594
"frozenset({'Celery, raw'})","frozenset({'Potato, raw', 'Onion, raw'})",0.054216728013519455,0.04465587888047781,0.027455610343310878,0.5064047822374039,11.340159345935271,1.0,0.025034514703843345,1.9354809097421461,0.9640874866342388,0.3844408427876823,0.48333254284940236,0.5606155585629736
"frozenset({'Potato, raw', 'Onion, raw'})","frozenset({'Celery, raw'})",0.04465587888047781,0.054216728013519455,0.027455610343310878,0.6148263348885433,11.340159345935271,1.0,0.025034514703843345,2.455472317176206,0.954439136048314,0.3844408427876823,0.5927463759192365,0.5606155585629736
"frozenset({'Tomato, salad type, raw', 'Fennel, raw', 'Red chicory, ""Radicchio"", raw'})","frozenset({'Lettuce, raw'})",0.02009398800842651,0.08840891728592264,0.020070838252656435,0.9988479262672811,11.298045004181132,1.0,0.018294350528875132,791.2610597958417,0.9301801402279605,0.22696335078534033,0.9987361946002271,0.61293535354998
"frozenset({'Lettuce, raw'})","frozenset({'Tomato, salad type, raw', 'Fennel, raw', 'Red chicory, ""Radicchio"", raw'})",0.08840891728592264,0.02009398800842651,0.020070838252656435,0.2270227808326787,11.298045004181132,1.0,0.018294350528875132,1.2677036110419442,0.9998881394613575,0.22696335078534033,0.21117208210988264,0.61293535354998
"frozenset({'Fennel, raw', 'Red chicory, ""Radicchio"", raw'})","frozenset({'Lettuce, raw'})",0.02023288654304697,0.08840891728592264,0.020140287519966663,0.9954233409610984,11.259309258836494,1.0,0.018351519927126966,199.18265157302656,0.9300012139808224,0.2275699712267852,0.9949794824393461,0.6116158338741077
"frozenset({'Lettuce, raw'})","frozenset({'Fennel, raw', 'Red chicory, ""Radicchio"", raw'})",0.08840891728592264,0.02023288654304697,0.020140287519966663,0.22780832678711702,11.259309258836492,1.0,0.018351519927126966,1.268813362594813,0.9995541007494119,0.2275699712267852,0.2118620204669587,0.6116158338741077
"frozenset({'Carrots, raw'})","frozenset({'Celery, raw', 'Onion, raw'})",0.06826862976595596,0.0519943514595921,0.03970183114568141,0.5815530688368938,11.184927833725425,1.0,0.036152248015965525,2.2655337581407315,0.9773138465710842,0.49281609195402293,0.5586029135930088,0.6725663830382154
"frozenset({'Celery, raw', 'Onion, raw'})","frozenset({'Carrots, raw'})",0.0519943514595921,0.06826862976595596,0.03970183114568141,0.7635796972395369,11.184927833725425,1.0,0.036152248015965525,3.940995588598234,0.9605364385922933,0.49281609195402293,0.7462570110727558,0.6725663830382154
"frozenset({'Tomato, salad type, raw', 'Red chicory, ""Radicchio"", raw'})","frozenset({'Lettuce, raw'})",0.02051068361228789,0.08840891728592264,0.020186587031506817,0.9841986455981941,11.132345874287822,1.0,0.01837325970055033,57.69069280604809,0.9292308331123471,0.22749804330811374,0.9826661814694803,0.606265334844135
"frozenset({'Lettuce, raw'})","frozenset({'Tomato, salad type, raw', 'Red chicory, ""Radicchio"", raw'})",0.08840891728592264,0.02051068361228789,0.020186587031506817,0.2283320240900759,11.132345874287822,1.0,0.01837325970055033,1.2693144551356201,0.9984429320894032,0.22749804330811374,0.21217315697144973,0.606265334844135
"frozenset({'Potato, raw'})","frozenset({'Chard, raw', 'Onion, raw'})",0.08421881149153876,0.025348982568233903,0.023635900641248236,0.28064870808136344,11.071399308667267,1.0,0.021501039456831843,1.3549027135715572,0.9933346437321618,0.2750538793103449,0.26193962859224396,0.6065343997027822
"frozenset({'Chard, raw', 'Onion, raw'})","frozenset({'Potato, raw'})",0.025348982568233903,0.08421881149153876,0.023635900641248236,0.932420091324201,11.071399308667266,1.0,0.021501039456831843,13.551086505631979,0.9333363063845087,0.2750538793103449,0.926205179224235,0.6065343997027822
"frozenset({'Lettuce, raw'})","frozenset({'Tomato, salad type, raw', 'Fennel, raw'})",0.08840891728592264,0.020881079704609118,0.02037178507766743,0.2304268133019115,11.035196290690322,1.0,0.018525711429221887,1.2722882465491998,0.9975754228249277,0.22910700338453527,0.21401458929430597,0.6030182846997363
"frozenset({'Tomato, salad type, raw', 'Fennel, raw'})","frozenset({'Lettuce, raw'})",0.020881079704609118,0.08840891728592264,0.02037178507766743,0.975609756097561,11.035196290690322,1.0,0.018525711429221887,37.37523439127714,0.9287746778579028,0.22910700338453527,0.9732443149511488,0.6030182846997363
"frozenset({'Carrots, raw'})","frozenset({'Celery, raw'})",0.06826862976595596,0.054216728013519455,0.04007222723800264,0.5869786368260428,10.826522704942175,1.0,0.036370925506126146,2.2899136856224396,0.9741372554288196,0.48623595505617984,0.5633023173411962,0.6630452535112281
"frozenset({'Celery, raw'})","frozenset({'Carrots, raw'})",0.054216728013519455,0.06826862976595596,0.04007222723800264,0.7391118701964133,10.826522704942173,1.0,0.036370925506126146,3.5713827644650267,0.9596640865622111,0.48623595505617984,0.7199964086879961,0.6630452535112281
"frozenset({'Sugar', 'Pasta, unenriched, dry, raw'})","frozenset({'Coffee, brewed, espresso, homemade, without sugar', 'Vegetable oil, olive oil'})",0.032988401972359194,0.05796698844827187,0.020603282635368196,0.6245614035087719,10.77443248696822,1.0,0.018691044319309503,2.5091533485256305,0.93813527044082,0.29285949325436006,0.6014591931626673,0.4899963567064626
"frozenset({'Coffee, brewed, espresso, homemade, without sugar', 'Vegetable oil, olive oil'})","frozenset({'Sugar', 'Pasta, unenriched, dry, raw'})",0.05796698844827187,0.032988401972359194,0.020603282635368196,0.35543130990415334,10.774432486968218,1.0,0.018691044319309503,1.5002459984270213,0.9630105059065178,0.29285949325436006,0.3334426480400678,0.4899963567064626
"frozenset({'Carrots, raw', 'Celery, raw'})","frozenset({'Vegetable oil, extra-virgin olive oil', 'Onion, raw'})",0.04007222723800264,0.04984142417297498,0.020811630437298886,0.5193529751588677,10.420107045024434,1.0,0.018814373561973755,1.976832325428582,0.9417705391076663,0.3011725293132328,0.4941402024153983,0.4684549362556995
"frozenset({'Vegetable oil, extra-virgin olive oil', 'Onion, raw'})","frozenset({'Carrots, raw', 'Celery, raw'})",0.04984142417297498,0.04007222723800264,0.020811630437298886,0.4175568973525313,10.420107045024434,1.0,0.018814373561973755,1.6481056577006221,0.9514534931936091,0.3011725293132328,0.39324278432781784,0.4684549362556995
"frozenset({'Red chicory, ""Radicchio"", raw'})","frozenset({'Tomato, salad type, raw'})",0.026992615227909345,0.07521355649697896,0.02051068361228789,0.7598627787307032,10.102736981480513,1.0,0.018480473021842313,3.8510749754447224,0.9260124191898992,0.25106262397279683,0.7403322432369627,0.5162810354102885
"frozenset({'Tomato, salad type, raw'})","frozenset({'Red chicory, ""Radicchio"", raw'})",0.07521355649697896,0.026992615227909345,0.02051068361228789,0.27269929208987376,10.102736981480511,1.0,0.018480473021842313,1.3378336830827433,0.9742972862463866,0.25106262397279683,0.2525229311795169,0.5162810354102885
"frozenset({'Sugar', 'Onion, raw'})","frozenset({'Coffee, brewed, espresso, homemade, without sugar', 'Vegetable oil, olive oil'})",0.03666921313980138,0.05796698844827187,0.021320925064240572,0.5814393939393939,10.030526158146966,1.0,0.019195321209758486,2.2506490049742642,0.9345744419789889,0.29081149352699714,0.5556837171012213,0.474625447768419
"frozenset({'Coffee, brewed, espresso, homemade, without sugar', 'Vegetable oil, olive oil'})","frozenset({'Sugar', 'Onion, raw'})",0.05796698844827187,0.03666921313980138,0.021320925064240572,0.3678115015974441,10.030526158146964,1.0,0.019195321209758486,1.523803089259594,0.9557035916268563,0.29081149352699714,0.34374722885888526,0.474625447768419
"frozenset({'Vegetable oil, mixed seeds'})","frozenset({'Wheat flour, white, 9% protein, pastry flour, Italian ""tipo 00"" flour'})",0.037548903859064287,0.08285297590110424,0.030904923953052294,0.8230579531442663,9.933957642350622,1.0,0.027793885526504362,5.1833187215624,0.9344216962711224,0.3453181583031557,0.807073411125571,0.5980335867984534
"frozenset({'Wheat flour, white, 9% protein, pastry flour, Italian ""tipo 00"" flour'})","frozenset({'Vegetable oil, mixed seeds'})",0.08285297590110424,0.037548903859064287,0.030904923953052294,0.3730092204526404,9.933957642350622,1.0,0.027793885526504362,1.535032296385209,0.9805790807832782,0.3453181583031557,0.34854790850012524,0.5980335867984534
"frozenset({'Wheat flour, white, 9% protein, pastry flour, Italian ""tipo 00"" flour'})","frozenset({'Tomato, sauce type, red ripe, raw', ""Cheese, Mozzarella, cow's milk""})",0.08285297590110424,0.02831215130680371,0.023265504548927007,0.2808046940486169,9.918168739834918,1.0,0.02091975855899598,1.3510764609452017,0.9804043541191514,0.26468264419278376,0.2598494393867181,0.5512772448166224
"frozenset({'Tomato, sauce type, red ripe, raw', ""Cheese, Mozzarella, cow's milk""})","frozenset({'Wheat flour, white, 9% protein, pastry flour, Italian ""tipo 00"" flour'})",0.02831215130680371,0.08285297590110424,0.023265504548927007,0.8217497955846279,9.918168739834918,1.0,0.02091975855899598,5.14527894712362,0.9253742722040439,0.26468264419278376,0.8056470775876918,0.5512772448166224
"frozenset({'Carrots, raw'})","frozenset({'Celery, raw', 'Vegetable oil, olive oil', 'Onion, raw'})",0.06826862976595596,0.03717850776674306,0.025163784522073292,0.368599525262801,9.914317367856299,1.0,0.02262565874009479,1.5248982709967103,0.9650160952417001,0.3134371395617071,0.3442185495125679,0.5227181935155848
"frozenset({'Celery, raw', 'Vegetable oil, olive oil', 'Onion, raw'})","frozenset({'Carrots, raw'})",0.03717850776674306,0.06826862976595596,0.025163784522073292,0.6768368617683687,9.914317367856299,1.0,0.02262565874009479,2.883161041610549,0.9338551081072335,0.3134371395617071,0.6531584654593575,0.5227181935155848
"frozenset({'Yeast, beer yeast tablets', 'Wheat flour, white, 9% protein, pastry flour, Italian ""tipo 00"" flour', ""Cheese, Mozzarella, cow's milk""})","frozenset({'Tomato, sauce type, red ripe, raw'})",0.02833530106257379,0.07218093849109893,0.020070838252656435,0.7083333333333334,9.813301796023092,1.0,0.018025569629532025,3.1810939251733754,0.9242874621079938,0.2494964028776978,0.685642730607051,0.4931980970707719
"frozenset({'Yeast, beer yeast tablets', ""Cheese, Mozzarella, cow's milk""})","frozenset({'Tomato, sauce type, red ripe, raw'})",0.02833530106257379,0.07218093849109893,0.020070838252656435,0.7083333333333334,9.813301796023092,1.0,0.018025569629532025,3.1810939251733754,0.9242874621079938,0.2494964028776978,0.685642730607051,0.4931980970707719
"frozenset({'Tomato, sauce type, red ripe, raw'})","frozenset({'Yeast, beer yeast tablets', 'Wheat flour, white, 9% protein, pastry flour, Italian ""tipo 00"" flour', ""Cheese, Mozzarella, cow's milk""})",0.07218093849109893,0.02833530106257379,0.020070838252656435,0.27806286080821035,9.81330179602309,1.0,0.018025569629532025,1.3459131636103485,0.9679662079158369,0.2494964028776978,0.25701001592290906,0.4931980970707719
"frozenset({'Tomato, sauce type, red ripe, raw'})","frozenset({'Yeast, beer yeast tablets', ""Cheese, Mozzarella, cow's milk""})",0.07218093849109893,0.02833530106257379,0.020070838252656435,0.27806286080821035,9.81330179602309,1.0,0.018025569629532025,1.3459131636103485,0.9679662079158369,0.2494964028776978,0.25701001592290906,0.4931980970707719
"frozenset({'Sugar', 'Vegetable oil, olive oil'})","frozenset({'Coffee, brewed, espresso, homemade, without sugar', 'Pasta, unenriched, dry, raw'})",0.07238928629302961,0.029052943491446166,0.020603282635368196,0.2846178445794691,9.79652353171261,1.0,0.01850016079131069,1.3572424880206742,0.9679954742122634,0.25486827033218784,0.2632119839850109,0.4968905955965074
"frozenset({'Coffee, brewed, espresso, homemade, without sugar', 'Pasta, unenriched, dry, raw'})","frozenset({'Sugar', 'Vegetable oil, olive oil'})",0.029052943491446166,0.07238928629302961,0.020603282635368196,0.7091633466135457,9.79652353171261,1.0,0.01850016079131069,3.189456015622596,0.9247908695743025,0.25486827033218784,0.6864669099991348,0.4968905955965074
"frozenset({'Tomato, peeled tomato, canned'})","frozenset({'Onion, raw', 'Celery, raw', 'Pasta, unenriched, dry, raw'})",0.09803921568627451,0.02558048012593467,0.02442299233743084,0.24911452184179458,9.73846153846154,1.0,0.021915102129005874,1.2976939203354299,0.9948485472903359,0.24620770128354727,0.22940226171243944,0.6019328265317571
"frozenset({'Onion, raw', 'Celery, raw', 'Pasta, unenriched, dry, raw'})","frozenset({'Tomato, peeled tomato, canned'})",0.02558048012593467,0.09803921568627451,0.02442299233743084,0.9547511312217195,9.73846153846154,1.0,0.021915102129005874,19.933333333333355,0.9208706903812143,0.24620770128354727,0.9498327759197325,0.6019328265317571
"frozenset({'Celery, raw', 'Onion, raw'})","frozenset({'Carrots, raw', 'Vegetable oil, olive oil'})",0.0519943514595921,0.04979512466143482,0.025163784522073292,0.4839715048975957,9.719254810349346,1.0,0.02257471930945245,1.8413806298623099,0.9463144601856276,0.3283987915407855,0.45692922811142234,0.4946589277161154
"frozenset({'Carrots, raw', 'Vegetable oil, olive oil'})","frozenset({'Celery, raw', 'Onion, raw'})",0.04979512466143482,0.0519943514595921,0.025163784522073292,0.5053463505346351,9.719254810349346,1.0,0.02257471930945245,1.9165039003857307,0.9441242376616878,0.3283987915407855,0.47821655891296017,0.4946589277161154
"frozenset({'Pasta, unenriched, dry, raw', 'Vegetable oil, olive oil', 'Onion, raw'})","frozenset({'Garlic, raw', 'Tomato, peeled tomato, canned'})",0.08428826075884899,0.05852258258675371,0.04780424566520823,0.5671518813512771,9.691162902979082,1.0,0.04287147896385466,2.1750756832497653,0.9793619221787997,0.503167641325536,0.5402458830738676,0.692001573587031
"frozenset({'Garlic, raw', 'Tomato, peeled tomato, canned'})","frozenset({'Pasta, unenriched, dry, raw', 'Vegetable oil, olive oil', 'Onion, raw'})",0.05852258258675371,0.08428826075884899,0.04780424566520823,0.8168512658227848,9.691162902979082,1.0,0.04287147896385466,4.999825651839372,0.9525594480735844,0.503167641325536,0.7999930258303881,0.692001573587031
"frozenset({'Pasta, unenriched, dry, raw', 'Garlic, raw', 'Onion, raw'})","frozenset({'Vegetable oil, olive oil', 'Tomato, peeled tomato, canned'})",0.058082737227122254,0.08526055050119222,0.04780424566520823,0.8230370665603826,9.653199067121598,1.0,0.0428520795146077,5.169101979262405,0.9516837989486402,0.5003634601405379,0.8065427991144618,0.691860645688554
"frozenset({'Vegetable oil, olive oil', 'Tomato, peeled tomato, canned'})","frozenset({'Pasta, unenriched, dry, raw', 'Garlic, raw', 'Onion, raw'})",0.08526055050119222,0.058082737227122254,0.04780424566520823,0.5606842248167254,9.653199067121598,1.0,0.0428520795146077,2.144055178487335,0.9799592653647384,0.5003634601405379,0.5335940930841547,0.691860645688554
"frozenset({'Celery, raw', 'Pasta, unenriched, dry, raw'})","frozenset({'Tomato, peeled tomato, canned'})",0.02599717572979605,0.09803921568627451,0.024469291848970995,0.9412288512911844,9.60053428317008,1.0,0.02192054913036354,15.34699940582295,0.91975003360525,0.24575680074401304,0.9348406829532696,0.5954078140753443
"frozenset({'Tomato, peeled tomato, canned'})","frozenset({'Celery, raw', 'Pasta, unenriched, dry, raw'})",0.09803921568627451,0.02599717572979605,0.024469291848970995,0.24958677685950414,9.60053428317008,1.0,0.02192054913036354,1.2979553054702058,0.9932129488708815,0.24575680074401304,0.22955744640395498,0.5954078140753443
frozenset({'Butter'}),"frozenset({'Sugar', 'Egg, chicken, whole, raw, fresh'})",0.05234159779614325,0.041854758432298536,0.020927379216149268,0.39982308712958864,9.552631578947368,1.0,0.01873663428443116,1.5964380185590072,0.944767441860465,0.2856240126382307,0.373605496502376,0.44991154356479435
"frozenset({'Sugar', 'Egg, chicken, whole, raw, fresh'})",frozenset({'Butter'}),0.041854758432298536,0.05234159779614325,0.020927379216149268,0.5,9.552631578947368,1.0,0.01873663428443116,1.8953168044077136,0.9344270216724251,0.2856240126382307,0.47238372093023256,0.44991154356479435
"frozenset({'Coffee, brewed, espresso, homemade, without sugar', 'Onion, raw'})","frozenset({'Sugar', 'Vegetable oil, olive oil'})",0.03102067273190268,0.07238928629302961,0.021320925064240572,0.6873134328358209,9.494684476561867,1.0,0.01907536070484849,2.96658318942086,0.9233199163160792,0.25972927241962773,0.6629118631946332,0.4909224663379616
"frozenset({'Sugar', 'Vegetable oil, olive oil'})","frozenset({'Coffee, brewed, espresso, homemade, without sugar', 'Onion, raw'})",0.07238928629302961,0.03102067273190268,0.021320925064240572,0.2945314998401023,9.494684476561865,1.0,0.01907536070484849,1.3735260001665186,0.9644971733776423,0.25972927241962773,0.27194679978481257,0.4909224663379616
"frozenset({'Celery, raw', 'Vegetable oil, olive oil'})","frozenset({'Carrots, raw'})",0.03916938676296965,0.06826862976595596,0.025348982568233903,0.6471631205673758,9.479655923753453,1.0,0.022674942205153193,2.6406858935276416,0.9309767266858425,0.3087986463620981,0.6213105078301763,0.5092377149123756
"frozenset({'Carrots, raw'})","frozenset({'Celery, raw', 'Vegetable oil, olive oil'})",0.06826862976595596,0.03916938676296965,0.025348982568233903,0.3713123092573754,9.479655923753453,1.0,0.022674942205153193,1.5283114770420725,0.9600524011403272,0.3087986463620981,0.34568311825059256,0.5092377149123756
"frozenset({'Chard, raw'})","frozenset({'Potato, raw'})",0.030418779081880686,0.08421881149153876,0.024168345023959998,0.7945205479452055,9.4340033286391,1.0,0.021606511602660326,4.456801784074512,0.9220480369370505,0.2671443193449335,0.7756238557493629,0.5407457055284026
"frozenset({'Potato, raw'})","frozenset({'Chard, raw'})",0.08421881149153876,0.030418779081880686,0.024168345023959998,0.2869708631115998,9.434003328639099,1.0,0.021606511602660326,1.3598058911719808,0.976216232236267,0.2671443193449335,0.2646009209901816,0.5407457055284026
"frozenset({'Celery, raw'})","frozenset({'Carrots, raw', 'Vegetable oil, olive oil'})",0.054216728013519455,0.04979512466143482,0.025348982568233903,0.46754910333048677,9.389455423787558,1.0,0.022649253838065597,1.7845868629053088,0.9447170162435476,0.32224838140082396,0.4396462168437128,0.4883073271185209
"frozenset({'Carrots, raw', 'Vegetable oil, olive oil'})","frozenset({'Celery, raw'})",0.04979512466143482,0.054216728013519455,0.025348982568233903,0.509065550906555,9.389455423787558,1.0,0.022649253838065597,1.9264960398133706,0.9403209496328543,0.32224838140082396,0.4809228883248185,0.4883073271185209
"frozenset({'Onion, raw', 'Pasta, unenriched, dry, raw'})","frozenset({'Celery, raw', 'Tomato, peeled tomato, canned'})",0.09044609579368938,0.028844595689515477,0.02442299233743084,0.2700281545943179,9.36148169663784,1.0,0.021814111272566685,1.3304011797479185,0.9819971074245584,0.25744265495363594,0.2483470285335451,0.5583688124496469
"frozenset({'Celery, raw', 'Tomato, peeled tomato, canned'})","frozenset({'Onion, raw', 'Pasta, unenriched, dry, raw'})",0.028844595689515477,0.09044609579368938,0.02442299233743084,0.8467094703049759,9.36148169663784,1.0,0.021814111272566685,5.933529657806612,0.9197079056687779,0.25744265495363594,0.8314662506684664,0.5583688124496469
"frozenset({'Butter', 'Egg, chicken, whole, raw, fresh'})","frozenset({'Wheat flour, white, 9% protein, pastry flour, Italian ""tipo 00"" flour'})",0.029562238118387853,0.08285297590110424,0.022895108456605782,0.7744714173844949,9.34753892616877,1.0,0.02044578905420029,4.066655381160728,0.920223845892605,0.2557538143263512,0.7540976782462019,0.5254027944703977
"frozenset({'Wheat flour, white, 9% protein, pastry flour, Italian ""tipo 00"" flour'})","frozenset({'Butter', 'Egg, chicken, whole, raw, fresh'})",0.08285297590110424,0.029562238118387853,0.022895108456605782,0.27633417155630063,9.347538926168768,1.0,0.02044578905420029,1.3410026060904592,0.9736933621035387,0.2557538143263512,0.25428929410108586,0.5254027944703977
"frozenset({'Potato, raw', 'Onion, raw'})","frozenset({'Carrots, raw'})",0.04465587888047781,0.06826862976595596,0.028381600574113944,0.6355624675997926,9.3097293702639,1.0,0.02533300491194923,2.556628468252448,0.9343078292515512,0.33570646221248635,0.6088598666494793,0.5256483073841622
"frozenset({'Carrots, raw'})","frozenset({'Potato, raw', 'Onion, raw'})",0.06826862976595596,0.04465587888047781,0.028381600574113944,0.41573414716853174,9.3097293702639,1.0,0.02533300491194923,1.635118870099519,0.9579858750137401,0.33570646221248635,0.38842366858677585,0.5256483073841622
"frozenset({'Vegetable oil, olive oil', 'Egg, chicken, whole, raw, fresh'})","frozenset({'Bread, crumbs, dry, grated, plain'})",0.08252887932032317,0.04095191795726555,0.03134476931268375,0.3798036465638148,9.274379943819735,1.0,0.027965053417652805,1.5463620137866794,0.9724296056958881,0.34020100502512557,0.3533208969927853,0.5726039148590696
"frozenset({'Bread, crumbs, dry, grated, plain'})","frozenset({'Vegetable oil, olive oil', 'Egg, chicken, whole, raw, fresh'})",0.04095191795726555,0.08252887932032317,0.03134476931268375,0.7654041831543245,9.274379943819735,1.0,0.027965053417652805,3.9108588252586705,0.9302725242092169,0.34020100502512557,0.7443016880227431,0.5726039148590696
"frozenset({'Red chicory, ""Radicchio"", raw'})","frozenset({'Lettuce, raw'})",0.026992615227909345,0.08840891728592264,0.022108016760423177,0.8190394511149228,9.264217640694245,1.0,0.019721628873408205,5.03751280779438,0.9168047617807898,0.2369727047146402,0.8014893384583097,0.5345524566388964
"frozenset({'Lettuce, raw'})","frozenset({'Red chicory, ""Radicchio"", raw'})",0.08840891728592264,0.026992615227909345,0.022108016760423177,0.25006546216286984,9.264217640694245,1.0,0.019721628873408205,1.297456425434572,0.9785723231857478,0.2369727047146402,0.22926120646783296,0.5345524566388964
"frozenset({'Pasta, unenriched, dry, raw', 'Onion, raw'})","frozenset({'Garlic, raw', 'Vegetable oil, olive oil', 'Tomato, peeled tomato, canned'})",0.09044609579368938,0.0583373845405931,0.04780424566520823,0.5285385206040439,9.060031140687654,1.0,0.04252785699469645,1.99732673105315,0.9780894780661832,0.47340669417698295,0.49933078827182154,0.6739914825242441
"frozenset({'Garlic, raw', 'Vegetable oil, olive oil', 'Tomato, peeled tomato, canned'})","frozenset({'Pasta, unenriched, dry, raw', 'Onion, raw'})",0.0583373845405931,0.09044609579368938,0.04780424566520823,0.8194444444444444,9.060031140687654,1.0,0.04252785699469645,5.037529315604181,0.9447386875438292,0.47340669417698295,0.8014899889709002,0.6739914825242441
"frozenset({'Garlic, raw', 'Tomato, peeled tomato, canned'})","frozenset({'Onion, raw', 'Pasta, unenriched, dry, raw'})",0.05852258258675371,0.09044609579368938,0.04780424566520823,0.8168512658227848,9.031360156065224,1.0,0.04251110655447261,4.96620360655195,0.9445523498423493,0.47254004576659037,0.7986389445087003,0.6726948932134144
"frozenset({'Onion, raw', 'Pasta, unenriched, dry, raw'})","frozenset({'Garlic, raw', 'Tomato, peeled tomato, canned'})",0.09044609579368938,0.05852258258675371,0.04780424566520823,0.5285385206040439,9.031360156065224,1.0,0.04251110655447261,1.9969339141333076,0.9777042381200941,0.47254004576659037,0.4992323016187486,0.6726948932134144
"frozenset({'Tomato, sauce type, red ripe, raw'})","frozenset({'Yeast, beer yeast tablets', 'Wheat flour, white, 9% protein, pastry flour, Italian ""tipo 00"" flour'})",0.07218093849109893,0.03183091418385536,0.020742181169988657,0.28736369467607437,9.027817831943551,1.0,0.018444595911168343,1.3585739016988023,0.9584102090335872,0.24909646927995552,0.26393404234427775,0.46950002915621897
"frozenset({'Yeast, beer yeast tablets', 'Wheat flour, white, 9% protein, pastry flour, Italian ""tipo 00"" flour'})","frozenset({'Tomato, sauce type, red ripe, raw'})",0.03183091418385536,0.07218093849109893,0.020742181169988657,0.6516363636363636,9.027817831943551,1.0,0.018444595911168343,2.6633636943105192,0.9184669018185916,0.24909646927995552,0.6245349434866139,0.46950002915621897
"frozenset({'Tomato, sauce type, red ripe, raw'})","frozenset({'Wheat flour, white, 9% protein, pastry flour, Italian ""tipo 00"" flour', ""Cheese, Mozzarella, cow's milk""})",0.07218093849109893,0.03625251753594,0.023265504548927007,0.3223220012828736,8.891023939601718,1.0,0.020648763810517837,1.4221318742654703,0.9565733795157548,0.27317205762435437,0.2968303305089066,0.48204222669507657
"frozenset({'Wheat flour, white, 9% protein, pastry flour, Italian ""tipo 00"" flour', ""Cheese, Mozzarella, cow's milk""})","frozenset({'Tomato, sauce type, red ripe, raw'})",0.03625251753594,0.07218093849109893,0.023265504548927007,0.6417624521072796,8.891023939601716,1.0,0.020648763810517837,2.5899548134098724,0.9209124084843493,0.27317205762435437,0.6138928776585781,0.48204222669507657
"frozenset({'Yeast, beer yeast tablets'})","frozenset({'Tomato, sauce type, red ripe, raw'})",0.03240965807810728,0.07218093849109893,0.020742181169988657,0.64,8.866606799230276,1.0,0.018402821633735248,2.5772751708580586,0.9169348278584587,0.24737713970182218,0.6119933132064174,0.4636818473380372
"frozenset({'Tomato, sauce type, red ripe, raw'})","frozenset({'Yeast, beer yeast tablets'})",0.07218093849109893,0.03240965807810728,0.020742181169988657,0.28736369467607437,8.866606799230274,1.0,0.018402821633735248,1.3577617849291006,0.9562395518850271,0.24737713970182218,0.263493779910577,0.4636818473380372
"frozenset({'Vegetable oil, extra-virgin olive oil', 'Onion, raw'})","frozenset({'Celery, raw'})",0.04984142417297498,0.054216728013519455,0.02393684746625923,0.4802601021830004,8.858153558496614,1.0,0.021234608528066592,1.8197242042778305,0.9336437925653028,0.29875758451314643,0.4504661763309037,0.46088154554068894
"frozenset({'Celery, raw'})","frozenset({'Vegetable oil, extra-virgin olive oil', 'Onion, raw'})",0.054216728013519455,0.04984142417297498,0.02393684746625923,0.44150298889837747,8.858153558496614,1.0,0.021234608528066592,1.701277816962456,0.9379629377567077,0.29875758451314643,0.41220652498399796,0.46088154554068894
"frozenset({'Cheese, Parmesan, hard type', 'Pasta, unenriched, dry, raw', 'Onion, raw'})","frozenset({'Vegetable oil, olive oil', 'Tomato, peeled tomato, canned'})",0.03284950343773873,0.08526055050119222,0.02463134013936153,0.7498238195912615,8.794498923400413,1.0,0.021830573392569122,3.6563810671515737,0.9163956989630475,0.2634967805844477,0.7265055305685004,0.5193593711043465
"frozenset({'Vegetable oil, olive oil', 'Tomato, peeled tomato, canned'})","frozenset({'Cheese, Parmesan, hard type', 'Pasta, unenriched, dry, raw', 'Onion, raw'})",0.08526055050119222,0.03284950343773873,0.02463134013936153,0.28889492261743144,8.794498923400413,1.0,0.021830573392569122,1.360066925864379,0.9689016427412613,0.2634967805844477,0.26474206453887655,0.5193593711043465
"frozenset({'Cheese, Parmesan, hard type', 'Garlic, raw', 'Onion, raw'})","frozenset({'Vegetable oil, olive oil', 'Tomato, peeled tomato, canned'})",0.027895455702942332,0.08526055050119222,0.020881079704609118,0.7485477178423238,8.779531840248401,1.0,0.01850269779489463,3.637825203452356,0.9115261475208666,0.22629202207727048,0.7251104866030992,0.4967283796922724
"frozenset({'Vegetable oil, olive oil', 'Tomato, peeled tomato, canned'})","frozenset({'Cheese, Parmesan, hard type', 'Garlic, raw', 'Onion, raw'})",0.08526055050119222,0.027895455702942332,0.020881079704609118,0.244909041542221,8.7795318402484,1.0,0.01850269779489463,1.2874005885099113,0.9686897298855147,0.22629202207727048,0.2232409951300086,0.4967283796922724
"frozenset({'Garlic, raw', 'Onion, raw'})","frozenset({'Pasta, unenriched, dry, raw', 'Vegetable oil, olive oil', 'Tomato, peeled tomato, canned'})",0.08056115007986665,0.0677361853832442,0.04780424566520823,0.5933908045977012,8.760322141560799,1.0,0.04234734066871103,2.292776024640502,0.9634669524171651,0.4756968440451509,0.56384749785719,0.6495662156959798
"frozenset({'Pasta, unenriched, dry, raw', 'Vegetable oil, olive oil', 'Tomato, peeled tomato, canned'})","frozenset({'Garlic, raw', 'Onion, raw'})",0.0677361853832442,0.08056115007986665,0.04780424566520823,0.7057416267942583,8.760322141560799,1.0,0.04234734066871103,3.1245970672082577,0.9502127324663541,0.4756968440451509,0.6799587343613963,0.6495662156959798
"frozenset({'Vegetable oil, extra-virgin olive oil', 'Onion, raw', 'Pasta, unenriched, dry, raw'})","frozenset({'Tomato, peeled tomato, canned'})",0.028659397643354862,0.09803921568627451,0.02414519526818992,0.8424878836833603,8.593376413570274,1.0,0.021335450401194344,5.7262946204122676,0.9097028403086362,0.23544018058690747,0.8253670014750298,0.5443844377094487
"frozenset({'Tomato, peeled tomato, canned'})","frozenset({'Vegetable oil, extra-virgin olive oil', 'Onion, raw', 'Pasta, unenriched, dry, raw'})",0.09803921568627451,0.028659397643354862,0.02414519526818992,0.2462809917355372,8.593376413570274,1.0,0.021335450401194344,1.2887304044424788,0.9796781858351744,0.23544018058690747,0.22404251769584593,0.5443844377094487
"frozenset({'Alcoholic beverage, wine, red wine, table type', 'Tomato, peeled tomato, canned'})","frozenset({'Onion, raw', 'Pasta, unenriched, dry, raw'})",0.027941755214482486,0.09044609579368938,0.02162187188925157,0.7738193869096935,8.555586397834151,1.0,0.019094649220478665,4.021361034348049,0.908502457758628,0.22344497607655503,0.7513279729279214,0.5064387438771657
"frozenset({'Onion, raw', 'Pasta, unenriched, dry, raw'})","frozenset({'Alcoholic beverage, wine, red wine, table type', 'Tomato, peeled tomato, canned'})",0.09044609579368938,0.027941755214482486,0.02162187188925157,0.23905810084463783,8.555586397834151,1.0,0.019094649220478665,1.2774408215193465,0.9709345431734485,0.22344497607655503,0.21718487216446347,0.5064387438771657
"frozenset({'Vegetable oil, extra-virgin olive oil', 'Tomato, peeled tomato, canned'})","frozenset({'Onion, raw', 'Pasta, unenriched, dry, raw'})",0.031391068824223906,0.09044609579368938,0.02414519526818992,0.769174041297935,8.504226020462477,1.0,0.021305995650247867,3.940431610555133,0.9110089483396292,0.24715639810426537,0.7462206938647722,0.5180653928015142
"frozenset({'Onion, raw', 'Pasta, unenriched, dry, raw'})","frozenset({'Vegetable oil, extra-virgin olive oil', 'Tomato, peeled tomato, canned'})",0.09044609579368938,0.031391068824223906,0.02414519526818992,0.2669567443050934,8.504226020462477,1.0,0.021305995650247867,1.3213530356507532,0.9701584476324363,0.24715639810426537,0.24319998288155448,0.5180653928015142
"frozenset({'Alcoholic beverage, wine, red wine, table type', 'Onion, raw'})","frozenset({'Celery, raw'})",0.04437808181123689,0.054216728013519455,0.020348635321897353,0.458528951486698,8.457333525777495,1.0,0.017942600930575807,1.746692227743818,0.9227074073339153,0.2600591715976331,0.42748929426926674,0.41692459529928405
"frozenset({'Celery, raw'})","frozenset({'Alcoholic beverage, wine, red wine, table type', 'Onion, raw'})",0.054216728013519455,0.04437808181123689,0.020348635321897353,0.3753202391118702,8.457333525777495,1.0,0.017942600930575807,1.5297789011606857,0.9323060035428719,0.2600591715976331,0.346310764750859,0.41692459529928405
"frozenset({'Tomato, peeled tomato, canned'})","frozenset({'Pasta, unenriched, dry, raw', 'Garlic, raw', 'Vegetable oil, olive oil', 'Onion, raw'})",0.09803921568627451,0.05787438942519156,0.04780424566520823,0.48760330578512395,8.4252,1.0,0.04213028591764043,1.8386644980572873,0.9771028529318876,0.4421841541755889,0.4561269872472172,0.656801652892562
"frozenset({'Pasta, unenriched, dry, raw', 'Garlic, raw', 'Vegetable oil, olive oil', 'Onion, raw'})","frozenset({'Tomato, peeled tomato, canned'})",0.05787438942519156,0.09803921568627451,0.04780424566520823,0.8260000000000001,8.4252,1.0,0.04213028591764043,5.183682668469689,0.9354468721510726,0.4421841541755889,0.8070869565217392,0.656801652892562
"frozenset({'Tomato, peeled tomato, canned'})","frozenset({'Garlic, raw', 'Onion, raw', 'Pasta, unenriched, dry, raw'})",0.09803921568627451,0.058082737227122254,0.04780424566520823,0.48760330578512395,8.394978078915903,1.0,0.04210985966254919,1.8382578837986807,0.9766291188546163,0.4413336182945074,0.4560066850176956,0.6553201861727532
"frozenset({'Garlic, raw', 'Onion, raw', 'Pasta, unenriched, dry, raw'})","frozenset({'Tomato, peeled tomato, canned'})",0.058082737227122254,0.09803921568627451,0.04780424566520823,0.8230370665603826,8.394978078915901,1.0,0.04210985966254919,5.096891008655713,0.9352001506295113,0.4413336182945074,0.8038019650995546,0.6553201861727532
"frozenset({'Tomato, peeled tomato, canned'})","frozenset({'Cheese, Parmesan, hard type', 'Onion, raw', 'Pasta, unenriched, dry, raw'})",0.09803921568627451,0.03284950343773873,0.027015764983679424,0.2755608028335301,8.388583509513744,1.0,0.02379522543095994,1.3350333614540992,0.9765284452889237,0.26008468910184984,0.25095504811144626,0.5489854754125367
"frozenset({'Cheese, Parmesan, hard type', 'Onion, raw', 'Pasta, unenriched, dry, raw'})","frozenset({'Tomato, peeled tomato, canned'})",0.03284950343773873,0.09803921568627451,0.027015764983679424,0.8224101479915434,8.388583509513744,1.0,0.02379522543095994,5.078898225957053,0.9107066227523349,0.26008468910184984,0.8031069032080156,0.5489854754125367
"frozenset({'Tomato, peeled tomato, canned'})","frozenset({'Cheese, Parmesan, hard type', 'Pasta, unenriched, dry, raw', 'Vegetable oil, olive oil', 'Onion, raw'})",0.09803921568627451,0.030071532745329536,0.02463134013936153,0.2512396694214876,8.35473441108545,1.0,0.0216831506545253,1.2953790787838313,0.975992971559333,0.23803131991051452,0.22802520406701995,0.5351656391757169
"frozenset({'Cheese, Parmesan, hard type', 'Pasta, unenriched, dry, raw', 'Vegetable oil, olive oil', 'Onion, raw'})","frozenset({'Tomato, peeled tomato, canned'})",0.030071532745329536,0.09803921568627451,0.02463134013936153,0.8190916089299461,8.35473441108545,1.0,0.0216831506545253,4.985732165206509,0.9076003188193884,0.23803131991051452,0.7994276533788534,0.5351656391757169
"frozenset({'Fennel, raw'})","frozenset({'Tomato, salad type, raw'})",0.03328934879737019,0.07521355649697896,0.020881079704609118,0.6272600834492351,8.339721091030043,1.0,0.018377269388090478,2.4810501973084786,0.9103984860015838,0.23830911492734483,0.5969448739550568,0.4524419838606594
"frozenset({'Tomato, salad type, raw'})","frozenset({'Fennel, raw'})",0.07521355649697896,0.03328934879737019,0.020881079704609118,0.27762388427208373,8.339721091030043,1.0,0.018377269388090478,1.3382372840891965,0.9516704309837823,0.23830911492734483,0.2527483639191839,0.4524419838606594
"frozenset({'Vegetable oil, olive oil', 'Tomato, peeled tomato, canned'})","frozenset({'Onion, raw', 'Pasta, unenriched, dry, raw'})",0.08526055050119222,0.09044609579368938,0.06373127763502096,0.7474884604941624,8.264463534160821,1.0,0.056019793716967435,3.6020290636471426,0.9609293783986883,0.5691544345668804,0.7223786975812251,0.7260605855068714
"frozenset({'Onion, raw', 'Pasta, unenriched, dry, raw'})","frozenset({'Vegetable oil, olive oil', 'Tomato, peeled tomato, canned'})",0.09044609579368938,0.08526055050119222,0.06373127763502096,0.7046327105195802,8.264463534160821,1.0,0.056019793716967435,3.096955831188771,0.9664078253511268,0.5691544345668804,0.677102272518963,0.7260605855068714
"frozenset({'Garlic, raw', 'Vegetable oil, olive oil', 'Onion, raw'})","frozenset({'Pasta, unenriched, dry, raw', 'Tomato, peeled tomato, canned'})",0.07982035789522421,0.07301432969882168,0.04780424566520823,0.5988979118329466,8.20247086158776,1.0,0.041976215737168386,2.3110965952266542,0.9542544478710446,0.45514657262508257,0.5673049745885121,0.6268110358150147
"frozenset({'Pasta, unenriched, dry, raw', 'Tomato, peeled tomato, canned'})","frozenset({'Garlic, raw', 'Vegetable oil, olive oil', 'Onion, raw'})",0.07301432969882168,0.07982035789522421,0.04780424566520823,0.654724159797083,8.20247086158776,1.0,0.041976215737168386,2.6650565575743452,0.9472482093855643,0.45514657262508257,0.6247734416149989,0.6268110358150147
"frozenset({'Butter', 'Wheat flour, white, 9% protein, pastry flour, Italian ""tipo 00"" flour'})","frozenset({'Egg, chicken, whole, raw, fresh'})",0.025904576706715744,0.10810935944625784,0.022895108456605782,0.8838248436103664,8.175285175468309,1.0,0.02009458126211629,7.677120205997211,0.9010206669485832,0.20604166666666665,0.8697428237193915,0.5478010727687807
"frozenset({'Egg, chicken, whole, raw, fresh'})","frozenset({'Butter', 'Wheat flour, white, 9% protein, pastry flour, Italian ""tipo 00"" flour'})",0.10810935944625784,0.025904576706715744,0.022895108456605782,0.21177730192719485,8.175285175468307,1.0,0.02009458126211629,1.2358124495462206,0.9840669562608687,0.20604166666666665,0.1908157258270126,0.5478010727687807
"frozenset({'Onion, raw', 'Pasta, unenriched, dry, raw'})","frozenset({'Cheese, Parmesan, hard type', 'Tomato, peeled tomato, canned'})",0.09044609579368938,0.0366460633840313,0.027015764983679424,0.2986946506270796,8.150797740453543,1.0,0.023701271624385716,1.3736583322476603,0.9645526431781953,0.26995142262317834,0.27201693716388614,0.5179512419275638
"frozenset({'Cheese, Parmesan, hard type', 'Tomato, peeled tomato, canned'})","frozenset({'Onion, raw', 'Pasta, unenriched, dry, raw'})",0.0366460633840313,0.09044609579368938,0.027015764983679424,0.7372078332280481,8.150797740453543,1.0,0.023701271624385716,3.461114976823534,0.9106856670945185,0.26995142262317834,0.711075764111784,0.5179512419275638
"frozenset({'Garlic, raw', 'Onion, raw'})","frozenset({'Tomato, peeled tomato, canned', 'Pasta, unenriched, dry, raw'})",0.08056115007986665,0.07301432969882168,0.04780424566520823,0.5933908045977012,8.127045842170862,1.0,0.04192212729236059,2.2797951467477744,0.9537926959143933,0.4519588531407309,0.5613640982495542,0.6240574821973921
"frozenset({'Tomato, peeled tomato, canned', 'Pasta, unenriched, dry, raw'})","frozenset({'Garlic, raw', 'Onion, raw'})",0.07301432969882168,0.08056115007986665,0.04780424566520823,0.654724159797083,8.12704584217086,1.0,0.04192212729236059,2.662911049263636,0.9460276328854471,0.4519588531407309,0.6244711214531459,0.6240574821973921
"frozenset({'Pasta, unenriched, dry, raw', 'Onion, raw'})","frozenset({'Cheese, Parmesan, hard type', 'Vegetable oil, olive oil', 'Tomato, peeled tomato, canned'})",0.09044609579368938,0.03382179318008195,0.02463134013936153,0.27233171231123626,8.051959600758709,1.0,0.02157229099348149,1.3277728645956455,0.9628968945014611,0.24721189591078066,0.24685913783564484,0.5003000108441876
"frozenset({'Cheese, Parmesan, hard type', 'Vegetable oil, olive oil', 'Tomato, peeled tomato, canned'})","frozenset({'Pasta, unenriched, dry, raw', 'Onion, raw'})",0.03382179318008195,0.09044609579368938,0.02463134013936153,0.7282683093771389,8.051959600758707,1.0,0.02157229099348149,3.3472500101899745,0.9064648980487446,0.24721189591078066,0.7012472934630763,0.5003000108441876
"frozenset({'Pasta, unenriched, dry, raw', 'Vegetable oil, olive oil', 'Onion, raw'})","frozenset({'Cheese, Parmesan, hard type', 'Tomato, peeled tomato, canned'})",0.08428826075884899,0.0366460633840313,0.02463134013936153,0.2922274100521835,7.974319287444201,1.0,0.02154250719306299,1.36110659030607,0.9551012716719495,0.2557692307692308,0.26530368222290984,0.4821844567632996
"frozenset({'Cheese, Parmesan, hard type', 'Tomato, peeled tomato, canned'})","frozenset({'Pasta, unenriched, dry, raw', 'Vegetable oil, olive oil', 'Onion, raw'})",0.0366460633840313,0.08428826075884899,0.02463134013936153,0.6721415034744157,7.974319287444201,1.0,0.02154250719306299,2.7930090235428557,0.9078672058022693,0.2557692307692308,0.6419632047119106,0.4821844567632996
"frozenset({'Tomato, peeled tomato, canned'})","frozenset({'Alcoholic beverage, wine, red wine, table type', 'Onion, raw', 'Pasta, unenriched, dry, raw'})",0.09803921568627451,0.02780285667986203,0.02162187188925157,0.220543093270366,7.932389675270608,1.0,0.018896101626519998,1.24727503846131,0.9689274741644166,0.20746334962239008,0.19825221449661876,0.49911417777589906
"frozenset({'Alcoholic beverage, wine, red wine, table type', 'Onion, raw', 'Pasta, unenriched, dry, raw'})","frozenset({'Tomato, peeled tomato, canned'})",0.02780285667986203,0.09803921568627451,0.02162187188925157,0.7776852622814321,7.932389675270607,1.0,0.018896101626519998,4.0571344642725995,0.8989273323267456,0.20746334962239008,0.7535206168772399,0.49911417777589906
"frozenset({'Lettuce, raw'})","frozenset({'Fennel, raw'})",0.08840891728592264,0.03328934879737019,0.023149755770076625,0.26184865147944486,7.865838802473978,1.0,0.020206680485747697,1.3096374519130343,0.957521407892732,0.2349072116513977,0.23642990009237722,0.4786294717758838
"frozenset({'Fennel, raw'})","frozenset({'Lettuce, raw'})",0.03328934879737019,0.08840891728592264,0.023149755770076625,0.6954102920723226,7.865838802473977,1.0,0.020206680485747697,2.9928492624265823,0.9029257884527887,0.2349072116513977,0.6658702419281863,0.4786294717758838
"frozenset({'Carrots, raw', 'Celery, raw', 'Onion, raw'})","frozenset({'Potato, raw'})",0.03970183114568141,0.08421881149153876,0.02613607426441651,0.6583090379008747,7.816650772458518,1.0,0.022792433231289468,2.6801446045938757,0.9081220796077516,0.267282196969697,0.6268858037413505,0.48432219349689143
"frozenset({'Potato, raw'})","frozenset({'Carrots, raw', 'Celery, raw', 'Onion, raw'})",0.08421881149153876,0.03970183114568141,0.02613607426441651,0.3103353490929082,7.816650772458517,1.0,0.022792433231289468,1.3924132077688367,0.9522667435043543,0.267282196969697,0.28182238259404935,0.48432219349689143
"frozenset({'Potato, raw'})","frozenset({'Carrots, raw', 'Celery, raw'})",0.08421881149153876,0.04007222723800264,0.026251823043266894,0.3117097306212205,7.778697419783282,1.0,0.022876987691463443,1.3946554462093237,0.9515851415292755,0.2677685950413224,0.2829770229500039,0.4834111911338338
"frozenset({'Carrots, raw', 'Celery, raw'})","frozenset({'Potato, raw'})",0.04007222723800264,0.08421881149153876,0.026251823043266894,0.6551126516464472,7.778697419783282,1.0,0.022876987691463443,2.6553052551225234,0.9078222305926931,0.2677685950413224,0.6233954653346034,0.4834111911338338
"frozenset({'Onion, raw', 'Pasta, unenriched, dry, raw'})","frozenset({'Tomato, peeled tomato, canned'})",0.09044609579368938,0.09803921568627451,0.06884737366020789,0.7611978500127976,7.764218070130536,1.0,0.05998010936670893,3.7770212050522254,0.9578366116250056,0.5754643962848298,0.735241094579406,0.7317205306734591
"frozenset({'Tomato, peeled tomato, canned'})","frozenset({'Onion, raw', 'Pasta, unenriched, dry, raw'})",0.09803921568627451,0.09044609579368938,0.06884737366020789,0.7022432113341205,7.764218070130535,1.0,0.05998010936670893,3.054687378520005,0.9659001198795356,0.5754643962848298,0.6726342580809367,0.7317205306734591
"frozenset({'Garlic, raw', 'Onion, raw'})","frozenset({'Vegetable oil, olive oil', 'Tomato, peeled tomato, canned'})",0.08056115007986665,0.08526055050119222,0.05319813875963609,0.6603448275862069,7.745021861862987,1.0,0.046329450754817494,2.693141526443191,0.947191655111349,0.4723535457348407,0.6286864280316187,0.6421463480857996
"frozenset({'Vegetable oil, olive oil', 'Tomato, peeled tomato, canned'})","frozenset({'Garlic, raw', 'Onion, raw'})",0.08526055050119222,0.08056115007986665,0.05319813875963609,0.6239478685853923,7.745021861862987,1.0,0.046329450754817494,2.444977100545741,0.952057776131433,0.4723535457348407,0.5909982143485961,0.6421463480857996
"frozenset({'Cheese, Parmesan, hard type', 'Garlic, raw', 'Vegetable oil, olive oil', 'Onion, raw'})","frozenset({'Tomato, peeled tomato, canned'})",0.027548209366391185,0.09803921568627451,0.020881079704609118,0.757983193277311,7.731428571428572,1.0,0.018180274864766845,3.726851851851853,0.8953223243280592,0.19942516029184174,0.7316770186335405,0.485485103132162
"frozenset({'Tomato, peeled tomato, canned'})","frozenset({'Cheese, Parmesan, hard type', 'Garlic, raw', 'Vegetable oil, olive oil', 'Onion, raw'})",0.09803921568627451,0.027548209366391185,0.020881079704609118,0.212987012987013,7.731428571428572,1.0,0.018180274864766845,1.2356235623562357,0.9652945146052251,0.19942516029184174,0.190692027519223,0.485485103132162
frozenset({'Meat extract'}),"frozenset({'Celery, raw'})",0.047989443711368845,0.054216728013519455,0.02009398800842651,0.4187168355041003,7.723019275521188,1.0,0.017492157391207123,1.627061180770103,0.9143984339596509,0.24471384268395827,0.3853949612843134,0.3946701171542705
"frozenset({'Celery, raw'})",frozenset({'Meat extract'}),0.054216728013519455,0.047989443711368845,0.02009398800842651,0.3706233988044406,7.723019275521187,1.0,0.017492157391207123,1.512624642352764,0.9204190722838499,0.24471384268395827,0.33889745545558364,0.3946701171542705
"frozenset({'Onion, raw', 'Vegetable oil, olive oil', 'Pasta, unenriched, dry, raw'})","frozenset({'Tomato, peeled tomato, canned'})",0.08428826075884899,0.09803921568627451,0.06373127763502096,0.756110958527877,7.712331776984346,1.0,0.05546772265866321,3.698242360007067,0.9504492419433628,0.5373804411477652,0.7296012801069941,0.7030849952025453
"frozenset({'Tomato, peeled tomato, canned'})","frozenset({'Onion, raw', 'Vegetable oil, olive oil', 'Pasta, unenriched, dry, raw'})",0.09803921568627451,0.08428826075884899,0.06373127763502096,0.6500590318772137,7.712331776984346,1.0,0.05546772265866321,2.6167606043767035,0.9649394336613023,0.5373804411477652,0.617848114066134,0.7030849952025453
"frozenset({'Garlic, raw', 'Onion, raw'})","frozenset({'Cheese, Parmesan, hard type', 'Vegetable oil, olive oil', 'Tomato, peeled tomato, canned'})",0.08056115007986665,0.03382179318008195,0.020881079704609118,0.25919540229885063,7.663561802261088,1.0,0.018156357148258327,1.3042281457460494,0.9456989687627549,0.2233226046051003,0.23326298143337768,0.43829037739856974
"frozenset({'Cheese, Parmesan, hard type', 'Vegetable oil, olive oil', 'Tomato, peeled tomato, canned'})","frozenset({'Garlic, raw', 'Onion, raw'})",0.03382179318008195,0.08056115007986665,0.020881079704609118,0.6173853524982889,7.663561802261087,1.0,0.018156357148258327,2.403041430649937,0.8999503053083749,0.2233226046051003,0.5838606911868617,0.43829037739856974
"frozenset({'Garlic, raw', 'Pasta, unenriched, dry, raw'})","frozenset({'Tomato, peeled tomato, canned', 'Vegetable oil, olive oil', 'Onion, raw'})",0.08292242516841447,0.07525985600851912,0.04780424566520823,0.5764935790061418,7.660040951192959,1.0,0.041563515887156156,2.1835327592468587,0.9480685373964113,0.4330956375838926,0.542026564169837,0.6058413757842152
"frozenset({'Tomato, peeled tomato, canned', 'Vegetable oil, olive oil', 'Onion, raw'})","frozenset({'Garlic, raw', 'Pasta, unenriched, dry, raw'})",0.07525985600851912,0.08292242516841447,0.04780424566520823,0.6351891725622885,7.660040951192958,1.0,0.041563515887156156,2.513844178564489,0.94021266482148,0.4330956375838926,0.6022028698011657,0.6058413757842152
"frozenset({'Cheese, Parmesan, hard type', 'Garlic, raw', 'Onion, raw'})","frozenset({'Tomato, peeled tomato, canned'})",0.027895455702942332,0.09803921568627451,0.020927379216149268,0.750207468879668,7.652116182572614,1.0,0.018192530617821587,3.610839684711094,0.8942630718114027,0.19929453262786592,0.7230561068013711,0.48183336844219526
"frozenset({'Tomato, peeled tomato, canned'})","frozenset({'Cheese, Parmesan, hard type', 'Garlic, raw', 'Onion, raw'})",0.09803921568627451,0.027895455702942332,0.020927379216149268,0.21345926800472254,7.652116182572614,1.0,0.018192530617821587,1.2359239703086276,0.9638081954597922,0.19929453262786592,0.19088874071251666,0.48183336844219526
"frozenset({'Vegetable oil, mixed seeds'})","frozenset({'Tomato, sauce type, red ripe, raw'})",0.037548903859064287,0.07218093849109893,0.02044123434497766,0.5443896424167695,7.542013913879791,1.0,0.017730919225118352,2.036431011863921,0.9012503839136928,0.22893440497796214,0.5089448185702535,0.4137919988863834
"frozenset({'Tomato, sauce type, red ripe, raw'})","frozenset({'Vegetable oil, mixed seeds'})",0.07218093849109893,0.037548903859064287,0.02044123434497766,0.2831943553559974,7.54201391387979,1.0,0.017730919225118352,1.3426946388221197,0.9348907086307486,0.22893440497796214,0.2552290214867834,0.4137919988863834
"frozenset({'Sugar', 'Egg, chicken, whole, raw, fresh'})","frozenset({'Wheat flour, white, 9% protein, pastry flour, Italian ""tipo 00"" flour'})",0.041854758432298536,0.08285297590110424,0.026089774752876358,0.6233407079646018,7.523455870898828,1.0,0.022621983461138587,2.4349512769027957,0.9049592089492721,0.26455399061032864,0.5893141643179086,0.46911656800856527
"frozenset({'Wheat flour, white, 9% protein, pastry flour, Italian ""tipo 00"" flour'})","frozenset({'Sugar', 'Egg, chicken, whole, raw, fresh'})",0.08285297590110424,0.041854758432298536,0.026089774752876358,0.31489242805252865,7.523455870898828,1.0,0.022621983461138587,1.3985325528429053,0.9454126078853405,0.26455399061032864,0.2849648025945319,0.46911656800856527
"frozenset({'Vegetable oil, olive oil', 'Bread, crumbs, dry, grated, plain'})","frozenset({'Egg, chicken, whole, raw, fresh'})",0.03898418871680904,0.10810935944625784,0.03134476931268375,0.8040380047505937,7.437265458503512,1.0,0.027130213641977492,4.5513449657348515,0.9006532131861241,0.2708,0.7802847273655202,0.54698688246095
"frozenset({'Egg, chicken, whole, raw, fresh'})","frozenset({'Vegetable oil, olive oil', 'Bread, crumbs, dry, grated, plain'})",0.10810935944625784,0.03898418871680904,0.03134476931268375,0.2899357601713062,7.437265458503511,1.0,0.027130213641977492,1.3534209404983417,0.9704575191163488,0.2708,0.26113157401584836,0.54698688246095
"frozenset({'Egg, chicken, whole, raw, fresh'})","frozenset({'Bread, crumbs, dry, grated, plain'})",0.10810935944625784,0.04095191795726555,0.03287265319350881,0.30406852248394006,7.425012982328298,1.0,0.028445367575053126,1.3780783209660217,0.9702087469661848,0.2829248854353457,0.2743518385087081,0.5533909599418004
"frozenset({'Bread, crumbs, dry, grated, plain'})","frozenset({'Egg, chicken, whole, raw, fresh'})",0.04095191795726555,0.10810935944625784,0.03287265319350881,0.8027133973996609,7.4250129823282975,1.0,0.028445367575053126,4.5207866565603725,0.9022697787575117,0.2829248854353457,0.778799559464094,0.5533909599418004
"frozenset({'Garlic, raw', 'Pasta, unenriched, dry, raw'})","frozenset({'Vegetable oil, olive oil', 'Tomato, peeled tomato, canned'})",0.08292242516841447,0.08526055050119222,0.051554506099960644,0.6217197096594081,7.291997365777207,1.0,0.04448449448120771,2.4181525521068115,0.940883722488131,0.44204049225883285,0.5864611605546757,0.613194907775672
"frozenset({'Vegetable oil, olive oil', 'Tomato, peeled tomato, canned'})","frozenset({'Garlic, raw', 'Pasta, unenriched, dry, raw'})",0.08526055050119222,0.08292242516841447,0.051554506099960644,0.6046701058919358,7.291997365777206,1.0,0.04448449448120771,2.319777958863138,0.9432886740488766,0.44204049225883285,0.5689242601088969,0.613194907775672
"frozenset({'Tomato, peeled tomato, canned', 'Onion, raw'})","frozenset({'Celery, raw', 'Vegetable oil, olive oil'})",0.0815102900664398,0.03916938676296965,0.023265504548927007,0.2854302754899176,7.2870754198214955,1.0,0.020072796472152783,1.3446282151063529,0.9393363106837022,0.23883079847908745,0.256300002658426,0.43970095334779563
"frozenset({'Celery, raw', 'Vegetable oil, olive oil'})","frozenset({'Tomato, peeled tomato, canned', 'Onion, raw'})",0.03916938676296965,0.0815102900664398,0.023265504548927007,0.5939716312056736,7.2870754198214955,1.0,0.020072796472152783,2.262131862019772,0.8979425963784258,0.23883079847908745,0.5579391207075179,0.43970095334779563
"frozenset({""Cheese, Mozzarella, cow's milk""})","frozenset({'Wheat flour, white, 9% protein, pastry flour, Italian ""tipo 00"" flour'})",0.0602125147579693,0.08285297590110424,0.03625251753594,0.6020761245674742,7.266801439771216,1.0,0.031263731501753086,2.304830347518095,0.9176413677583319,0.3394018205461639,0.5661285868277344,0.5198142567514655
"frozenset({'Wheat flour, white, 9% protein, pastry flour, Italian ""tipo 00"" flour'})","frozenset({""Cheese, Mozzarella, cow's milk""})",0.08285297590110424,0.0602125147579693,0.03625251753594,0.4375523889354569,7.266801439771216,1.0,0.031263731501753086,1.670888926816308,0.940294032144915,0.3394018205461639,0.4015161726486583,0.5198142567514655
"frozenset({'Tomato, peeled tomato, canned', 'Onion, raw'})","frozenset({'Garlic, raw', 'Vegetable oil, olive oil', 'Pasta, unenriched, dry, raw'})",0.0815102900664398,0.08213533347223187,0.04780424566520823,0.5864811133200796,7.140424084579334,1.0,0.04110937080918285,2.2196438810743624,0.9362677518407577,0.412669864108713,0.5494772794291779,0.5842495758257669
"frozenset({'Garlic, raw', 'Vegetable oil, olive oil', 'Pasta, unenriched, dry, raw'})","frozenset({'Tomato, peeled tomato, canned', 'Onion, raw'})",0.08213533347223187,0.0815102900664398,0.04780424566520823,0.5820180383314543,7.140424084579332,1.0,0.04110937080918285,2.1974386317223673,0.9369053272978864,0.412669864108713,0.5449247202793586,0.5842495758257669
"frozenset({'Garlic, raw', 'Vegetable oil, olive oil', 'Onion, raw'})","frozenset({'Cheese, Parmesan, hard type', 'Tomato, peeled tomato, canned'})",0.07982035789522421,0.0366460633840313,0.020881079704609118,0.26160092807424595,7.138581989907266,1.0,0.01795597780984467,1.3046521498239827,0.9345089996267599,0.21845483167837249,0.2335121663388091,0.41570254868652284
"frozenset({'Cheese, Parmesan, hard type', 'Tomato, peeled tomato, canned'})","frozenset({'Garlic, raw', 'Vegetable oil, olive oil', 'Onion, raw'})",0.0366460633840313,0.07982035789522421,0.020881079704609118,0.5698041692987997,7.138581989907266,1.0,0.01795597780984467,2.1389785219557416,0.8926274385102149,0.21845483167837249,0.5324871242345782,0.41570254868652284
"frozenset({'Tomato, sauce type, red ripe, raw', 'Vegetable oil, olive oil'})","frozenset({'Parsley, raw', 'Onion, raw'})",0.05282774266731486,0.05349908558464708,0.02004768849688636,0.3794916739702016,7.093423557114149,1.0,0.01722145257068397,1.5253637617908444,0.9069357161625282,0.2323584652535552,0.34441867241820673,0.3771106141378485
"frozenset({'Parsley, raw', 'Onion, raw'})","frozenset({'Tomato, sauce type, red ripe, raw', 'Vegetable oil, olive oil'})",0.05349908558464708,0.05282774266731486,0.02004768849688636,0.3747295543054955,7.093423557114149,1.0,0.01722145257068397,1.5148201292012702,0.9075789959103322,0.2323584652535552,0.3398556167013195,0.3771106141378485
"frozenset({'Cheese, Parmesan, hard type', 'Tomato, peeled tomato, canned'})","frozenset({'Garlic, raw', 'Onion, raw'})",0.0366460633840313,0.08056115007986665,0.020927379216149268,0.571067593177511,7.088622650140501,1.0,0.017975130204032016,2.1435518400936244,0.8916025963011938,0.2173599422938206,0.5334845739227269,0.4154188540600199
"frozenset({'Garlic, raw', 'Onion, raw'})","frozenset({'Cheese, Parmesan, hard type', 'Tomato, peeled tomato, canned'})",0.08056115007986665,0.0366460633840313,0.020927379216149268,0.2597701149425287,7.0886226501405005,1.0,0.017975130204032016,1.3014253491551129,0.9341881421677839,0.2173599422938206,0.23161170892421812,0.4154188540600199
"frozenset({'Alcoholic beverage, wine, red wine, table type', 'Onion, raw'})","frozenset({'Carrots, raw'})",0.04437808181123689,0.06826862976595596,0.021459823598861033,0.48356807511737093,7.083313035213657,1.0,0.018430192761966398,1.8041707441804675,0.8987059720027095,0.23533891850723535,0.44572873536188307,0.39895596024434166
"frozenset({'Carrots, raw'})","frozenset({'Alcoholic beverage, wine, red wine, table type', 'Onion, raw'})",0.06826862976595596,0.04437808181123689,0.021459823598861033,0.3143438453713124,7.083313035213657,1.0,0.018430192761966398,1.3937334504147687,0.9217497148745738,0.23533891850723535,0.2825026910974947,0.39895596024434166
"frozenset({'Tomato, peeled tomato, canned', 'Onion, raw'})","frozenset({'Garlic, raw', 'Pasta, unenriched, dry, raw'})",0.0815102900664398,0.08292242516841447,0.04780424566520823,0.5864811133200796,7.0726478649043765,1.0,0.04104521473671812,2.2177404814436903,0.9348065944318472,0.4098848749503772,0.5490906134567077,0.5814873461631107
"frozenset({'Garlic, raw', 'Pasta, unenriched, dry, raw'})","frozenset({'Tomato, peeled tomato, canned', 'Onion, raw'})",0.08292242516841447,0.0815102900664398,0.04780424566520823,0.5764935790061418,7.0726478649043765,1.0,0.04104521473671812,2.1687739887818145,0.9362460290465219,0.4098848749503772,0.5389099993025585,0.5814873461631107
"frozenset({'Butter', 'Sugar'})","frozenset({'Egg, chicken, whole, raw, fresh'})",0.027548209366391185,0.10810935944625784,0.020927379216149268,0.7596638655462185,7.026809421841541,1.0,0.017949159947657316,3.7110135044019334,0.8819850083983053,0.1824051654560129,0.7305318348171411,0.47661994133841973
"frozenset({'Egg, chicken, whole, raw, fresh'})","frozenset({'Butter', 'Sugar'})",0.10810935944625784,0.027548209366391185,0.020927379216149268,0.19357601713062098,7.026809421841541,1.0,0.017949159947657316,1.2058815353847459,0.9616514197261041,0.1824051654560129,0.17073114509466125,0.47661994133841973
"frozenset({'Carrots, raw'})","frozenset({'Vegetable oil, extra-virgin olive oil', 'Onion, raw'})",0.06826862976595596,0.04984142417297498,0.023774799175868694,0.34825364530349273,6.987233031200638,1.0,0.0203721934419959,1.4578655775826728,0.9196661806826885,0.2520245398773006,0.31406570305464804,0.4126312350994937
"frozenset({'Vegetable oil, extra-virgin olive oil', 'Onion, raw'})","frozenset({'Carrots, raw'})",0.04984142417297498,0.06826862976595596,0.023774799175868694,0.4770088248954946,6.987233031200638,1.0,0.0203721934419959,1.7815431972592335,0.9018303391510781,0.2520245398773006,0.4386888841435768,0.4126312350994937
"frozenset({'Alcoholic beverage, wine, red wine, table type', 'Pasta, unenriched, dry, raw'})","frozenset({'Tomato, peeled tomato, canned', 'Onion, raw'})",0.037965599462925666,0.0815102900664398,0.02162187188925157,0.5695121951219513,6.986997527032925,1.0,0.018527284864482227,2.133602159052463,0.8906926885953551,0.22096049207475751,0.5313090607088147,0.41738887234086774
"frozenset({'Tomato, peeled tomato, canned', 'Onion, raw'})","frozenset({'Alcoholic beverage, wine, red wine, table type', 'Pasta, unenriched, dry, raw'})",0.0815102900664398,0.037965599462925666,0.02162187188925157,0.26526554955978415,6.9869975270329245,1.0,0.018527284864482227,1.3093634032821952,0.9329195498527365,0.22096049207475751,0.23627008552912857,0.41738887234086774
"frozenset({'Garlic, raw', 'Tomato, peeled tomato, canned', 'Onion, raw'})","frozenset({'Vegetable oil, olive oil', 'Pasta, unenriched, dry, raw'})",0.05324443827117624,0.1292450864643378,0.04780424566520823,0.8978260869565217,6.946694156951615,1.0,0.040922663637104964,8.522282132476688,0.9041897080251392,0.35493296665520796,0.8826605380512804,0.6338494575925363
"frozenset({'Vegetable oil, olive oil', 'Pasta, unenriched, dry, raw'})","frozenset({'Garlic, raw', 'Tomato, peeled tomato, canned', 'Onion, raw'})",0.1292450864643378,0.05324443827117624,0.04780424566520823,0.36987282822855094,6.946694156951615,1.0,0.040922663637104964,1.5024833147049526,0.9831085895970679,0.35493296665520796,0.3344352045624059,0.6338494575925363
"frozenset({'Tomato, peeled tomato, canned', 'Onion, raw'})","frozenset({'Vegetable oil, extra-virgin olive oil', 'Pasta, unenriched, dry, raw'})",0.0815102900664398,0.043035395976572445,0.02414519526818992,0.2962226640159046,6.883233145505665,1.0,0.0206373676590154,1.3597547904626668,0.9305705070128442,0.24048881715471523,0.2645732840847411,0.42863849715050206
"frozenset({'Vegetable oil, extra-virgin olive oil', 'Pasta, unenriched, dry, raw'})","frozenset({'Tomato, peeled tomato, canned', 'Onion, raw'})",0.043035395976572445,0.0815102900664398,0.02414519526818992,0.5610543302850995,6.883233145505665,1.0,0.0206373676590154,2.092490650449128,0.8931567912390925,0.24048881715471523,0.5221006125951569,0.42863849715050206
"frozenset({'Vegetable oil, olive oil', 'Pasta, unenriched, dry, raw'})","frozenset({'Garlic, raw', 'Tomato, peeled tomato, canned'})",0.1292450864643378,0.05852258258675371,0.051554506099960644,0.39888948593945905,6.815992533278012,1.0,0.04399074985341931,1.566230161328413,0.9799384545431818,0.3784840244731475,0.3615242352683079,0.6399115151216282
"frozenset({'Garlic, raw', 'Tomato, peeled tomato, canned'})","frozenset({'Vegetable oil, olive oil', 'Pasta, unenriched, dry, raw'})",0.05852258258675371,0.1292450864643378,0.051554506099960644,0.8809335443037974,6.815992533278012,1.0,0.04399074985341931,7.313184124312803,0.9063268098351877,0.3784840244731475,0.8632606559603109,0.6399115151216282
"frozenset({'Egg, chicken, whole, raw, fresh'})","frozenset({'Sugar', 'Wheat flour, white, 9% protein, pastry flour, Italian ""tipo 00"" flour'})",0.10810935944625784,0.03541912632821724,0.026089774752876358,0.24132762312633835,6.8134832262669525,1.0,0.022260635693386707,1.2714063449187767,0.9566556177464041,0.2221565148827124,0.213469396313352,0.4889644651579404
"frozenset({'Sugar', 'Wheat flour, white, 9% protein, pastry flour, Italian ""tipo 00"" flour'})","frozenset({'Egg, chicken, whole, raw, fresh'})",0.03541912632821724,0.10810935944625784,0.026089774752876358,0.7366013071895424,6.813483226266952,1.0,0.022260635693386707,3.3860860547077545,0.8845626271369598,0.2221565148827124,0.7046737785622204,0.4889644651579404
"frozenset({'Garlic, raw', 'Vegetable oil, olive oil', 'Onion, raw'})","frozenset({'Tomato, peeled tomato, canned'})",0.07982035789522421,0.09803921568627451,0.05319813875963609,0.6664733178654293,6.798027842227379,1.0,0.04537261347579058,2.7043137254901968,0.9268826157418919,0.4267409470752089,0.6302204176334107,0.6045471666068587
"frozenset({'Tomato, peeled tomato, canned'})","frozenset({'Garlic, raw', 'Vegetable oil, olive oil', 'Onion, raw'})",0.09803921568627451,0.07982035789522421,0.05319813875963609,0.5426210153482881,6.798027842227378,1.0,0.04537261347579058,2.0118537864293886,0.9456048738033072,0.4267409470752089,0.5029459860625425,0.6045471666068587
"frozenset({'Lettuce, raw'})",frozenset({'Vinegar'}),0.08840891728592264,0.04673935689978471,0.028034354237562793,0.31709871694160774,6.7844047923361215,1.0,0.02390217829941251,1.3958981579753535,0.9352912185810575,0.26172465960665653,0.28361535955429185,0.4584502995307345
frozenset({'Vinegar'}),"frozenset({'Lettuce, raw'})",0.04673935689978471,0.08840891728592264,0.028034354237562793,0.5998018821198613,6.7844047923361215,1.0,0.02390217829941251,2.277849499999656,0.8944071495770772,0.26172465960665653,0.560989433235097,0.4584502995307345
"frozenset({'Cheese, Parmesan, hard type', 'Vegetable oil, olive oil', 'Onion, raw'})","frozenset({'Garlic, raw', 'Tomato, peeled tomato, canned'})",0.0526888441326944,0.05852258258675371,0.020881079704609118,0.39630931458699475,6.771904059420258,1.0,0.017797592472452915,1.55953610046037,0.8997371551078543,0.23116350589441312,0.3587836795154642,0.37655655602767457
"frozenset({'Garlic, raw', 'Tomato, peeled tomato, canned'})","frozenset({'Cheese, Parmesan, hard type', 'Vegetable oil, olive oil', 'Onion, raw'})",0.05852258258675371,0.0526888441326944,0.020881079704609118,0.35680379746835444,6.771904059420257,1.0,0.017797592472452915,1.4728183284333018,0.9053122556288208,0.23116350589441312,0.3210296336658563,0.37655655602767457
"frozenset({'Vinegar', 'Vegetable oil, olive oil'})","frozenset({'Lettuce, raw'})",0.03472463365511494,0.08840891728592264,0.02071903141421858,0.5966666666666666,6.748942131448022,1.0,0.017649064149619555,2.260143180282836,0.882472152451786,0.2023056057866184,0.5575501549088323,0.4155106048703848
"frozenset({'Lettuce, raw'})","frozenset({'Vinegar', 'Vegetable oil, olive oil'})",0.08840891728592264,0.03472463365511494,0.02071903141421858,0.23435454307410314,6.748942131448022,1.0,0.017649064149619555,1.2607341395592053,0.9344416004058642,0.2023056057866184,0.2068113580634586,0.4155106048703848
"frozenset({'Garlic, raw', 'Onion, raw'})","frozenset({'Tomato, peeled tomato, canned'})",0.08056115007986665,0.09803921568627451,0.05324443827117624,0.6609195402298851,6.741379310344828,1.0,0.045346286302561864,2.660019940179462,0.9262849880294388,0.4247460757156048,0.6240629685157422,0.6020064052979414
"frozenset({'Tomato, peeled tomato, canned'})","frozenset({'Garlic, raw', 'Onion, raw'})",0.09803921568627451,0.08056115007986665,0.05324443827117624,0.5430932703659976,6.741379310344828,1.0,0.045346286302561864,2.012311901504788,0.9442344045368621,0.4247460757156048,0.5030591434398368,0.6020064052979414
"frozenset({'Alcoholic beverage, wine, red wine, table type', 'Onion, raw'})","frozenset({'Tomato, peeled tomato, canned', 'Pasta, unenriched, dry, raw'})",0.04437808181123689,0.07301432969882168,0.02162187188925157,0.4872196139801774,6.6729314093537475,1.0,0.018381635992484636,1.8077635096310876,0.8896204745779593,0.22576746434614456,0.4468302990560578,0.39167575499262514
"frozenset({'Tomato, peeled tomato, canned', 'Pasta, unenriched, dry, raw'})","frozenset({'Alcoholic beverage, wine, red wine, table type', 'Onion, raw'})",0.07301432969882168,0.04437808181123689,0.02162187188925157,0.2961318960050729,6.6729314093537475,1.0,0.018381635992484636,1.3576718603456572,0.9171024446364697,0.22576746434614456,0.26344499786170383,0.39167575499262514
"frozenset({'Vegetable oil, extra-virgin olive oil', 'Onion, raw'})","frozenset({'Tomato, peeled tomato, canned', 'Pasta, unenriched, dry, raw'})",0.04984142417297498,0.07301432969882168,0.02414519526818992,0.48444031583836505,6.634866304143897,1.0,0.020506057090965504,1.798018151494087,0.8938308657930226,0.2446060037523452,0.4438320885865159,0.4075657508170899
"frozenset({'Tomato, peeled tomato, canned', 'Pasta, unenriched, dry, raw'})","frozenset({'Vegetable oil, extra-virgin olive oil', 'Onion, raw'})",0.07301432969882168,0.04984142417297498,0.02414519526818992,0.3306911857958148,6.634866304143897,1.0,0.020506057090965504,1.4196116286870852,0.916174963304668,0.2446060037523452,0.29558198890999443,0.4075657508170899
"frozenset({'Tomato, peeled tomato, canned', 'Onion, raw', 'Pasta, unenriched, dry, raw'})","frozenset({'Celery, raw'})",0.06884737366020789,0.054216728013519455,0.02442299233743084,0.3547410894418292,6.54301914629321,1.0,0.020690313005250205,1.4657422881124509,0.909802896246789,0.24759446139403896,0.31775182574026917,0.4026053867362861
"frozenset({'Celery, raw'})","frozenset({'Tomato, peeled tomato, canned', 'Onion, raw', 'Pasta, unenriched, dry, raw'})",0.054216728013519455,0.06884737366020789,0.02442299233743084,0.450469684030743,6.543019146293209,1.0,0.020690313005250205,1.694451787791603,0.8957288433664079,0.24759446139403896,0.40983862320254594,0.4026053867362861
"frozenset({'Celery, raw'})","frozenset({'Tomato, peeled tomato, canned', 'Onion, raw'})",0.054216728013519455,0.0815102900664398,0.028798296177975323,0.5311699402220325,6.5165998033999255,1.0,0.02437907495114008,1.9591101098947157,0.8950737078547337,0.2693223641480841,0.48956416745062853,0.4422393296679603
"frozenset({'Tomato, peeled tomato, canned', 'Onion, raw'})","frozenset({'Celery, raw'})",0.0815102900664398,0.054216728013519455,0.028798296177975323,0.3533087191138881,6.5165998033999255,1.0,0.02437907495114008,1.4624957842180053,0.9216714470814887,0.2693223641480841,0.31623734523467445,0.4422393296679603
"frozenset({""Cheese, Mozzarella, cow's milk""})","frozenset({'Tomato, sauce type, red ripe, raw'})",0.0602125147579693,0.07218093849109893,0.02831215130680371,0.47020376778162243,6.514237381931604,1.0,0.023965955482664343,1.7512753113096164,0.9007250068823265,0.27201957295373663,0.4289875535033994,0.4312211911390472
"frozenset({'Tomato, sauce type, red ripe, raw'})","frozenset({""Cheese, Mozzarella, cow's milk""})",0.07218093849109893,0.0602125147579693,0.02831215130680371,0.392238614496472,6.514237381931604,1.0,0.023965955482664343,1.546309962524882,0.9123439302226835,0.27201957295373663,0.353299128741849,0.4312211911390472
"frozenset({'Tomato, peeled tomato, canned', 'Onion, raw'})","frozenset({'Cheese, Parmesan, hard type', 'Vegetable oil, olive oil', 'Pasta, unenriched, dry, raw'})",0.0815102900664398,0.046484709586313865,0.02463134013936153,0.3021868787276342,6.500780179480884,1.0,0.02084235797732687,1.3664335928150546,0.9212648770833223,0.23829787234042554,0.2681678749277141,0.4160336784076418
"frozenset({'Cheese, Parmesan, hard type', 'Vegetable oil, olive oil', 'Pasta, unenriched, dry, raw'})","frozenset({'Tomato, peeled tomato, canned', 'Onion, raw'})",0.046484709586313865,0.0815102900664398,0.02463134013936153,0.5298804780876494,6.500780179480883,1.0,0.02084235797732687,1.9537365863840983,0.8874239545305275,0.23829787234042554,0.4881602735142704,0.4160336784076418
"frozenset({'Carrots, raw', 'Onion, raw'})","frozenset({'Potato, raw'})",0.05201750121536218,0.08421881149153876,0.028381600574113944,0.5456163773920784,6.478557079220893,1.0,0.02400074844499647,2.0154361709877695,0.8920466808884427,0.26314659798239964,0.5038294864431763,0.44130736406712223
"frozenset({'Potato, raw'})","frozenset({'Carrots, raw', 'Onion, raw'})",0.08421881149153876,0.05201750121536218,0.028381600574113944,0.33699835074216605,6.478557079220893,1.0,0.02400074844499647,1.4298342995764979,0.9234134225430808,0.26314659798239964,0.3006182602444285,0.44130736406712223
"frozenset({'Celery, raw', 'Onion, raw'})","frozenset({'Tomato, peeled tomato, canned', 'Pasta, unenriched, dry, raw'})",0.0519943514595921,0.07301432969882168,0.02442299233743084,0.4697239536954586,6.433311866766875,1.0,0.020626659617483774,1.74811907262506,0.8908797833869423,0.24280782508630608,0.42795658736315273,0.40210991597265
"frozenset({'Tomato, peeled tomato, canned', 'Pasta, unenriched, dry, raw'})","frozenset({'Celery, raw', 'Onion, raw'})",0.07301432969882168,0.0519943514595921,0.02442299233743084,0.33449587824984145,6.433311866766875,1.0,0.020626659617483774,1.424492527630513,0.911081038120987,0.24280782508630608,0.2979956155590438,0.40210991597265
"frozenset({'Cheese, Parmesan, hard type', 'Vegetable oil, olive oil', 'Onion, raw'})","frozenset({'Pasta, unenriched, dry, raw', 'Tomato, peeled tomato, canned'})",0.0526888441326944,0.07301432969882168,0.02463134013936153,0.46748681898066785,6.402672200224448,1.0,0.020784299502407157,1.7407750706315854,0.8907476775808439,0.24370132844709116,0.42554324400039734,0.4024181082855146
"frozenset({'Pasta, unenriched, dry, raw', 'Tomato, peeled tomato, canned'})","frozenset({'Cheese, Parmesan, hard type', 'Vegetable oil, olive oil', 'Onion, raw'})",0.07301432969882168,0.0526888441326944,0.02463134013936153,0.3373493975903614,6.402672200224447,1.0,0.020784299502407157,1.429578653399752,0.9102785933692709,0.24370132844709116,0.30049319243691114,0.4024181082855146
"frozenset({'Tomato, peeled tomato, canned'})","frozenset({'Garlic, raw', 'Vegetable oil, olive oil', 'Pasta, unenriched, dry, raw'})",0.09803921568627451,0.08213533347223187,0.051554506099960644,0.5258559622195986,6.402311161217588,1.0,0.04350202242621242,1.9358350910085151,0.935524491907616,0.40082793376529874,0.48342707256172923,0.5767667635224261
"frozenset({'Garlic, raw', 'Vegetable oil, olive oil', 'Pasta, unenriched, dry, raw'})","frozenset({'Tomato, peeled tomato, canned'})",0.08213533347223187,0.09803921568627451,0.051554506099960644,0.6276775648252536,6.402311161217587,1.0,0.04350202242621242,2.422526012676077,0.9193146171077338,0.40082793376529874,0.5872077349149551,0.5767667635224261
"frozenset({'Vegetable oil, olive oil', 'Onion, raw'})","frozenset({'Cheese, Parmesan, hard type', 'Garlic, raw', 'Tomato, peeled tomato, canned'})",0.14605180915341343,0.022339514318123945,0.020881079704609118,0.1429703598034554,6.399886665730428,1.0,0.017618353222838532,1.1407545781703265,0.9880543597903595,0.14155681104833648,0.12338725687700945,0.5388426928550956
"frozenset({'Cheese, Parmesan, hard type', 'Garlic, raw', 'Tomato, peeled tomato, canned'})","frozenset({'Vegetable oil, olive oil', 'Onion, raw'})",0.022339514318123945,0.14605180915341343,0.020881079704609118,0.9347150259067357,6.399886665730427,1.0,0.017618353222838532,13.080317526459613,0.8630268333005017,0.14155681104833648,0.9235492565087091,0.5388426928550956
"frozenset({'Cheese, Parmesan, hard type', 'Garlic, raw'})","frozenset({'Tomato, peeled tomato, canned', 'Vegetable oil, olive oil', 'Onion, raw'})",0.043382642313123596,0.07525985600851912,0.020881079704609118,0.48132337246531487,6.395486225894865,1.0,0.017616108290854346,1.7828837755555917,0.8818988238941575,0.21359223300970875,0.43911094278236135,0.3793882319109103
"frozenset({'Tomato, peeled tomato, canned', 'Vegetable oil, olive oil', 'Onion, raw'})","frozenset({'Cheese, Parmesan, hard type', 'Garlic, raw'})",0.07525985600851912,0.043382642313123596,0.020881079704609118,0.2774530913565057,6.395486225894865,1.0,0.017616108290854346,1.3239519071264516,0.9122992314569236,0.21359223300970875,0.2446855549531006,0.3793882319109103
"frozenset({'Celery, raw', 'Vegetable oil, olive oil', 'Onion, raw'})","frozenset({'Tomato, peeled tomato, canned'})",0.03717850776674306,0.09803921568627451,0.023265504548927007,0.6257783312577834,6.38293897882939,1.0,0.019620552807089454,2.410231313823367,0.8758968974224356,0.20781637717121584,0.5851020629162381,0.43154323882841944
"frozenset({'Tomato, peeled tomato, canned'})","frozenset({'Celery, raw', 'Vegetable oil, olive oil', 'Onion, raw'})",0.09803921568627451,0.03717850776674306,0.023265504548927007,0.23730814639905548,6.38293897882939,1.0,0.019620552807089454,1.26239907727797,0.9349989184512223,0.20781637717121584,0.2078574691640018,0.43154323882841944
"frozenset({'Garlic, raw', 'Pasta, unenriched, dry, raw'})","frozenset({'Tomato, peeled tomato, canned'})",0.08292242516841447,0.09803921568627451,0.05164710512304095,0.6228364042434394,6.352931323283083,1.0,0.043517455596725804,2.391431183872513,0.91877979746001,0.399391335481561,0.581840361226422,0.5748184382492285
"frozenset({'Tomato, peeled tomato, canned'})","frozenset({'Garlic, raw', 'Pasta, unenriched, dry, raw'})",0.09803921568627451,0.08292242516841447,0.05164710512304095,0.5268004722550177,6.352931323283082,1.0,0.043517455596725804,1.938035693319244,0.9341784732913686,0.399391335481561,0.4840136312003029,0.5748184382492285
"frozenset({'Vegetable oil, olive oil', 'Onion, raw'})","frozenset({'Pasta, unenriched, dry, raw', 'Garlic, raw', 'Tomato, peeled tomato, canned'})",0.14605180915341343,0.05164710512304095,0.04780424566520823,0.32731019178950704,6.337435389839237,1.0,0.04026109252445157,1.4097922746886744,0.9862512425545187,0.318918918918919,0.2906756421112956,0.6264520479341977
"frozenset({'Pasta, unenriched, dry, raw', 'Garlic, raw', 'Tomato, peeled tomato, canned'})","frozenset({'Vegetable oil, olive oil', 'Onion, raw'})",0.05164710512304095,0.14605180915341343,0.04780424566520823,0.9255939040788884,6.337435389839237,1.0,0.04026109252445157,11.476857914329731,0.888073910934704,0.318918918918919,0.9128681379986918,0.6264520479341977
"frozenset({'Celery, raw', 'Onion, raw'})","frozenset({'Potato, raw'})",0.0519943514595921,0.08421881149153876,0.027455610343310878,0.5280498664292075,6.269975283161759,1.0,0.023076707859110677,1.940419386216985,0.8866083650418715,0.25244785014899956,0.48464749058728673,0.42702658247243774
"frozenset({'Potato, raw'})","frozenset({'Celery, raw', 'Onion, raw'})",0.08421881149153876,0.0519943514595921,0.027455610343310878,0.32600329851566795,6.269975283161758,1.0,0.023076707859110677,1.406543454074227,0.9178062933044232,0.25244785014899956,0.28903725149523357,0.42702658247243774
"frozenset({'Vegetable oil, olive oil', 'Onion, raw'})","frozenset({'Garlic, raw', 'Tomato, peeled tomato, canned'})",0.14605180915341343,0.05852258258675371,0.05319813875963609,0.36424155967665245,6.22394883439571,1.0,0.04465080969651066,1.4808728562603268,0.9828819918086673,0.3514298822449916,0.3247225811638436,0.6366302735092123
"frozenset({'Garlic, raw', 'Tomato, peeled tomato, canned'})","frozenset({'Vegetable oil, olive oil', 'Onion, raw'})",0.05852258258675371,0.14605180915341343,0.05319813875963609,0.9090189873417722,6.22394883439571,1.0,0.04465080969651066,9.386004462870316,0.8915033788349387,0.3514298822449916,0.8934583928703789,0.6366302735092123
"frozenset({'Cheese, Parmesan, hard type', 'Onion, raw'})","frozenset({'Tomato, peeled tomato, canned', 'Pasta, unenriched, dry, raw'})",0.05970322013102762,0.07301432969882168,0.027015764983679424,0.4525009693679721,6.197426878182717,1.0,0.022656574384951243,1.693127509707322,0.8918915058827828,0.2555847568988174,0.4093770290384909,0.4112536552610311
"frozenset({'Tomato, peeled tomato, canned', 'Pasta, unenriched, dry, raw'})","frozenset({'Cheese, Parmesan, hard type', 'Onion, raw'})",0.07301432969882168,0.05970322013102762,0.027015764983679424,0.37000634115409003,6.197426878182717,1.0,0.022656574384951243,1.492549594215772,0.9046986785692099,0.2555847568988174,0.33000551279810003,0.4112536552610311
"frozenset({'Vegetable oil, extra-virgin olive oil', 'Vegetable oil, olive oil', 'Onion, raw'})","frozenset({'Tomato, peeled tomato, canned'})",0.03759520337060444,0.09803921568627451,0.022825659189295553,0.6071428571428572,6.192857142857144,1.0,0.019139854937275512,2.29590017825312,0.8712795776670662,0.20233942130104657,0.56444099378882,0.41998229043683594
"frozenset({'Tomato, peeled tomato, canned'})","frozenset({'Vegetable oil, extra-virgin olive oil', 'Vegetable oil, olive oil', 'Onion, raw'})",0.09803921568627451,0.03759520337060444,0.022825659189295553,0.23282172373081464,6.192857142857143,1.0,0.019139854937275512,1.254473472984146,0.9296675191815857,0.20233942130104657,0.20285281312390255,0.41998229043683594
"frozenset({'Celery, raw'})","frozenset({'Tomato, peeled tomato, canned', 'Pasta, unenriched, dry, raw'})",0.054216728013519455,0.07301432969882168,0.024469291848970995,0.4513236549957302,6.181302449223384,1.0,0.02051069379460054,1.6894945057162334,0.8862725977732125,0.23811669294886237,0.40810698311441596,0.39322682432728806
"frozenset({'Tomato, peeled tomato, canned', 'Pasta, unenriched, dry, raw'})","frozenset({'Celery, raw'})",0.07301432969882168,0.054216728013519455,0.024469291848970995,0.3351299936588459,6.181302449223384,1.0,0.02051069379460054,1.4225085550049401,0.9042446115931522,0.23811669294886237,0.2970165300717456,0.39322682432728806
"frozenset({'Pasta, unenriched, dry, raw'})","frozenset({'Garlic, raw', 'Tomato, peeled tomato, canned', 'Vegetable oil, olive oil', 'Onion, raw'})",0.1468620506053661,0.05319813875963609,0.04780424566520823,0.3255044136191677,6.118718083162396,1.0,0.03999145791857927,1.4037183939492566,0.9805765580403895,0.3139729359890528,0.28760640003685145,0.6120559491942661
"frozenset({'Garlic, raw', 'Tomato, peeled tomato, canned', 'Vegetable oil, olive oil', 'Onion, raw'})","frozenset({'Pasta, unenriched, dry, raw'})",0.05319813875963609,0.1468620506053661,0.04780424566520823,0.8986074847693646,6.118718083162396,1.0,0.03999145791857927,8.41421033351445,0.8835714294594604,0.3139729359890528,0.8811534344444751,0.6120559491942661
"frozenset({'Pasta, unenriched, dry, raw'})","frozenset({'Garlic, raw', 'Tomato, peeled tomato, canned', 'Onion, raw'})",0.1468620506053661,0.05324443827117624,0.04780424566520823,0.3255044136191677,6.113397458742256,1.0,0.03998465827737245,1.4036497507846828,0.9804098332167017,0.31387748898008816,0.28757156160860664,0.6116652502878447
"frozenset({'Garlic, raw', 'Tomato, peeled tomato, canned', 'Onion, raw'})","frozenset({'Pasta, unenriched, dry, raw'})",0.05324443827117624,0.1468620506053661,0.04780424566520823,0.8978260869565217,6.113397458742255,1.0,0.03998465827737245,8.349860781309175,0.8834644004092014,0.31387748898008816,0.8802375241706475,0.6116652502878447
"frozenset({'Cheese, Parmesan, hard type', 'Pasta, unenriched, dry, raw', 'Tomato, peeled tomato, canned'})","frozenset({'Vegetable oil, olive oil', 'Onion, raw'})",0.027663958145241568,0.14605180915341343,0.02463134013936153,0.8903765690376569,6.096306332654885,1.0,0.020590969003904693,7.789832733295201,0.8597503457586875,0.16521739130434784,0.871627538839722,0.5295122661323964
"frozenset({'Vegetable oil, olive oil', 'Onion, raw'})","frozenset({'Cheese, Parmesan, hard type', 'Pasta, unenriched, dry, raw', 'Tomato, peeled tomato, canned'})",0.14605180915341343,0.027663958145241568,0.02463134013936153,0.16864796322713585,6.096306332654885,1.0,0.020590969003904693,1.1695840015370202,0.9789425835652893,0.16521739130434784,0.14499514469602848,0.5295122661323964
"frozenset({'Vegetable oil, olive oil', 'Pasta, unenriched, dry, raw'})","frozenset({'Cheese, Parmesan, hard type', 'Tomato, peeled tomato, canned', 'Onion, raw'})",0.1292450864643378,0.03127532004537352,0.02463134013936153,0.19057854200250762,6.0935760761527185,1.0,0.02058915869589739,1.1968112166821598,0.9599632905441142,0.18126064735945485,0.1644463336730469,0.4890716544209429
"frozenset({'Cheese, Parmesan, hard type', 'Tomato, peeled tomato, canned', 'Onion, raw'})","frozenset({'Vegetable oil, olive oil', 'Pasta, unenriched, dry, raw'})",0.03127532004537352,0.1292450864643378,0.02463134013936153,0.7875647668393783,6.093576076152718,1.0,0.02058915869589739,4.098919471033728,0.8628795873088542,0.18126064735945485,0.7560332650917376,0.4890716544209429
"frozenset({'Cheese, Parmesan, hard type', 'Onion, raw'})","frozenset({'Pasta, unenriched, dry, raw', 'Vegetable oil, olive oil', 'Tomato, peeled tomato, canned'})",0.05970322013102762,0.0677361853832442,0.02463134013936153,0.4125630089181853,6.090732842186894,1.0,0.020587271752589606,1.5870022296347281,0.8888854694962823,0.23958567890114837,0.36988116252983166,0.3880996862772745
"frozenset({'Pasta, unenriched, dry, raw', 'Vegetable oil, olive oil', 'Tomato, peeled tomato, canned'})","frozenset({'Cheese, Parmesan, hard type', 'Onion, raw'})",0.0677361853832442,0.05970322013102762,0.02463134013936153,0.36363636363636365,6.090732842186894,1.0,0.020587271752589606,1.4776092255083852,0.8965446599289811,0.23958567890114837,0.32323107981682997,0.3880996862772745
"frozenset({'Cheese, Parmesan, hard type', 'Pasta, unenriched, dry, raw'})","frozenset({'Tomato, peeled tomato, canned', 'Onion, raw'})",0.054587124105840684,0.0815102900664398,0.027015764983679424,0.494910941475827,6.071760278026498,1.0,0.0225663526639196,1.8184708111027164,0.8835326205084849,0.2476655348047538,0.4500874064656543,0.41317543665668655
"frozenset({'Tomato, peeled tomato, canned', 'Onion, raw'})","frozenset({'Cheese, Parmesan, hard type', 'Pasta, unenriched, dry, raw'})",0.0815102900664398,0.054587124105840684,0.027015764983679424,0.33143993183754616,6.071760278026497,1.0,0.0225663526639196,1.414103116407534,0.9094311092082371,0.2476655348047538,0.29283799151758083,0.41317543665668655
"frozenset({'Lettuce, raw', 'Vegetable oil, olive oil'})",frozenset({'Vinegar'}),0.07301432969882168,0.04673935689978471,0.02071903141421858,0.2837666455294863,6.071256952420614,1.0,0.017306388599626802,1.3309358425578037,0.9010813096591556,0.2092099111734455,0.24864898214913841,0.3635277011698942
frozenset({'Vinegar'}),"frozenset({'Lettuce, raw', 'Vegetable oil, olive oil'})",0.04673935689978471,0.07301432969882168,0.02071903141421858,0.4432887568103021,6.071256952420614,1.0,0.017306388599626802,1.6651103810837,0.8762445694953995,0.2092099111734455,0.3994392135438059,0.3635277011698942
"frozenset({'Tomato, peeled tomato, canned'})","frozenset({'Celery, raw', 'Vegetable oil, olive oil'})",0.09803921568627451,0.03916938676296965,0.02331180406046716,0.23778040141676504,6.070567375886524,1.0,0.019471668103313272,1.260569283475472,0.9260610509045376,0.20467479674796749,0.20670762558727862,0.41646703285968273
"frozenset({'Celery, raw', 'Vegetable oil, olive oil'})","frozenset({'Tomato, peeled tomato, canned'})",0.03916938676296965,0.09803921568627451,0.02331180406046716,0.5951536643026004,6.070567375886524,1.0,0.019471668103313272,2.227908973808501,0.8693215435572245,0.20467479674796749,0.5511486278137526,0.41646703285968273
"frozenset({'Celery, raw'})","frozenset({'Potato, raw'})",0.054216728013519455,0.08421881149153876,0.027640808389471493,0.5098206660973528,6.053524825015764,1.0,0.02307473999321287,1.8682574420616869,0.8826620353429532,0.24947764312578358,0.4647418618622146,0.4190114875291602
"frozenset({'Potato, raw'})","frozenset({'Celery, raw'})",0.08421881149153876,0.054216728013519455,0.027640808389471493,0.3282023089609676,6.053524825015763,1.0,0.02307473999321287,1.4078394204119542,0.9115790958804911,0.24947764312578358,0.28969171803174437,0.4190114875291602
"frozenset({'Tomato, peeled tomato, canned', 'Onion, raw'})","frozenset({'Vegetable oil, olive oil', 'Pasta, unenriched, dry, raw'})",0.0815102900664398,0.1292450864643378,0.06373127763502096,0.7818801476853168,6.049592824567908,1.0,0.05319647314765069,3.99209381583212,0.9087740556846821,0.43347504330026776,0.7495048848716602,0.6374921067998499
"frozenset({'Vegetable oil, olive oil', 'Pasta, unenriched, dry, raw'})","frozenset({'Tomato, peeled tomato, canned', 'Onion, raw'})",0.1292450864643378,0.0815102900664398,0.06373127763502096,0.493104065914383,6.049592824567908,1.0,0.05319647314765069,1.8119887104449002,0.9585930619807901,0.43347504330026776,0.44812018185562064,0.6374921067998499
"frozenset({'Chard, raw', 'Carrots, raw', 'Celery, raw'})","frozenset({'Onion, raw'})",0.023774799175868694,0.16524295668680694,0.02375164942009862,0.9990262901655307,6.045802557618441,1.0,0.019823031309643014,857.2954834826597,0.8549215765945044,0.14371760750805435,0.9988335410377556,0.5713820159149312
"frozenset({'Onion, raw'})","frozenset({'Chard, raw', 'Carrots, raw', 'Celery, raw'})",0.16524295668680694,0.023774799175868694,0.02375164942009862,0.14373774166433176,6.045802557618441,1.0,0.019823031309643014,1.1401007008315853,0.9998070630075779,0.14371760750805435,0.1228844967198041,0.5713820159149312
"frozenset({'Celery, raw', 'Carrots, raw', 'Potato, raw', 'Chard, raw'})","frozenset({'Onion, raw'})",0.02354330161816793,0.16524295668680694,0.02352015186239785,0.999016715830875,6.045744616663815,1.0,0.019629787092842497,848.9479130494415,0.854717269071807,0.1423168510995938,0.9988220714314405,0.5706767524237031
"frozenset({'Onion, raw'})","frozenset({'Potato, raw', 'Chard, raw', 'Celery, raw'})",0.16524295668680694,0.02354330161816793,0.02352015186239785,0.14233678901653124,6.045744616663815,1.0,0.019629787092842497,1.1385083164079577,0.9998051640214323,0.1423168510995938,0.12165771159665957,0.5706767524237031
"frozenset({'Onion, raw'})","frozenset({'Celery, raw', 'Carrots, raw', 'Potato, raw', 'Chard, raw'})",0.16524295668680694,0.02354330161816793,0.02352015186239785,0.14233678901653124,6.045744616663815,1.0,0.019629787092842497,1.1385083164079577,0.9998051640214323,0.1423168510995938,0.12165771159665957,0.5706767524237031
"frozenset({'Potato, raw', 'Chard, raw', 'Celery, raw'})","frozenset({'Onion, raw'})",0.02354330161816793,0.16524295668680694,0.02352015186239785,0.999016715830875,6.045744616663815,1.0,0.019629787092842497,848.9479130494415,0.854717269071807,0.1423168510995938,0.9988220714314405,0.5706767524237031
"frozenset({'Onion, raw'})","frozenset({'Celery, raw', 'Tomato, peeled tomato, canned'})",0.16524295668680694,0.028844595689515477,0.028798296177975323,0.17427850938638276,6.041981356311056,1.0,0.024031929901804257,1.1761295005036034,0.9996817470189308,0.17422969187675072,0.1497534926453142,0.5863366864748928
"frozenset({'Celery, raw', 'Tomato, peeled tomato, canned'})","frozenset({'Onion, raw'})",0.028844595689515477,0.16524295668680694,0.028798296177975323,0.9983948635634029,6.041981356311056,1.0,0.024031929901804257,520.0536379841232,0.8592768733940936,0.17422969187675072,0.9980771214217898,0.5863366864748928
"frozenset({'Onion, raw'})","frozenset({'Tomato, peeled tomato, canned', 'Celery, raw', 'Pasta, unenriched, dry, raw'})",0.16524295668680694,0.024469291848970995,0.02442299233743084,0.14780050434295322,6.040244452320294,1.0,0.02037961420427449,1.1447210578303544,0.9996247329777725,0.14775910364145659,0.126424736262519,0.5729541783777207
"frozenset({'Tomato, peeled tomato, canned', 'Celery, raw', 'Pasta, unenriched, dry, raw'})","frozenset({'Onion, raw'})",0.024469291848970995,0.16524295668680694,0.02442299233743084,0.9981078524124881,6.040244452320293,1.0,0.02037961420427449,441.16909739100913,0.855374187148683,0.14775910364145659,0.9977332954508515,0.5729541783777207
"frozenset({'Chard, raw', 'Carrots, raw', 'Potato, raw'})","frozenset({'Onion, raw'})",0.023566451373938004,0.16524295668680694,0.02352015186239785,0.9980353634577603,6.0398057712643425,1.0,0.01962596175875247,424.8913350464204,0.8545709670427852,0.142296918767507,0.9976464570643909,0.5701860762371458
"frozenset({'Onion, raw'})","frozenset({'Chard, raw', 'Carrots, raw', 'Potato, raw'})",0.16524295668680694,0.023566451373938004,0.02352015186239785,0.14233678901653124,6.039805771264342,1.0,0.01962596175875247,1.1384813247456438,0.9996103280428642,0.142296918767507,0.12163688743562198,0.5701860762371458
"frozenset({'Celery, raw', 'Vegetable oil, olive oil', 'Tomato, peeled tomato, canned'})","frozenset({'Onion, raw'})",0.02331180406046716,0.16524295668680694,0.023265504548927007,0.9980139026812314,6.039675897187049,1.0,0.0194133931202719,420.3001713081878,0.8543445135073624,0.1407563025210084,0.9976207480551638,0.569404821892591
"frozenset({'Onion, raw'})","frozenset({'Celery, raw', 'Vegetable oil, olive oil', 'Tomato, peeled tomato, canned'})",0.16524295668680694,0.02331180406046716,0.023265504548927007,0.14079574110395068,6.039675897187049,1.0,0.0194133931202719,1.1367357480215856,0.9996060629766665,0.1407563025210084,0.1202880689373633,0.569404821892591
"frozenset({'Onion, raw'})","frozenset({'Chard, raw', 'Celery, raw'})",0.16524295668680694,0.024122045512419844,0.024052596245109616,0.14555898010647242,6.0342718461221585,1.0,0.020066598123303636,1.1421244202545249,0.9994284311235081,0.1454978294356533,0.12443864935735474,0.5713399507058274
"frozenset({'Chard, raw', 'Celery, raw'})","frozenset({'Onion, raw'})",0.024122045512419844,0.16524295668680694,0.024052596245109616,0.9971209213051824,6.0342718461221585,1.0,0.020066598123303636,289.93894637745217,0.854901904824637,0.1454978294356533,0.9965509980204654,0.5713399507058274
"frozenset({'Onion, raw'})","frozenset({'Chard, raw', 'Carrots, raw'})",0.16524295668680694,0.023844248443178926,0.023774799175868694,0.1438778369291118,6.034068856142565,1.0,0.019834705063143013,1.1402061454119767,0.9994217526166747,0.14381739252205575,0.12296561106616175,0.5704826077849442
"frozenset({'Chard, raw', 'Carrots, raw'})","frozenset({'Onion, raw'})",0.023844248443178926,0.16524295668680694,0.023774799175868694,0.9970873786407766,6.034068856142565,1.0,0.019834705063143013,286.59991820418327,0.8546529033985029,0.14381739252205575,0.9965108154731308,0.5704826077849442
"frozenset({'Tomato, peeled tomato, canned', 'Onion, raw'})","frozenset({'Cheese, Parmesan, hard type', 'Garlic, raw', 'Vegetable oil, olive oil'})",0.0815102900664398,0.04250295159386069,0.020881079704609118,0.25617722238000573,6.027280759885135,1.0,0.017416651791513683,1.2872650276586548,0.9081078353286901,0.20246913580246917,0.22315919526000597,0.37373131271505733
"frozenset({'Cheese, Parmesan, hard type', 'Garlic, raw', 'Vegetable oil, olive oil'})","frozenset({'Tomato, peeled tomato, canned', 'Onion, raw'})",0.04250295159386069,0.0815102900664398,0.020881079704609118,0.4912854030501089,6.027280759885134,1.0,0.017416651791513683,1.8055108216681117,0.8711125571069632,0.20246913580246917,0.4461401238924175,0.37373131271505733
"frozenset({'Vegetable oil, olive oil', 'Tomato, peeled tomato, canned'})","frozenset({'Cheese, Parmesan, hard type', 'Garlic, raw'})",0.08526055050119222,0.043382642313123596,0.02229321480658379,0.26147162639152866,6.0271023720570245,1.0,0.01859438684077056,1.2953021060149874,0.9118255390744165,0.2096212451023074,0.22797932979780905,0.387672846280076
"frozenset({'Cheese, Parmesan, hard type', 'Garlic, raw'})","frozenset({'Vegetable oil, olive oil', 'Tomato, peeled tomato, canned'})",0.043382642313123596,0.08526055050119222,0.02229321480658379,0.5138740661686233,6.027102372057024,1.0,0.01859438684077056,1.8816923472675806,0.8719084856130122,0.2096212451023074,0.4685634974005674,0.387672846280076
"frozenset({'Onion, raw'})","frozenset({'Potato, raw', 'Carrots, raw', 'Celery, raw'})",0.16524295668680694,0.026251823043266894,0.02613607426441651,0.15816755393667697,6.02501219347675,1.0,0.02179814540632824,1.1567006968076488,0.9991233243834144,0.15805683886322275,0.1354721210423088,0.5768791914304197
"frozenset({'Potato, raw', 'Carrots, raw', 'Celery, raw'})","frozenset({'Onion, raw'})",0.026251823043266894,0.16524295668680694,0.02613607426441651,0.9955908289241623,6.02501219347675,1.0,0.02179814540632824,189.32289742343337,0.8565101860053144,0.15805683886322275,0.9947180187203484,0.5768791914304197
"frozenset({'Pasta, unenriched, dry, raw'})","frozenset({'Garlic, raw', 'Vegetable oil, olive oil', 'Tomato, peeled tomato, canned'})",0.1468620506053661,0.0583373845405931,0.051554506099960644,0.3510403530895334,6.017416719209752,1.0,0.042986958179375354,1.4510341589687825,0.9773515893695349,0.3355431670935664,0.3108363481183119,0.617385255909846
"frozenset({'Garlic, raw', 'Vegetable oil, olive oil', 'Tomato, peeled tomato, canned'})","frozenset({'Pasta, unenriched, dry, raw'})",0.0583373845405931,0.1468620506053661,0.051554506099960644,0.8837301587301587,6.017416719209752,1.0,0.042986958179375354,7.337568711516985,0.8854718421475396,0.3355431670935664,0.863715075208712,0.617385255909846
"frozenset({'Alcoholic beverage, wine, red wine, table type', 'Pasta, unenriched, dry, raw'})","frozenset({'Tomato, peeled tomato, canned'})",0.037965599462925666,0.09803921568627451,0.0223858138296641,0.5896341463414635,6.014268292682928,1.0,0.01866369623525962,2.197943070244443,0.8666308959929173,0.19702526487367564,0.5450291622481443,0.40898472370201866
"frozenset({'Tomato, peeled tomato, canned'})","frozenset({'Alcoholic beverage, wine, red wine, table type', 'Pasta, unenriched, dry, raw'})",0.09803921568627451,0.037965599462925666,0.0223858138296641,0.2283353010625738,6.014268292682927,1.0,0.01866369623525962,1.246700026399789,0.9243514230475247,0.19702526487367564,0.19788242654667085,0.40898472370201866
"frozenset({'Potato, raw', 'Celery, raw'})","frozenset({'Onion, raw'})",0.027640808389471493,0.16524295668680694,0.027455610343310878,0.9932998324958123,6.011147781496443,1.0,0.02288816143982111,124.58748871449284,0.8573399900488919,0.16596697453120626,0.991973511864489,0.5797264082624761
"frozenset({'Onion, raw'})","frozenset({'Potato, raw', 'Celery, raw'})",0.16524295668680694,0.027640808389471493,0.027455610343310878,0.16615298402913983,6.011147781496443,1.0,0.02288816143982111,1.1661122160141049,0.9986647328551433,0.16596697453120626,0.14244959767413645,0.5797264082624761
"frozenset({'Pasta, unenriched, dry, raw'})","frozenset({'Garlic, raw', 'Tomato, peeled tomato, canned'})",0.1468620506053661,0.05852258258675371,0.05164710512304095,0.3516708701134931,6.0091481710018035,1.0,0.04305235863762841,1.4521596732481485,0.9770835571511092,0.33594338202078,0.31137049291333846,0.6170933464491516
"frozenset({'Garlic, raw', 'Tomato, peeled tomato, canned'})","frozenset({'Pasta, unenriched, dry, raw'})",0.05852258258675371,0.1468620506053661,0.05164710512304095,0.8825158227848101,6.0091481710018035,1.0,0.04305235863762841,7.261726384072842,0.8854031407629847,0.33594338202078,0.8622916993687202,0.6170933464491516
"frozenset({'Egg, chicken, whole, raw, fresh'})","frozenset({'Milk, cow, whole', 'Vegetable oil, olive oil'})",0.10810935944625784,0.03210871125309628,0.02085792994883904,0.1929336188436831,6.008762460843965,1.0,0.01738667774262195,1.1992709786277636,0.9346172525792844,0.17474786656322733,0.1661600940729629,0.421268539775122
"frozenset({'Milk, cow, whole', 'Vegetable oil, olive oil'})","frozenset({'Egg, chicken, whole, raw, fresh'})",0.03210871125309628,0.10810935944625784,0.02085792994883904,0.6496034607065609,6.008762460843965,1.0,0.01738667774262195,2.5453751408395893,0.8612293444181317,0.17474786656322733,0.6071306017115611,0.421268539775122
"frozenset({'Carrots, raw', 'Celery, raw', 'Vegetable oil, olive oil'})","frozenset({'Onion, raw'})",0.025348982568233903,0.16524295668680694,0.025163784522073292,0.9926940639269407,6.007481854784542,1.0,0.020975043693495992,114.25737030349434,0.8552198570458208,0.15211307024909043,0.9912478293755251,0.5724888083714278
"frozenset({'Onion, raw'})","frozenset({'Carrots, raw', 'Celery, raw', 'Vegetable oil, olive oil'})",0.16524295668680694,0.025348982568233903,0.025163784522073292,0.15228355281591482,6.007481854784541,1.0,0.020975043693495992,1.1497370620439507,0.9985431215880403,0.15211307024909043,0.1302359182696564,0.5724888083714278
"frozenset({'Vegetable oil, extra-virgin olive oil', 'Carrots, raw', 'Celery, raw'})","frozenset({'Onion, raw'})",0.0209968284834595,0.16524295668680694,0.020811630437298886,0.9911797133406836,5.998317466682195,1.0,0.017342052417646272,94.64057978563307,0.8511582060517044,0.12580464595577948,0.9894337080112457,0.5585626781889744
"frozenset({'Onion, raw'})","frozenset({'Vegetable oil, extra-virgin olive oil', 'Carrots, raw', 'Celery, raw'})",0.16524295668680694,0.0209968284834595,0.020811630437298886,0.12594564303726535,5.998317466682195,1.0,0.017342052417646272,1.12007126755651,0.9982384573595103,0.12580464595577948,0.10719966758762713,0.5585626781889744
"frozenset({'Onion, raw'})","frozenset({'Carrots, raw', 'Celery, raw'})",0.16524295668680694,0.04007222723800264,0.03970183114568141,0.2402633790977865,5.995758051350134,1.0,0.033080177835848254,1.263500726899343,0.9981532048585421,0.2397260273972603,0.20854814032911503,0.6155100835408054
"frozenset({'Carrots, raw', 'Celery, raw'})","frozenset({'Onion, raw'})",0.04007222723800264,0.16524295668680694,0.03970183114568141,0.9907567879838243,5.995758051350134,1.0,0.033080177835848254,90.31027762344502,0.8679980324601884,0.2397260273972603,0.9889270631614094,0.6155100835408054
"frozenset({'Tomato, peeled tomato, canned', 'Vegetable oil, olive oil', 'Onion, raw'})","frozenset({'Cheese, Parmesan, hard type', 'Pasta, unenriched, dry, raw'})",0.07525985600851912,0.054587124105840684,0.02463134013936153,0.3272839126422639,5.995624755898166,1.0,0.0205231210392368,1.4053668310616882,0.9010225364392306,0.23410341034103407,0.288442008237417,0.38925688422613625
"frozenset({'Cheese, Parmesan, hard type', 'Pasta, unenriched, dry, raw'})","frozenset({'Tomato, peeled tomato, canned', 'Vegetable oil, olive oil', 'Onion, raw'})",0.054587124105840684,0.07525985600851912,0.02463134013936153,0.4512298558100085,5.995624755898166,1.0,0.0205231210392368,1.685113801802096,0.8813204593795516,0.23410341034103407,0.40656826919904215,0.38925688422613625
"frozenset({'Cheese, Parmesan, hard type', 'Onion, raw'})","frozenset({'Garlic, raw', 'Vegetable oil, olive oil', 'Tomato, peeled tomato, canned'})",0.05970322013102762,0.0583373845405931,0.020881079704609118,0.34974796432725863,5.995263021843091,1.0,0.01739814999351368,1.4481501999223676,0.8861049665156698,0.2149154157731713,0.3094638939706613,0.35384223613188326
"frozenset({'Garlic, raw', 'Vegetable oil, olive oil', 'Tomato, peeled tomato, canned'})","frozenset({'Cheese, Parmesan, hard type', 'Onion, raw'})",0.0583373845405931,0.05970322013102762,0.020881079704609118,0.35793650793650794,5.995263021843091,1.0,0.01739814999351368,1.4644918944807235,0.8848197145790859,0.2149154157731713,0.3171693173798152,0.35384223613188326
"frozenset({'Cheese, Parmesan, hard type', 'Onion, raw'})","frozenset({'Garlic, raw', 'Tomato, peeled tomato, canned'})",0.05970322013102762,0.05852258258675371,0.020927379216149268,0.35052345870492435,5.989541869334104,1.0,0.017433392585336067,1.4495941847813507,0.885935526208573,0.21508446347846774,0.31015175798954037,0.35405919770689254
"frozenset({'Garlic, raw', 'Tomato, peeled tomato, canned'})","frozenset({'Cheese, Parmesan, hard type', 'Onion, raw'})",0.05852258258675371,0.05970322013102762,0.020927379216149268,0.3575949367088607,5.989541869334104,1.0,0.017433392585336067,1.4637132139832278,0.884824539662638,0.21508446347846774,0.3168060584226859,0.35405919770689254
"frozenset({'Vegetable oil, olive oil', 'Onion, raw'})","frozenset({'Tomato, peeled tomato, canned', 'Pasta, unenriched, dry, raw'})",0.14605180915341343,0.07301432969882168,0.06373127763502096,0.43636075447773026,5.97637143664379,1.0,0.053067402688384245,1.644643586594526,0.9750877140948268,0.41028315946348737,0.3919655248401597,0.6546103074861702
"frozenset({'Tomato, peeled tomato, canned', 'Pasta, unenriched, dry, raw'})","frozenset({'Vegetable oil, olive oil', 'Onion, raw'})",0.07301432969882168,0.14605180915341343,0.06373127763502096,0.8728598604946101,5.97637143664379,1.0,0.053067402688384245,6.716590009800836,0.8982602601585787,0.41028315946348737,0.8511149260948186,0.6546103074861702
"frozenset({'Wheat flour, white, 9% protein, pastry flour, Italian ""tipo 00"" flour'})",frozenset({'Butter'}),0.08285297590110424,0.05234159779614325,0.025904576706715744,0.3126571668063705,5.9733974500375,1.0,0.021567919565886596,1.3787274071087818,0.907805467144203,0.23702605380216055,0.2746934638102107,0.4037854608910225
frozenset({'Butter'}),"frozenset({'Wheat flour, white, 9% protein, pastry flour, Italian ""tipo 00"" flour'})",0.05234159779614325,0.08285297590110424,0.025904576706715744,0.49491375497567447,5.973397450037499,1.0,0.021567919565886596,1.8158226107597226,0.8785772180310494,0.23702605380216055,0.44928541253178383,0.4037854608910225
"frozenset({'Celery, raw', 'Pasta, unenriched, dry, raw'})","frozenset({'Onion, raw'})",0.02599717572979605,0.16524295668680694,0.02558048012593467,0.9839715048975958,5.954695586587482,1.0,0.021284629942836676,52.07956442448436,0.854274014519129,0.1544158747903857,0.9807986105288957,0.5693883862397757
"frozenset({'Onion, raw'})","frozenset({'Celery, raw', 'Pasta, unenriched, dry, raw'})",0.16524295668680694,0.02599717572979605,0.02558048012593467,0.15480526758195573,5.954695586587482,1.0,0.021284629942836676,1.1524004905752885,0.9967754204741628,0.1544158747903857,0.1322461174059453,0.5693883862397757
"frozenset({'Alcoholic beverage, wine, red wine, table type', 'Celery, raw'})","frozenset({'Onion, raw'})",0.020695881658448503,0.16524295668680694,0.020348635321897353,0.9832214765100671,5.950156643430285,1.0,0.016928786645415063,49.75151978146621,0.8495187368810689,0.12288550258632742,0.9799001115062915,0.5531826071258658
"frozenset({'Onion, raw'})","frozenset({'Alcoholic beverage, wine, red wine, table type', 'Celery, raw'})",0.16524295668680694,0.020695881658448503,0.020348635321897353,0.12314373774166433,5.950156643430284,1.0,0.016928786645415063,1.116835404493049,0.9966219564125423,0.12288550258632742,0.10461291254111231,0.5531826071258658
"frozenset({'Onion, raw'})","frozenset({'Celery, raw', 'Vegetable oil, olive oil', 'Pasta, unenriched, dry, raw'})",0.16524295668680694,0.02044123434497766,0.02004768849688636,0.1213224992995237,5.935184600500029,1.0,0.016669918495394346,1.1148103426730787,0.996114079651472,0.12103424178895877,0.10298643480270184,0.5510349755840768
"frozenset({'Celery, raw', 'Vegetable oil, olive oil', 'Pasta, unenriched, dry, raw'})","frozenset({'Onion, raw'})",0.02044123434497766,0.16524295668680694,0.02004768849688636,0.9807474518686298,5.935184600500029,1.0,0.016669918495394346,43.35826289679725,0.848865094251369,0.12103424178895877,0.9769363453886465,0.5510349755840768
"frozenset({'Cheese, Parmesan, hard type', 'Garlic, raw', 'Onion, raw'})","frozenset({'Vegetable oil, olive oil', 'Pasta, unenriched, dry, raw'})",0.027895455702942332,0.1292450864643378,0.021367224575780726,0.7659751037344399,5.9265317134187,1.0,0.017761873991491837,3.720778974505224,0.8551212458153821,0.15737425404944586,0.7312390747066676,0.4656492033090971
"frozenset({'Vegetable oil, olive oil', 'Pasta, unenriched, dry, raw'})","frozenset({'Cheese, Parmesan, hard type', 'Garlic, raw', 'Onion, raw'})",0.1292450864643378,0.027895455702942332,0.021367224575780726,0.16532330288375427,5.9265317134187,1.0,0.017761873991491837,1.1646479980279985,0.9546512297091381,0.15737425404944586,0.1413714687242697,0.4656492033090971
"frozenset({'Chard, raw', 'Potato, raw'})","frozenset({'Onion, raw'})",0.024168345023959998,0.16524295668680694,0.023635900641248236,0.9779693486590039,5.9183723667726245,1.0,0.01964225185126221,37.89071100952065,0.8516167945913555,0.14257785225527161,0.9736083073302919,0.5605033069997177
"frozenset({'Onion, raw'})","frozenset({'Chard, raw', 'Potato, raw'})",0.16524295668680694,0.024168345023959998,0.023635900641248236,0.1430372653404315,5.9183723667726245,1.0,0.01964225185126221,1.1387095558638178,0.9955407177794561,0.14257785225527161,0.12181293741633147,0.5605033069997177
"frozenset({'Tomato, peeled tomato, canned', 'Onion, raw'})","frozenset({'Cheese, Parmesan, hard type', 'Garlic, raw'})",0.0815102900664398,0.043382642313123596,0.020927379216149268,0.25674524282874184,5.918155952226874,1.0,0.01739124745735796,1.2870652336322093,0.9047770904503469,0.20129147183255397,0.2230386045174155,0.3695679255765908
"frozenset({'Cheese, Parmesan, hard type', 'Garlic, raw'})","frozenset({'Tomato, peeled tomato, canned', 'Onion, raw'})",0.043382642313123596,0.0815102900664398,0.020927379216149268,0.4823906083244397,5.918155952226874,1.0,0.01739124745735796,1.774484243727311,0.8687156266657301,0.20129147183255397,0.4364559710603595,0.3695679255765908
"frozenset({'Cheese, Parmesan, hard type', 'Pasta, unenriched, dry, raw', 'Vegetable oil, olive oil', 'Tomato, peeled tomato, canned'})","frozenset({'Onion, raw'})",0.025210084033613446,0.16524295668680694,0.02463134013936153,0.9770431588613407,5.912767348463623,1.0,0.02046555131532438,36.36201680672279,0.8523625875032408,0.14854111405835546,0.9724987751555323,0.5630522602936572
"frozenset({'Onion, raw'})","frozenset({'Cheese, Parmesan, hard type', 'Pasta, unenriched, dry, raw', 'Vegetable oil, olive oil', 'Tomato, peeled tomato, canned'})",0.16524295668680694,0.025210084033613446,0.02463134013936153,0.14906136172597367,5.912767348463622,1.0,0.02046555131532438,1.1455466612064649,0.9953488403612543,0.14854111405835546,0.1270543279775075,0.5630522602936572
"frozenset({'Cheese, Parmesan, hard type', 'Tomato, peeled tomato, canned', 'Pasta, unenriched, dry, raw'})","frozenset({'Onion, raw'})",0.027663958145241568,0.16524295668680694,0.027015764983679424,0.9765690376569038,5.909898111468938,1.0,0.02244449074609963,35.62623809854531,0.8544292398529846,0.16285235835891712,0.9719308000683679,0.5700301058276114
"frozenset({'Onion, raw'})","frozenset({'Cheese, Parmesan, hard type', 'Tomato, peeled tomato, canned', 'Pasta, unenriched, dry, raw'})",0.16524295668680694,0.027663958145241568,0.027015764983679424,0.1634911739983189,5.909898111468938,1.0,0.02244449074609963,1.1623739183988053,0.9952504765053124,0.16285235835891712,0.13969163952205566,0.5700301058276114
"frozenset({'Tomato, peeled tomato, canned'})","frozenset({'Vegetable oil, extra-virgin olive oil', 'Onion, raw'})",0.09803921568627451,0.04984142417297498,0.028821445933745398,0.2939787485242031,5.898281467719461,1.0,0.023935031799140007,1.3457931667650338,0.9207263837960538,0.2420766089830838,0.25694376766397037,0.43612081875815356
"frozenset({'Vegetable oil, extra-virgin olive oil', 'Onion, raw'})","frozenset({'Tomato, peeled tomato, canned'})",0.04984142417297498,0.09803921568627451,0.028821445933745398,0.578262888992104,5.89828146771946,1.0,0.023935031799140007,2.138680141660188,0.8740215711300517,0.2420766089830838,0.5324218986651588,0.43612081875815356
"frozenset({'Onion, raw'})","frozenset({'Vegetable oil, extra-virgin olive oil', 'Tomato, peeled tomato, canned', 'Pasta, unenriched, dry, raw'})",0.16524295668680694,0.024816538185522142,0.02414519526818992,0.1461193611655926,5.8879832502519625,1.0,0.020044437123683194,1.142060631736135,0.9944960237080293,0.14552811497139667,0.12438974585804399,0.5595335611798112
"frozenset({'Vegetable oil, extra-virgin olive oil', 'Tomato, peeled tomato, canned', 'Pasta, unenriched, dry, raw'})","frozenset({'Onion, raw'})",0.024816538185522142,0.16524295668680694,0.02414519526818992,0.9729477611940298,5.8879832502519625,1.0,0.020044437123683194,30.857225876956612,0.8512885962940729,0.14552811497139667,0.9675926797830917,0.5595335611798112
"frozenset({'Tomato, peeled tomato, canned'})","frozenset({'Vegetable oil, extra-virgin olive oil', 'Pasta, unenriched, dry, raw'})",0.09803921568627451,0.043035395976572445,0.024816538185522142,0.25312868949232586,5.881871974179667,1.0,0.020597381717230724,1.2812978495223573,0.9202019792342634,0.2134607726005575,0.2195413421065364,0.4148914023039897
"frozenset({'Vegetable oil, extra-virgin olive oil', 'Pasta, unenriched, dry, raw'})","frozenset({'Tomato, peeled tomato, canned'})",0.043035395976572445,0.09803921568627451,0.024816538185522142,0.5766541151156536,5.881871974179666,1.0,0.020597381717230724,2.130552856466602,0.8673111789376692,0.2134607726005575,0.5306382580630072,0.4148914023039897
"frozenset({'Cheese, Parmesan, hard type', 'Tomato, peeled tomato, canned', 'Onion, raw'})","frozenset({'Pasta, unenriched, dry, raw'})",0.03127532004537352,0.1468620506053661,0.027015764983679424,0.8638045891931904,5.881741305072233,1.0,0.02242260734847676,6.264072661044302,0.8567783386269507,0.17876838235294115,0.8403594507741092,0.5238789654667086
"frozenset({'Pasta, unenriched, dry, raw'})","frozenset({'Cheese, Parmesan, hard type', 'Tomato, peeled tomato, canned', 'Onion, raw'})",0.1468620506053661,0.03127532004537352,0.027015764983679424,0.183953341740227,5.881741305072233,1.0,0.02242260734847676,1.1870947208097646,0.9728582844865651,0.17876838235294115,0.1576072385210674,0.5238789654667086
"frozenset({'Vegetable oil, extra-virgin olive oil', 'Celery, raw'})","frozenset({'Onion, raw'})",0.024677639650901684,0.16524295668680694,0.02393684746625923,0.9699812382739211,5.870030757875956,1.0,0.019859041326292654,27.80784400537068,0.8506348004453457,0.14421199442119945,0.9640389237005623,0.5574198710282466
"frozenset({'Onion, raw'})","frozenset({'Vegetable oil, extra-virgin olive oil', 'Celery, raw'})",0.16524295668680694,0.024677639650901684,0.02393684746625923,0.14485850378257215,5.870030757875956,1.0,0.019859041326292654,1.1405391559914588,0.99387378400851,0.14421199442119945,0.12322168445789962,0.5574198710282466
"frozenset({'Alcoholic beverage, wine, red wine, table type', 'Tomato, peeled tomato, canned', 'Pasta, unenriched, dry, raw'})","frozenset({'Onion, raw'})",0.0223858138296641,0.16524295668680694,0.02162187188925157,0.9658738366080661,5.845174015124494,1.0,0.01792277382419746,24.46091093587444,0.8478996177251017,0.13024682749965139,0.9591184480978018,0.5483614069563166
"frozenset({'Onion, raw'})","frozenset({'Alcoholic beverage, wine, red wine, table type', 'Tomato, peeled tomato, canned', 'Pasta, unenriched, dry, raw'})",0.16524295668680694,0.0223858138296641,0.02162187188925157,0.13084897730456713,5.845174015124494,1.0,0.01792277382419746,1.1247920794461408,0.9930059307393729,0.13024682749965139,0.110946797836263,0.5483614069563166
"frozenset({'Pasta, unenriched, dry, raw', 'Vegetable oil, olive oil', 'Onion, raw'})","frozenset({'Cheese, Parmesan, hard type', 'Garlic, raw'})",0.08428826075884899,0.043382642313123596,0.021367224575780726,0.25350178522383965,5.843392004436607,1.0,0.01771057710808429,1.2814730681890794,0.9051609649339522,0.20100174216027872,0.21964805595707476,0.3730155671049828
"frozenset({'Cheese, Parmesan, hard type', 'Garlic, raw'})","frozenset({'Pasta, unenriched, dry, raw', 'Vegetable oil, olive oil', 'Onion, raw'})",0.043382642313123596,0.08428826075884899,0.021367224575780726,0.49252934898612594,5.843392004436606,1.0,0.01771057710808429,1.804462459871627,0.8664556573561314,0.20100174216027872,0.445818340786573,0.3730155671049828
"frozenset({'Pasta, unenriched, dry, raw'})","frozenset({'Alcoholic beverage, wine, red wine, table type', 'Tomato, peeled tomato, canned', 'Onion, raw'})",0.1468620506053661,0.025279533300923675,0.02162187188925157,0.14722572509457757,5.823909933068194,1.0,0.01790926779033128,1.142999379064499,0.9708793853187538,0.14364810827437713,0.1251088860446614,0.5012685402029665
"frozenset({'Alcoholic beverage, wine, red wine, table type', 'Tomato, peeled tomato, canned', 'Onion, raw'})","frozenset({'Pasta, unenriched, dry, raw'})",0.025279533300923675,0.1468620506053661,0.02162187188925157,0.8553113553113554,5.823909933068193,1.0,0.01790926779033128,5.896371143917346,0.8497759882947877,0.14364810827437713,0.830404162900839,0.5012685402029665
"frozenset({'Cheese, Parmesan, hard type', 'Tomato, peeled tomato, canned', 'Vegetable oil, olive oil', 'Onion, raw'})","frozenset({'Pasta, unenriched, dry, raw'})",0.028821445933745398,0.1468620506053661,0.02463134013936153,0.8546184738955824,5.819192026618454,1.0,0.02039856348811999,5.868269320421657,0.8527318008981263,0.16306513409961687,0.8295920065358987,0.5111680011344243
"frozenset({'Pasta, unenriched, dry, raw'})","frozenset({'Cheese, Parmesan, hard type', 'Tomato, peeled tomato, canned', 'Vegetable oil, olive oil', 'Onion, raw'})",0.1468620506053661,0.028821445933745398,0.02463134013936153,0.1677175283732661,5.819192026618454,1.0,0.02039856348811999,1.1668857475371819,0.9707162106552573,0.16306513409961687,0.1430180700119178,0.5111680011344243
"frozenset({'Alcoholic beverage, wine, red wine, table type', 'Onion, raw'})","frozenset({'Tomato, peeled tomato, canned'})",0.04437808181123689,0.09803921568627451,0.025279533300923675,0.5696400625978091,5.810328638497653,1.0,0.020928740966488685,2.0958288770053475,0.866339165921288,0.2158102766798419,0.5228618085323535,0.4137456511336153
"frozenset({'Tomato, peeled tomato, canned'})","frozenset({'Alcoholic beverage, wine, red wine, table type', 'Onion, raw'})",0.09803921568627451,0.04437808181123689,0.025279533300923675,0.2578512396694215,5.810328638497652,1.0,0.020928740966488685,1.2876420055772866,0.9178810320114668,0.2158102766798419,0.22338662790697672,0.4137456511336153
"frozenset({'Onion, raw'})","frozenset({'Celery, raw'})",0.16524295668680694,0.054216728013519455,0.0519943514595921,0.3146539646959933,5.803632499134426,1.0,0.04303541902075371,1.380008380098017,0.9915389483501327,0.31047829693115847,0.2753667192013909,0.6368316791883041
"frozenset({'Celery, raw'})","frozenset({'Onion, raw'})",0.054216728013519455,0.16524295668680694,0.0519943514595921,0.9590093936806149,5.803632499134425,1.0,0.04303541902075371,20.364593702494783,0.8751414254940016,0.31047829693115847,0.9508951656679754,0.6368316791883041
"frozenset({'Celery, raw', 'Tomato, peeled tomato, canned'})","frozenset({'Pasta, unenriched, dry, raw'})",0.028844595689515477,0.1468620506053661,0.024469291848970995,0.8483146067415731,5.776268295620387,1.0,0.02023311537712605,5.6243909256387,0.8514372096995533,0.16179396908005514,0.8222029703800433,0.5074643651614549
"frozenset({'Pasta, unenriched, dry, raw'})","frozenset({'Celery, raw', 'Tomato, peeled tomato, canned'})",0.1468620506053661,0.028844595689515477,0.024469291848970995,0.1666141235813367,5.776268295620386,1.0,0.02023311537712605,1.1653130102034641,0.9692193955473357,0.16179396908005514,0.14186146447862988,0.5074643651614549
"frozenset({'Pasta, unenriched, dry, raw'})","frozenset({'Tomato, peeled tomato, canned', 'Celery, raw', 'Onion, raw'})",0.1468620506053661,0.028798296177975323,0.02442299233743084,0.16629886506935687,5.7746077768496855,1.0,0.020193615506792707,1.1649278897800954,0.9691610436905534,0.16148783101178632,0.14157776736826946,0.5071848023095981
"frozenset({'Tomato, peeled tomato, canned', 'Celery, raw', 'Onion, raw'})","frozenset({'Pasta, unenriched, dry, raw'})",0.028798296177975323,0.1468620506053661,0.02442299233743084,0.8480707395498392,5.7746077768496855,1.0,0.020193615506792707,5.615363010830289,0.8513453613121341,0.16148783101178632,0.8219171230655417,0.5071848023095981
"frozenset({'Tomato, peeled tomato, canned', 'Vegetable oil, olive oil', 'Onion, raw'})","frozenset({'Pasta, unenriched, dry, raw'})",0.07525985600851912,0.1468620506053661,0.06373127763502096,0.8468163641956321,5.766066595863607,1.0,0.05267846085334525,5.569380468839266,0.8938419663494501,0.4023677287342883,0.8204468152974987,0.6403848529679296
"frozenset({'Pasta, unenriched, dry, raw'})","frozenset({'Tomato, peeled tomato, canned', 'Vegetable oil, olive oil', 'Onion, raw'})",0.1468620506053661,0.07525985600851912,0.06373127763502096,0.43395334174022704,5.766066595863607,1.0,0.05267846085334525,1.6336818361130478,0.9688603692452483,0.4023677287342883,0.3878857082849994,0.6403848529679296
"frozenset({'Pasta, unenriched, dry, raw'})","frozenset({'Tomato, peeled tomato, canned', 'Onion, raw'})",0.1468620506053661,0.0815102900664398,0.06884737366020789,0.46878940731399754,5.751291118359203,1.0,0.05687660531561234,1.7290500652280434,0.9683381206757739,0.43157741982295755,0.4216477474478968,0.6567179072923297
"frozenset({'Tomato, peeled tomato, canned', 'Onion, raw'})","frozenset({'Pasta, unenriched, dry, raw'})",0.0815102900664398,0.1468620506053661,0.06884737366020789,0.8446464072706619,5.751291118359203,1.0,0.05687660531561234,5.491588153233105,0.8994395796265825,0.43157741982295755,0.8179033146520169,0.6567179072923297
"frozenset({'Onion, raw'})","frozenset({'Celery, raw', 'Vegetable oil, olive oil'})",0.16524295668680694,0.03916938676296965,0.03717850776674306,0.224992995236761,5.744103082294542,1.0,0.030706042486420875,1.2397702308904415,0.9893997581174647,0.2223145071982281,0.19339892579791265,0.5870827860344561
"frozenset({'Celery, raw', 'Vegetable oil, olive oil'})","frozenset({'Onion, raw'})",0.03916938676296965,0.16524295668680694,0.03717850776674306,0.9491725768321512,5.744103082294542,1.0,0.030706042486420875,16.42335950332464,0.8595775419336866,0.2223145071982281,0.9391111179294611,0.5870827860344561
"frozenset({'Carrots, raw'})","frozenset({'Beef, meat, lean and fat, raw'})",0.06826862976595596,0.05627705627705628,0.02194596847003264,0.32146490335707023,5.712184051960247,1.0,0.018104010950736417,1.390824068485238,0.8853792404811686,0.213898916967509,0.2810018012636845,0.35571394077767127
"frozenset({'Beef, meat, lean and fat, raw'})","frozenset({'Carrots, raw'})",0.05627705627705628,0.06826862976595596,0.02194596847003264,0.3899629781982723,5.712184051960247,1.0,0.018104010950736417,1.5273357795272833,0.874129021019626,0.213898916967509,0.3452651254529609,0.35571394077767127
"frozenset({'Onion, raw'})","frozenset({'Tomato, peeled tomato, canned', 'Pasta, unenriched, dry, raw'})",0.16524295668680694,0.07301432969882168,0.06884737366020789,0.4166433174558701,5.706322569480411,1.0,0.05678226994026926,1.5890546865057187,0.9880189630933075,0.40639518994260737,0.37069503743828436,0.6797864653227353
"frozenset({'Tomato, peeled tomato, canned', 'Pasta, unenriched, dry, raw'})","frozenset({'Onion, raw'})",0.07301432969882168,0.16524295668680694,0.06884737366020789,0.9429296131896006,5.706322569480411,1.0,0.05678226994026926,14.62679841449896,0.8897179479604819,0.40639518994260737,0.9316323386935627,0.6797864653227353
"frozenset({'Garlic, raw', 'Onion, raw'})","frozenset({'Cheese, Parmesan, hard type', 'Vegetable oil, olive oil', 'Pasta, unenriched, dry, raw'})",0.08056115007986665,0.046484709586313865,0.021367224575780726,0.2652298850574713,5.705744693639237,1.0,0.017622362910378678,1.2977055966521813,0.8970015132250269,0.20219058050383354,0.2294091952906744,0.3624456198195723
"frozenset({'Cheese, Parmesan, hard type', 'Vegetable oil, olive oil', 'Pasta, unenriched, dry, raw'})","frozenset({'Garlic, raw', 'Onion, raw'})",0.046484709586313865,0.08056115007986665,0.021367224575780726,0.4596613545816733,5.705744693639236,1.0,0.017622362910378678,1.701597429160947,0.8649447449745902,0.20219058050383354,0.41231693063082664,0.3624456198195723
"frozenset({'Vegetable oil, extra-virgin olive oil', 'Tomato, peeled tomato, canned', 'Onion, raw'})","frozenset({'Pasta, unenriched, dry, raw'})",0.028821445933745398,0.1468620506053661,0.02414519526818992,0.8377510040160643,5.704339552408879,1.0,0.01991241861694838,5.258201717803561,0.8491691504439535,0.15933394439352278,0.8098209133715554,0.5010791590067711
"frozenset({'Pasta, unenriched, dry, raw'})","frozenset({'Vegetable oil, extra-virgin olive oil', 'Tomato, peeled tomato, canned', 'Onion, raw'})",0.1468620506053661,0.028821445933745398,0.02414519526818992,0.16440731399747793,5.704339552408879,1.0,0.01991241861694838,1.1622631101671985,0.9666606300552123,0.15933394439352278,0.13960961915401066,0.5010791590067711
"frozenset({'Vegetable oil, olive oil', 'Onion, raw'})","frozenset({'Water, tap water', 'Tomato, peeled tomato, canned'})",0.14605180915341343,0.025904576706715744,0.021575572377711415,0.1477254715485814,5.7026784579839775,1.0,0.017792162084342207,1.1429362145354902,0.9656836481245166,0.14347290640394086,0.12506053506545156,0.49030598867866965
"frozenset({'Water, tap water', 'Tomato, peeled tomato, canned'})","frozenset({'Vegetable oil, olive oil', 'Onion, raw'})",0.025904576706715744,0.14605180915341343,0.021575572377711415,0.8328865058087579,5.7026784579839775,1.0,0.017792162084342207,5.1099894414830525,0.846573943914092,0.14347290640394086,0.8043048794030827,0.49030598867866965
"frozenset({'Celery, raw'})","frozenset({'Tomato, peeled tomato, canned', 'Vegetable oil, olive oil', 'Onion, raw'})",0.054216728013519455,0.07525985600851912,0.023265504548927007,0.4291204099060632,5.701849998988684,1.0,0.01918516140537649,1.6198514713747558,0.871889311245754,0.21904969485614645,0.38265944892385256,0.3691280302375594
"frozenset({'Tomato, peeled tomato, canned', 'Vegetable oil, olive oil', 'Onion, raw'})","frozenset({'Celery, raw'})",0.07525985600851912,0.054216728013519455,0.023265504548927007,0.3091356505690556,5.701849998988683,1.0,0.01918516140537649,1.3689854929777596,0.8917297804772761,0.21904969485614645,0.2695320694561619,0.3691280302375594
"frozenset({'Tomato, peeled tomato, canned', 'Vegetable oil, olive oil', 'Pasta, unenriched, dry, raw'})","frozenset({'Onion, raw'})",0.0677361853832442,0.16524295668680694,0.06373127763502096,0.9408749145591252,5.693888159738097,1.0,0.05253835008760801,14.118491958002355,0.884270175626242,0.37655587470934215,0.9291709055772632,0.663278589249302
"frozenset({'Onion, raw'})","frozenset({'Tomato, peeled tomato, canned', 'Vegetable oil, olive oil', 'Pasta, unenriched, dry, raw'})",0.16524295668680694,0.0677361853832442,0.06373127763502096,0.3856822639394789,5.693888159738097,1.0,0.05253835008760801,1.5175596599166257,0.987560504801697,0.37655587470934215,0.3410473232696896,0.663278589249302
"frozenset({'Onion, raw'})","frozenset({'Cheese, Parmesan, hard type', 'Garlic, raw', 'Tomato, peeled tomato, canned'})",0.16524295668680694,0.022339514318123945,0.020927379216149268,0.1266461193611656,5.669152764812715,1.0,0.01723593181927521,1.119432234006614,0.9866425280887984,0.1255729962494791,0.106690008004458,0.5317168420640024
"frozenset({'Cheese, Parmesan, hard type', 'Garlic, raw', 'Tomato, peeled tomato, canned'})","frozenset({'Onion, raw'})",0.022339514318123945,0.16524295668680694,0.020927379216149268,0.9367875647668392,5.669152764812715,1.0,0.01723593181927521,13.205582734380807,0.8424261915219261,0.1255729962494791,0.9242744511837033,0.5317168420640024
"frozenset({'Onion, raw'})","frozenset({'Cheese, Parmesan, hard type', 'Garlic, raw', 'Vegetable oil, olive oil', 'Tomato, peeled tomato, canned'})",0.16524295668680694,0.02229321480658379,0.020881079704609118,0.12636592883160552,5.668358284256349,1.0,0.01719728297591511,1.1191262079394813,0.98661291063445,0.1252951798860953,0.10644573158447847,0.5315111056411402
"frozenset({'Cheese, Parmesan, hard type', 'Garlic, raw', 'Vegetable oil, olive oil', 'Tomato, peeled tomato, canned'})","frozenset({'Onion, raw'})",0.02229321480658379,0.16524295668680694,0.020881079704609118,0.936656282450675,5.668358284256348,1.0,0.01719728297591511,13.178213650993529,0.8423610111419149,0.1252951798860953,0.9241171810927038,0.5315111056411402
"frozenset({'Vegetable oil, olive oil', 'Tomato, peeled tomato, canned'})","frozenset({'Cheese, Parmesan, hard type', 'Onion, raw'})",0.08526055050119222,0.05970322013102762,0.028821445933745398,0.33803964159652455,5.662000154340857,1.0,0.023731116518680123,1.4204729451425042,0.9001295052152731,0.24815626868646604,0.29600911906162464,0.4103924458467306
"frozenset({'Cheese, Parmesan, hard type', 'Onion, raw'})","frozenset({'Vegetable oil, olive oil', 'Tomato, peeled tomato, canned'})",0.05970322013102762,0.08526055050119222,0.028821445933745398,0.48274525009693675,5.6620001543408565,1.0,0.023731116518680123,1.7684505549156109,0.8756639240995693,0.24815626868646604,0.4345332431147789,0.4103924458467306
"frozenset({'Celery, raw', 'Vegetable oil, olive oil'})","frozenset({'Onion, raw', 'Pasta, unenriched, dry, raw'})",0.03916938676296965,0.09044609579368938,0.02004768849688636,0.5118203309692672,5.658843828226115,1.0,0.01650497038954274,1.8631540023209172,0.8568476543492215,0.1829706317346292,0.46327571486076435,0.36673688675414984
"frozenset({'Onion, raw', 'Pasta, unenriched, dry, raw'})","frozenset({'Celery, raw', 'Vegetable oil, olive oil'})",0.09044609579368938,0.03916938676296965,0.02004768849688636,0.22165344253903252,5.658843828226115,1.0,0.01650497038954274,1.2344509062535605,0.9051530133307313,0.1829706317346292,0.18992323231799993,0.36673688675414984
"frozenset({'Tomato, peeled tomato, canned'})","frozenset({'Celery, raw', 'Onion, raw'})",0.09803921568627451,0.0519943514595921,0.028798296177975323,0.2937426210153483,5.649510240427427,1.0,0.02370081074076041,1.3422948584315038,0.9124493219628127,0.2375405766660302,0.25500720373128866,0.4238080869992147
"frozenset({'Celery, raw', 'Onion, raw'})","frozenset({'Tomato, peeled tomato, canned'})",0.0519943514595921,0.09803921568627451,0.028798296177975323,0.553873552983081,5.649510240427427,1.0,0.02370081074076041,2.0217604007670933,0.8681314371398772,0.2375405766660302,0.5053815478725464,0.4238080869992147
"frozenset({'Onion, raw'})","frozenset({'Pasta, unenriched, dry, raw', 'Garlic, raw', 'Vegetable oil, olive oil', 'Tomato, peeled tomato, canned'})",0.16524295668680694,0.051554506099960644,0.04780424566520823,0.2892967217708042,5.611473053584835,1.0,0.03928522664672271,1.33451684121003,0.9844704874651558,0.28287671232876715,0.25066513278822133,0.6082765602567537
"frozenset({'Pasta, unenriched, dry, raw', 'Garlic, raw', 'Vegetable oil, olive oil', 'Tomato, peeled tomato, canned'})","frozenset({'Onion, raw'})",0.051554506099960644,0.16524295668680694,0.04780424566520823,0.9272563987427032,5.6114730535848345,1.0,0.03928522664672271,11.47533293492889,0.8664637858800599,0.28287671232876715,0.9128565588754138,0.6082765602567537
"frozenset({'Parsley, raw', 'Pasta, unenriched, dry, raw'})","frozenset({'Garlic, raw', 'Vegetable oil, olive oil'})",0.04558186911128088,0.1411209111743871,0.036067319489779384,0.7912646013204673,5.6069975366207725,1.0,0.029634764587763776,4.114678651819056,0.8608925187999282,0.2394344552020901,0.7569676554065989,0.5234210145709948
"frozenset({'Garlic, raw', 'Vegetable oil, olive oil'})","frozenset({'Parsley, raw', 'Pasta, unenriched, dry, raw'})",0.1411209111743871,0.04558186911128088,0.036067319489779384,0.2555774278215223,5.606997536620772,1.0,0.029634764587763776,1.2820918743714482,0.9566555285594307,0.2394344552020901,0.22002469558567722,0.5234210145709948
"frozenset({'Garlic, raw', 'Tomato, peeled tomato, canned', 'Pasta, unenriched, dry, raw'})","frozenset({'Onion, raw'})",0.05164710512304095,0.16524295668680694,0.04780424566520823,0.9255939040788884,5.601412142686431,1.0,0.03926992531036261,11.218933515853822,0.8662108742157761,0.2827217962760132,0.9108649678165159,0.6074453129248463
"frozenset({'Onion, raw'})","frozenset({'Garlic, raw', 'Tomato, peeled tomato, canned', 'Pasta, unenriched, dry, raw'})",0.16524295668680694,0.05164710512304095,0.04780424566520823,0.2892967217708042,5.601412142686431,1.0,0.03926992531036261,1.3343865491093505,0.984087042711209,0.2827217962760132,0.25059196627284647,0.6074453129248463
"frozenset({'Onion, raw'})","frozenset({'Vegetable oil, extra-virgin olive oil', 'Vegetable oil, olive oil', 'Tomato, peeled tomato, canned'})",0.16524295668680694,0.024723939162441835,0.022825659189295553,0.13813393107312974,5.587051891915717,1.0,0.018740202381148926,1.1315865608352553,0.9835373478230713,0.13656509695290858,0.11628501556091969,0.5306774524279506
"frozenset({'Vegetable oil, extra-virgin olive oil', 'Vegetable oil, olive oil', 'Tomato, peeled tomato, canned'})","frozenset({'Onion, raw'})",0.024723939162441835,0.16524295668680694,0.022825659189295553,0.9232209737827716,5.587051891915717,1.0,0.018740202381148926,10.872201490957202,0.8418280335434529,0.13656509695290858,0.9080223080089406,0.5306774524279506
"frozenset({'Tomato, peeled tomato, canned'})","frozenset({'Cheese, Parmesan, hard type', 'Vegetable oil, olive oil', 'Onion, raw'})",0.09803921568627451,0.0526888441326944,0.028821445933745398,0.2939787485242031,5.579525483304042,1.0,0.02365587297955967,1.3417601154174046,0.9099877771957394,0.23642233194075196,0.2547102954473253,0.42049552540445656
"frozenset({'Cheese, Parmesan, hard type', 'Vegetable oil, olive oil', 'Onion, raw'})","frozenset({'Tomato, peeled tomato, canned'})",0.0526888441326944,0.09803921568627451,0.028821445933745398,0.54701230228471,5.5795254833040415,1.0,0.02365587297955967,1.9911374831212794,0.8664241776862832,0.23642233194075196,0.49777450905478715,0.42049552540445656
"frozenset({'Garlic, raw'})","frozenset({'Parsley, raw', 'Vegetable oil, olive oil', 'Pasta, unenriched, dry, raw'})",0.14417667893603722,0.044841076926638426,0.036067319489779384,0.25016056518946694,5.578825985797317,1.0,0.02960228193858129,1.2738179385226758,0.9590189900284564,0.2358105040108975,0.21495845696775095,0.527248584091894
"frozenset({'Parsley, raw', 'Vegetable oil, olive oil', 'Pasta, unenriched, dry, raw'})","frozenset({'Garlic, raw'})",0.044841076926638426,0.14417667893603722,0.036067319489779384,0.8043366029943211,5.578825985797317,1.0,0.02960228193858129,4.37395718443508,0.8592819447979159,0.2358105040108975,0.7713740766465332,0.527248584091894
"frozenset({'Vegetable oil, olive oil', 'Pasta, unenriched, dry, raw'})","frozenset({'Garlic, raw', 'Onion, raw'})",0.1292450864643378,0.08056115007986665,0.05787438942519156,0.4477879276374709,5.558360663837883,1.0,0.0474622566174527,1.6650104116458335,0.9418159196044026,0.38092335822032614,0.3994031550760589,0.583089366117586
"frozenset({'Garlic, raw', 'Onion, raw'})","frozenset({'Vegetable oil, olive oil', 'Pasta, unenriched, dry, raw'})",0.08056115007986665,0.1292450864643378,0.05787438942519156,0.7183908045977011,5.558360663837882,1.0,0.0474622566174527,3.0920684684735757,0.8919471259158546,0.38092335822032614,0.6765918962675305,0.583089366117586
"frozenset({'Pasta, unenriched, dry, raw', 'Onion, raw'})","frozenset({'Cheese, Parmesan, hard type', 'Garlic, raw', 'Vegetable oil, olive oil'})",0.09044609579368938,0.04250295159386069,0.021367224575780726,0.23624264141284873,5.558264368796746,1.0,0.01752299854440786,1.2536665442770731,0.9016372960239264,0.19149377593360994,0.20233972537198872,0.36948297647984485
"frozenset({'Cheese, Parmesan, hard type', 'Garlic, raw', 'Vegetable oil, olive oil'})","frozenset({'Pasta, unenriched, dry, raw', 'Onion, raw'})",0.04250295159386069,0.09044609579368938,0.021367224575780726,0.5027233115468409,5.5582643687967455,1.0,0.01752299854440786,1.829070063661321,0.8564911235410185,0.19149377593360994,0.4532740872712875,0.36948297647984485
"frozenset({'Onion, raw'})","frozenset({'Vegetable oil, extra-virgin olive oil', 'Tomato, peeled tomato, canned'})",0.16524295668680694,0.031391068824223906,0.028821445933745398,0.1744186046511628,5.556313027371887,1.0,0.023634292907671592,1.1732446208607992,0.9823511467317453,0.17174782728652227,0.14766282988256207,0.5462800987857583
"frozenset({'Vegetable oil, extra-virgin olive oil', 'Tomato, peeled tomato, canned'})","frozenset({'Onion, raw'})",0.031391068824223906,0.16524295668680694,0.028821445933745398,0.9181415929203539,5.556313027371887,1.0,0.023634292907671592,10.197572529123322,0.8466002246600225,0.17174782728652227,0.9019374466674209,0.5462800987857583
"frozenset({'Garlic, raw'})","frozenset({'Parsley, raw', 'Pasta, unenriched, dry, raw'})",0.14417667893603722,0.04558186911128088,0.036460865337870685,0.25289017341040465,5.5480430781154135,1.0,0.02988902282970907,1.2774803608800651,0.9578568916814474,0.23784355179704017,0.21720910111597094,0.5263942995035771
"frozenset({'Parsley, raw', 'Pasta, unenriched, dry, raw'})","frozenset({'Garlic, raw'})",0.04558186911128088,0.14417667893603722,0.036460865337870685,0.7998984255967496,5.5480430781154135,1.0,0.02988902282970907,4.276944464911022,0.858906845555725,0.23784355179704017,0.7661882196029861,0.5263942995035771
"frozenset({'Cheese, Parmesan, hard type', 'Vegetable oil, olive oil'})","frozenset({'Egg, chicken, whole, raw, fresh', 'Onion, raw'})",0.09660393082852976,0.03747945459175406,0.020070838252656435,0.20776419841840402,5.543415737541568,1.0,0.016450175613783605,1.2149419951568694,0.9072496953343236,0.17604060913705585,0.1769154379498725,0.37163997444082647
"frozenset({'Egg, chicken, whole, raw, fresh', 'Onion, raw'})","frozenset({'Cheese, Parmesan, hard type', 'Vegetable oil, olive oil'})",0.03747945459175406,0.09660393082852976,0.020070838252656435,0.535515750463249,5.543415737541568,1.0,0.016450175613783605,1.9449444627508117,0.8515203259109781,0.17604060913705585,0.4858465014545143,0.37163997444082647
"frozenset({'Carrots, raw'})","frozenset({'Potato, raw'})",0.06826862976595596,0.08421881149153876,0.03183091418385536,0.4662597490674806,5.536289824207795,1.0,0.026081411322810666,1.715780638444379,0.8794097143166911,0.2638142747505757,0.417174912926716,0.422107334676676
"frozenset({'Potato, raw'})","frozenset({'Carrots, raw'})",0.08421881149153876,0.06826862976595596,0.03183091418385536,0.3779549202858714,5.536289824207795,1.0,0.026081411322810666,1.4978518448570273,0.894726413251553,0.2638142747505757,0.33237722847318596,0.422107334676676
"frozenset({'Tomato, peeled tomato, canned'})","frozenset({'Cheese, Parmesan, hard type', 'Vegetable oil, olive oil', 'Pasta, unenriched, dry, raw'})",0.09803921568627451,0.046484709586313865,0.025210084033613446,0.2571428571428572,5.531772908366534,1.0,0.02065275956436699,1.2835782755568852,0.9082724477981395,0.21129220023282888,0.22092791764791575,0.3997367672168469
"frozenset({'Cheese, Parmesan, hard type', 'Vegetable oil, olive oil', 'Pasta, unenriched, dry, raw'})","frozenset({'Tomato, peeled tomato, canned'})",0.046484709586313865,0.09803921568627451,0.025210084033613446,0.5423306772908366,5.531772908366533,1.0,0.02065275956436699,1.9707695918410888,0.8591641241863389,0.21129220023282888,0.49258401177897104,0.3997367672168469
"frozenset({'Vegetable oil, olive oil', 'Onion, raw'})","frozenset({'Celery, raw', 'Tomato, peeled tomato, canned'})",0.14605180915341343,0.028844595689515477,0.023265504548927007,0.15929624346172136,5.522568080911699,1.0,0.01905269916417452,1.1551695787697676,0.9589865409452413,0.1534351145038168,0.13432623367299892,0.4829386514258847
"frozenset({'Celery, raw', 'Tomato, peeled tomato, canned'})","frozenset({'Vegetable oil, olive oil', 'Onion, raw'})",0.028844595689515477,0.14605180915341343,0.023265504548927007,0.8065810593900481,5.522568080911699,1.0,0.01905269916417452,4.415018447281521,0.8432479684009454,0.1534351145038168,0.7735003801364104,0.4829386514258847
"frozenset({'Onion, raw'})","frozenset({'Garlic, raw', 'Vegetable oil, olive oil', 'Tomato, peeled tomato, canned'})",0.16524295668680694,0.0583373845405931,0.05319813875963609,0.32193891846455597,5.518569627346597,1.0,0.043558296852773265,1.3887577994110016,0.9808765689129877,0.3122282608695653,0.2799320367999957,0.616921840184659
"frozenset({'Garlic, raw', 'Vegetable oil, olive oil', 'Tomato, peeled tomato, canned'})","frozenset({'Onion, raw'})",0.0583373845405931,0.16524295668680694,0.05319813875963609,0.911904761904762,5.518569627346596,1.0,0.043558296852773265,9.475620491663282,0.8695190942899778,0.3122282608695653,0.8944660140325579,0.616921840184659
"frozenset({'Onion, raw'})","frozenset({'Garlic, raw', 'Tomato, peeled tomato, canned'})",0.16524295668680694,0.05852258258675371,0.05324443827117624,0.32221910899411604,5.505893532918841,1.0,0.04357399369159321,1.3890586617395106,0.980376797928998,0.312245452077111,0.28008799948901697,0.6160146177881972
"frozenset({'Garlic, raw', 'Tomato, peeled tomato, canned'})","frozenset({'Onion, raw'})",0.05852258258675371,0.16524295668680694,0.05324443827117624,0.9098101265822784,5.505893532918841,1.0,0.04357399369159321,9.255551778490137,0.8692470175446099,0.312245452077111,0.8919567386221104,0.6160146177881972
"frozenset({'Onion, raw'})","frozenset({'Water, tap water', 'Vegetable oil, olive oil', 'Tomato, peeled tomato, canned'})",0.16524295668680694,0.02372849966432854,0.021575572377711415,0.13056878677500702,5.502614519336564,1.0,0.01765460493543586,1.1228852673857594,0.9802471438380613,0.1288895035264832,0.10943706445793366,0.519918539728967
"frozenset({'Water, tap water', 'Vegetable oil, olive oil', 'Tomato, peeled tomato, canned'})","frozenset({'Onion, raw'})",0.02372849966432854,0.16524295668680694,0.021575572377711415,0.9092682926829269,5.502614519336564,1.0,0.01765460493543586,9.200279240817453,0.8381564013956334,0.1288895035264832,0.8913076468849496,0.519918539728967
"frozenset({'Onion, raw'})","frozenset({'Alcoholic beverage, wine, red wine, table type', 'Tomato, peeled tomato, canned'})",0.16524295668680694,0.027941755214482486,0.025279533300923675,0.15298402913981507,5.475104479496762,1.0,0.020662355054263584,1.1476268195962658,0.9791532639781345,0.15055838963187645,0.1286366064956559,0.5288532407505206
"frozenset({'Alcoholic beverage, wine, red wine, table type', 'Tomato, peeled tomato, canned'})","frozenset({'Onion, raw'})",0.027941755214482486,0.16524295668680694,0.025279533300923675,0.9047224523612262,5.475104479496762,1.0,0.020662355054263584,8.761319576339337,0.8408499058296629,0.15055838963187645,0.8858619422237969,0.5288532407505206
"frozenset({'Onion, raw', 'Pasta, unenriched, dry, raw'})","frozenset({'Cheese, Parmesan, hard type', 'Garlic, raw'})",0.09044609579368938,0.043382642313123596,0.02141352408732088,0.23675454312771946,5.4573564565037875,1.0,0.017489733464884742,1.2533548009666755,0.8979798724660013,0.19048599670510707,0.20214132564160633,0.36517556398648515
"frozenset({'Cheese, Parmesan, hard type', 'Garlic, raw'})","frozenset({'Onion, raw', 'Pasta, unenriched, dry, raw'})",0.043382642313123596,0.09044609579368938,0.02141352408732088,0.4935965848452508,5.4573564565037875,1.0,0.017489733464884742,1.7961053914463923,0.8538012532775741,0.19048599670510707,0.4432397983089921,0.36517556398648515
"frozenset({'Pasta, unenriched, dry, raw'})","frozenset({'Alcoholic beverage, wine, red wine, table type', 'Tomato, peeled tomato, canned'})",0.1468620506053661,0.027941755214482486,0.0223858138296641,0.15242749054224466,5.455186668561179,1.0,0.01828223036135202,1.1468732573775942,0.957275686339402,0.14687120291616038,0.12806407022989624,0.4767936955610975
"frozenset({'Alcoholic beverage, wine, red wine, table type', 'Tomato, peeled tomato, canned'})","frozenset({'Pasta, unenriched, dry, raw'})",0.027941755214482486,0.1468620506053661,0.0223858138296641,0.8011599005799503,5.455186668561178,1.0,0.01828223036135202,4.290572937163847,0.8401638692228146,0.14687120291616038,0.7669308936952789,0.4767936955610975
"frozenset({'Onion, raw'})","frozenset({'Carrots, raw', 'Pasta, unenriched, dry, raw'})",0.16524295668680694,0.024191494779730073,0.021760770423872026,0.1316895488932474,5.443630089513501,1.0,0.017763296299795974,1.1238014053343477,0.977888189155716,0.12978047770260942,0.11016306328386812,0.5156055399968629
"frozenset({'Carrots, raw', 'Pasta, unenriched, dry, raw'})","frozenset({'Onion, raw'})",0.024191494779730073,0.16524295668680694,0.021760770423872026,0.8995215311004784,5.4436300895135,1.0,0.017763296299795974,8.307820097736057,0.8365361124683516,0.12978047770260942,0.8796314811544238,0.5156055399968629
"frozenset({'Celery, raw'})","frozenset({'Tomato, peeled tomato, canned'})",0.054216728013519455,0.09803921568627451,0.028844595689515477,0.5320239111870196,5.426643894107601,1.0,0.02352923019799396,1.9273651066265922,0.862485166091645,0.23372725567435756,0.4811569450116957,0.41311939361003874
"frozenset({'Tomato, peeled tomato, canned'})","frozenset({'Celery, raw'})",0.09803921568627451,0.054216728013519455,0.028844595689515477,0.29421487603305785,5.426643894107601,1.0,0.02352923019799396,1.3400442144070743,0.9043896992113893,0.23372725567435756,0.2537559662220047,0.41311939361003874
"frozenset({'Vegetable oil, olive oil', 'Tomato, peeled tomato, canned'})","frozenset({'Cheese, Parmesan, hard type', 'Pasta, unenriched, dry, raw'})",0.08526055050119222,0.054587124105840684,0.025210084033613446,0.2956828672278034,5.416714510449289,1.0,0.020555955782072567,1.3423113422969115,0.8913863357144679,0.21991114701130854,0.255016352399408,0.37875746414825284
"frozenset({'Cheese, Parmesan, hard type', 'Pasta, unenriched, dry, raw'})","frozenset({'Vegetable oil, olive oil', 'Tomato, peeled tomato, canned'})",0.054587124105840684,0.08526055050119222,0.025210084033613446,0.4618320610687023,5.416714510449289,1.0,0.020555955782072567,1.6997286224729622,0.862465772164389,0.21991114701130854,0.41167078863149087,0.37875746414825284
"frozenset({'Vegetable oil, olive oil', 'Tomato, peeled tomato, canned'})","frozenset({'Pasta, unenriched, dry, raw'})",0.08526055050119222,0.1468620506053661,0.0677361853832442,0.7944610371979364,5.409573364413502,1.0,0.05521464610089674,4.1507358885342605,0.891119912819084,0.41205464019152227,0.7590788653254622,0.6278421201122091
"frozenset({'Pasta, unenriched, dry, raw'})","frozenset({'Vegetable oil, olive oil', 'Tomato, peeled tomato, canned'})",0.1468620506053661,0.08526055050119222,0.0677361853832442,0.4612232030264817,5.409573364413502,1.0,0.05521464610089674,1.697807802112474,0.9554639306198489,0.41205464019152227,0.4110051804710971,0.6278421201122091
"frozenset({'Onion, raw'})","frozenset({'Carrots, raw', 'Potato, raw'})",0.16524295668680694,0.03183091418385536,0.028381600574113944,0.17175679462034185,5.395911459792659,1.0,0.023121766200329665,1.1689429862238907,0.9759420474881502,0.16824481954164952,0.14452628418571342,0.5316965791283527
"frozenset({'Carrots, raw', 'Potato, raw'})","frozenset({'Onion, raw'})",0.03183091418385536,0.16524295668680694,0.028381600574113944,0.8916363636363636,5.395911459792659,1.0,0.023121766200329665,7.7032948627895275,0.8414589041742433,0.16824481954164952,0.8701854183421613,0.5316965791283527
"frozenset({'Cheese, Parmesan, hard type', 'Tomato, peeled tomato, canned'})","frozenset({'Vegetable oil, olive oil', 'Onion, raw'})",0.0366460633840313,0.14605180915341343,0.028821445933745398,0.7864813644977889,5.384947773373116,1.0,0.023469222078156965,3.999408242929426,0.8452731095478179,0.1873025425003761,0.7499630097107729,0.49190925096025917
"frozenset({'Vegetable oil, olive oil', 'Onion, raw'})","frozenset({'Cheese, Parmesan, hard type', 'Tomato, peeled tomato, canned'})",0.14605180915341343,0.0366460633840313,0.028821445933745398,0.19733713742272943,5.384947773373116,1.0,0.023469222078156965,1.2001974696110083,0.9535674251985168,0.1873025425003761,0.16680377577857558,0.49190925096025917
"frozenset({'Vegetable oil, extra-virgin olive oil', 'Tomato, peeled tomato, canned'})","frozenset({'Pasta, unenriched, dry, raw'})",0.031391068824223906,0.1468620506053661,0.024816538185522142,0.7905604719764011,5.38301398297046,1.0,0.02020638144730244,4.0734333076729685,0.8406183751066136,0.16173808086904043,0.7545068436209971,0.47976951719879324
"frozenset({'Pasta, unenriched, dry, raw'})","frozenset({'Vegetable oil, extra-virgin olive oil', 'Tomato, peeled tomato, canned'})",0.1468620506053661,0.031391068824223906,0.024816538185522142,0.16897856242118536,5.38301398297046,1.0,0.02020638144730244,1.1655643132357973,0.9543948506996941,0.16173808086904043,0.14204648457034832,0.47976951719879324
"frozenset({'Onion, raw'})","frozenset({'Water, tap water', 'Tomato, peeled tomato, canned'})",0.16524295668680694,0.025904576706715744,0.023010857235456168,0.13925469319137015,5.3756791615617665,1.0,0.01873030838871827,1.1316883351997824,0.9751064695391072,0.1368580476387168,0.11636448932429339,0.5137739060237458
"frozenset({'Water, tap water', 'Tomato, peeled tomato, canned'})","frozenset({'Onion, raw'})",0.025904576706715744,0.16524295668680694,0.023010857235456168,0.8882931188561216,5.3756791615617665,1.0,0.01873030838871827,7.472745051739708,0.8356234655903481,0.1368580476387168,0.8661803670436752,0.5137739060237458
"frozenset({'Vegetable oil, extra-virgin olive oil', 'Onion, raw'})","frozenset({'Vegetable oil, olive oil', 'Tomato, peeled tomato, canned'})",0.04984142417297498,0.08526055050119222,0.022825659189295553,0.4579656293543892,5.371366085045222,1.0,0.018576151926544278,1.687604142905684,0.8565176826017417,0.20329896907216496,0.4074439765961824,0.36284108239373003
"frozenset({'Vegetable oil, olive oil', 'Tomato, peeled tomato, canned'})","frozenset({'Vegetable oil, extra-virgin olive oil', 'Onion, raw'})",0.08526055050119222,0.04984142417297498,0.022825659189295553,0.26771653543307083,5.371366085045221,1.0,0.018576151926544278,1.2975283777422815,0.8896824357115423,0.20329896907216496,0.22930394652330086,0.36284108239373003
"frozenset({'Cheese, Parmesan, hard type', 'Garlic, raw', 'Vegetable oil, olive oil'})","frozenset({'Tomato, peeled tomato, canned'})",0.04250295159386069,0.09803921568627451,0.02229321480658379,0.5245098039215687,5.3500000000000005,1.0,0.01812625876797,1.8969072164948455,0.849176625142607,0.1885277995301488,0.4728260869565218,0.37595029747436165
"frozenset({'Tomato, peeled tomato, canned'})","frozenset({'Cheese, Parmesan, hard type', 'Garlic, raw', 'Vegetable oil, olive oil'})",0.09803921568627451,0.04250295159386069,0.02229321480658379,0.22739079102715468,5.35,1.0,0.01812625876797,1.2393031784841075,0.9014628199918732,0.1885277995301488,0.19309494451294698,0.37595029747436165
"frozenset({'Tomato, peeled tomato, canned'})","frozenset({'Vegetable oil, olive oil', 'Pasta, unenriched, dry, raw'})",0.09803921568627451,0.1292450864643378,0.0677361853832442,0.6909090909090909,5.345728103170338,1.0,0.055065098474975795,2.8171482496742013,0.9012972153704419,0.42455020313406855,0.6450311054394641,0.6075000407079933
"frozenset({'Vegetable oil, olive oil', 'Pasta, unenriched, dry, raw'})","frozenset({'Tomato, peeled tomato, canned'})",0.1292450864643378,0.09803921568627451,0.0677361853832442,0.5240909905068959,5.345728103170338,1.0,0.055065098474975795,1.8952378843897362,0.9335976526097506,0.42455020313406855,0.472361750344602,0.6075000407079933
"frozenset({'Cheese, Parmesan, hard type', 'Onion, raw'})","frozenset({'Tomato, peeled tomato, canned'})",0.05970322013102762,0.09803921568627451,0.03127532004537352,0.5238464521132221,5.343233811554866,1.0,0.02542206316978258,1.894264546209363,0.8644583669355096,0.24730001830496065,0.4720906316907463,0.42142735828801603
"frozenset({'Tomato, peeled tomato, canned'})","frozenset({'Cheese, Parmesan, hard type', 'Onion, raw'})",0.09803921568627451,0.05970322013102762,0.03127532004537352,0.3190082644628099,5.343233811554866,1.0,0.02542206316978258,1.3807756112153597,0.9012003990602775,0.24730001830496065,0.27576936333645174,0.42142735828801603
"frozenset({'Onion, raw'})","frozenset({'Vegetable oil, olive oil', 'Tomato, peeled tomato, canned'})",0.16524295668680694,0.08526055050119222,0.07525985600851912,0.45544970579994404,5.34185743726315,1.0,0.061171150554957296,1.6798070981534579,0.9736955247538577,0.42945838837516515,0.40469355017057707,0.6690770114663581
"frozenset({'Vegetable oil, olive oil', 'Tomato, peeled tomato, canned'})","frozenset({'Onion, raw'})",0.08526055050119222,0.16524295668680694,0.07525985600851912,0.8827043171327722,5.34185743726315,1.0,0.061171150554957296,7.116690255839097,0.888558154757791,0.42945838837516515,0.8594852432730902,0.6690770114663581
"frozenset({'Parsley, raw', 'Tomato, sauce type, red ripe, raw'})","frozenset({'Vegetable oil, olive oil', 'Onion, raw'})",0.025719378660555132,0.14605180915341343,0.02004768849688636,0.7794779477947795,5.33699618178651,1.0,0.016291326713210586,3.8723936327777873,0.8340807215490464,0.13213304851998783,0.741761790037169,0.45837108675204186
"frozenset({'Vegetable oil, olive oil', 'Onion, raw'})","frozenset({'Parsley, raw', 'Tomato, sauce type, red ripe, raw'})",0.14605180915341343,0.025719378660555132,0.02004768849688636,0.1372642257093042,5.33699618178651,1.0,0.016291326713210586,1.12929201543828,0.9516135666643126,0.13213304851998783,0.11448944442248761,0.45837108675204186
"frozenset({'Vegetable oil, olive oil', 'Pasta, unenriched, dry, raw'})","frozenset({'Cheese, Parmesan, hard type', 'Tomato, peeled tomato, canned'})",0.1292450864643378,0.0366460633840313,0.025210084033613446,0.19505642127888234,5.322711452927278,1.0,0.020473760402966716,1.1967968464901988,0.9326686725430905,0.17920026328780647,0.16443630100408227,0.44149536161859465
"frozenset({'Cheese, Parmesan, hard type', 'Tomato, peeled tomato, canned'})","frozenset({'Vegetable oil, olive oil', 'Pasta, unenriched, dry, raw'})",0.0366460633840313,0.1292450864643378,0.025210084033613446,0.687934301958307,5.322711452927277,1.0,0.020473760402966716,2.7902935792043584,0.84301916299889,0.17920026328780647,0.6416147722043117,0.44149536161859465
"frozenset({'Onion, raw'})","frozenset({'Alcoholic beverage, wine, red wine, table type', 'Carrots, raw'})",0.16524295668680694,0.024399842581660763,0.021459823598861033,0.12986831045110678,5.322506078326811,1.0,0.017427921467974755,1.1212097767915161,0.9728801769292583,0.12759807295251208,0.10810624318526112,0.5046874759086654
"frozenset({'Alcoholic beverage, wine, red wine, table type', 'Carrots, raw'})","frozenset({'Onion, raw'})",0.024399842581660763,0.16524295668680694,0.021459823598861033,0.879506641366224,5.322506078326811,1.0,0.017427921467974755,6.927826170489026,0.8324297344729166,0.12759807295251208,0.8556545768628298,0.5046874759086654
"frozenset({'Pasta, unenriched, dry, raw'})","frozenset({'Water, tap water', 'Tomato, peeled tomato, canned'})",0.1468620506053661,0.025904576706715744,0.02023288654304697,0.13776796973518285,5.318286853128413,1.0,0.016428487287834696,1.129736995497732,0.9517447045628309,0.13264531795416604,0.11483822873355895,0.4594112413465905
"frozenset({'Water, tap water', 'Tomato, peeled tomato, canned'})","frozenset({'Pasta, unenriched, dry, raw'})",0.025904576706715744,0.1468620506053661,0.02023288654304697,0.7810545129579982,5.318286853128413,1.0,0.016428487287834696,3.896577001520797,0.8335626122261991,0.13264531795416604,0.7433644966826757,0.4594112413465905
"frozenset({'Carrots, raw', 'Vegetable oil, olive oil'})","frozenset({'Potato, raw'})",0.04979512466143482,0.08421881149153876,0.022246915295043638,0.4467689446768945,5.304859291700883,1.0,0.018053229077984588,1.6553322155308408,0.8540195987314657,0.1990472245236123,0.3958916581108676,0.35546253720925536
"frozenset({'Potato, raw'})","frozenset({'Carrots, raw', 'Vegetable oil, olive oil'})",0.08421881149153876,0.04979512466143482,0.022246915295043638,0.2641561297416163,5.3048592917008826,1.0,0.018053229077984588,1.291313162675271,0.8861217030140233,0.1990472245236123,0.2255945119243921,0.35546253720925536
"frozenset({'Cheese, Parmesan, hard type', 'Garlic, raw', 'Vegetable oil, olive oil', 'Onion, raw'})","frozenset({'Pasta, unenriched, dry, raw'})",0.027548209366391185,0.1468620506053661,0.021367224575780726,0.7756302521008404,5.281352459016394,1.0,0.01732143805772656,3.802375130260728,0.833619279415872,0.1396157918620481,0.7370064852250836,0.4605610276897644
"frozenset({'Pasta, unenriched, dry, raw'})","frozenset({'Cheese, Parmesan, hard type', 'Garlic, raw', 'Vegetable oil, olive oil', 'Onion, raw'})",0.1468620506053661,0.027548209366391185,0.021367224575780726,0.14549180327868852,5.281352459016393,1.0,0.01732143805772656,1.1380251170964053,0.950203377484127,0.1396157918620481,0.12128477221009613,0.4605610276897644
"frozenset({'Tomato, sauce type, red ripe, raw'})","frozenset({'Parsley, raw', 'Vegetable oil, olive oil', 'Onion, raw'})",0.07218093849109893,0.052596245109614095,0.02004768849688636,0.2777421423989737,5.280645829757248,1.0,0.01625124216376654,1.311725092250543,0.8736932203240401,0.1914235190097259,0.23764513928426312,0.3294520571149798
"frozenset({'Parsley, raw', 'Vegetable oil, olive oil', 'Onion, raw'})","frozenset({'Tomato, sauce type, red ripe, raw'})",0.052596245109614095,0.07218093849109893,0.02004768849688636,0.38116197183098594,5.280645829757248,1.0,0.01625124216376654,1.499292253021496,0.8556322682313305,0.1914235190097259,0.3330186306340752,0.3294520571149798
"frozenset({'Vegetable oil, olive oil', 'Onion, raw'})","frozenset({'Celery, raw', 'Pasta, unenriched, dry, raw'})",0.14605180915341343,0.02599717572979605,0.02004768849688636,0.1372642257093042,5.2799668370123,1.0,0.016250753948670434,1.1289700199009216,0.9492436189090953,0.13189156259518736,0.11423688638980875,0.45420646726248826
"frozenset({'Celery, raw', 'Pasta, unenriched, dry, raw'})","frozenset({'Vegetable oil, olive oil', 'Onion, raw'})",0.02599717572979605,0.14605180915341343,0.02004768849688636,0.7711487088156723,5.279966837012299,1.0,0.016250753948670434,3.731454545995007,0.8322407808698652,0.13189156259518736,0.732007991073265,0.45420646726248826
"frozenset({'Garlic, raw'})","frozenset({'Tomato, peeled tomato, canned', 'Vegetable oil, olive oil', 'Pasta, unenriched, dry, raw'})",0.14417667893603722,0.0677361853832442,0.051554506099960644,0.3575786769428388,5.278990467498225,1.0,0.041788527847608746,1.451171966366697,0.947122871900234,0.3214955969395121,0.31090179304958426,0.5593429953408657
"frozenset({'Tomato, peeled tomato, canned', 'Vegetable oil, olive oil', 'Pasta, unenriched, dry, raw'})","frozenset({'Garlic, raw'})",0.0677361853832442,0.14417667893603722,0.051554506099960644,0.7611073137388927,5.278990467498225,1.0,0.041788527847608746,3.582459281020251,0.8694640175630043,0.3214955969395121,0.7208621448126524,0.5593429953408657
"frozenset({'Tomato, peeled tomato, canned'})","frozenset({'Vegetable oil, olive oil', 'Onion, raw'})",0.09803921568627451,0.14605180915341343,0.07525985600851912,0.767650531286895,5.256015216357585,1.0,0.06094105118955702,3.675274988043999,0.8977572118277989,0.4457699163581518,0.7279115159401432,0.6414730703668585
"frozenset({'Vegetable oil, olive oil', 'Onion, raw'})","frozenset({'Tomato, peeled tomato, canned'})",0.14605180915341343,0.09803921568627451,0.07525985600851912,0.5152956094468221,5.256015216357585,1.0,0.06094105118955702,1.8608471511560807,0.9482329344836993,0.4457699163581518,0.46261034960408537,0.6414730703668585
"frozenset({'Tomato, peeled tomato, canned'})","frozenset({'Cheese, Parmesan, hard type', 'Garlic, raw'})",0.09803921568627451,0.043382642313123596,0.022339514318123945,0.22786304604486424,5.252401280683031,1.0,0.018086314091347123,1.2389218684415664,0.8976120747916198,0.18759720062208401,0.19284659874646082,0.37140217403630615
"frozenset({'Cheese, Parmesan, hard type', 'Garlic, raw'})","frozenset({'Tomato, peeled tomato, canned'})",0.043382642313123596,0.09803921568627451,0.022339514318123945,0.5149413020277481,5.252401280683031,1.0,0.018086314091347123,1.8594879095752712,0.846326783099753,0.18759720062208401,0.4622175305090251,0.37140217403630615
"frozenset({'Vegetable oil, olive oil', 'Tomato, peeled tomato, canned'})","frozenset({'Celery, raw', 'Onion, raw'})",0.08526055050119222,0.0519943514595921,0.023265504548927007,0.27287537333695355,5.24817342031896,1.0,0.018832437520529717,1.3037732649642726,0.8849050037558324,0.2041023558082859,0.2329954702458153,0.3601687641395364
"frozenset({'Celery, raw', 'Onion, raw'})","frozenset({'Vegetable oil, olive oil', 'Tomato, peeled tomato, canned'})",0.0519943514595921,0.08526055050119222,0.023265504548927007,0.4474621549421193,5.248173420318959,1.0,0.018832437520529717,1.6555236128721371,0.8538530516570525,0.2041023558082859,0.3959614998996489,0.3601687641395364
"frozenset({'Cheese, Parmesan, hard type', 'Garlic, raw', 'Onion, raw'})","frozenset({'Pasta, unenriched, dry, raw'})",0.027895455702942332,0.1468620506053661,0.02141352408732088,0.7676348547717843,5.2269109113456445,1.0,0.017316740260215614,3.671540103644764,0.8318883133466864,0.1396437198067633,0.727634733171703,0.45672095828122633
"frozenset({'Pasta, unenriched, dry, raw'})","frozenset({'Cheese, Parmesan, hard type', 'Garlic, raw', 'Onion, raw'})",0.1468620506053661,0.027895455702942332,0.02141352408732088,0.14580706179066835,5.2269109113456445,1.0,0.017316740260215614,1.1380386102639848,0.9478917334831373,0.1396437198067633,0.12129519070707519,0.45672095828122633
frozenset({'Butter'}),"frozenset({'Egg, chicken, whole, raw, fresh'})",0.05234159779614325,0.10810935944625784,0.029562238118387853,0.5647943387881469,5.224287163304408,1.0,0.023903621508253144,2.0493544088333446,0.8532466172533737,0.22585779978776085,0.5120414528157288,0.4191209381306902
"frozenset({'Egg, chicken, whole, raw, fresh'})",frozenset({'Butter'}),0.10810935944625784,0.05234159779614325,0.029562238118387853,0.2734475374732334,5.224287163304407,1.0,0.023903621508253144,1.304322056673154,0.9065980617199394,0.22585779978776085,0.23331818634530152,0.4191209381306902
"frozenset({'Celery, raw'})","frozenset({'Onion, raw', 'Pasta, unenriched, dry, raw'})",0.054216728013519455,0.09044609579368938,0.02558048012593467,0.47181895815542274,5.216576282426361,1.0,0.020676788750403487,1.7220495098231041,0.8546391249042663,0.21481337480559873,0.4192966030908576,0.3773223278107546
"frozenset({'Onion, raw', 'Pasta, unenriched, dry, raw'})","frozenset({'Celery, raw'})",0.09044609579368938,0.054216728013519455,0.02558048012593467,0.2828256974660865,5.216576282426361,1.0,0.020676788750403487,1.3187634702538114,0.8886811261889488,0.21481337480559873,0.24171390658285494,0.3773223278107546
"frozenset({'Tomato, sauce type, red ripe, raw'})","frozenset({'Parsley, raw', 'Onion, raw'})",0.07218093849109893,0.05349908558464708,0.020140287519966663,0.27902501603592045,5.215510003333473,1.0,0.016278673314051216,1.3128068732860634,0.8711442028430632,0.1908313226584777,0.23827333604910375,0.3277427113931225
"frozenset({'Parsley, raw', 'Onion, raw'})","frozenset({'Tomato, sauce type, red ripe, raw'})",0.05349908558464708,0.07218093849109893,0.020140287519966663,0.3764604067503245,5.215510003333472,1.0,0.016278673314051216,1.4879874053761766,0.8539497262081672,0.1908313226584777,0.32795130094048675,0.3277427113931225
"frozenset({'Pasta, unenriched, dry, raw', 'Tomato, peeled tomato, canned', 'Vegetable oil, olive oil', 'Onion, raw'})","frozenset({'Garlic, raw'})",0.06373127763502096,0.14417667893603722,0.04780424566520823,0.7500908100254268,5.202580719439364,1.0,0.038615681711440364,3.424537213501583,0.8627733489980346,0.29858299595141696,0.7079897406115492,0.540828963137312
"frozenset({'Garlic, raw'})","frozenset({'Pasta, unenriched, dry, raw', 'Tomato, peeled tomato, canned', 'Vegetable oil, olive oil', 'Onion, raw'})",0.14417667893603722,0.06373127763502096,0.04780424566520823,0.33156711624919716,5.202580719439363,1.0,0.038615681711440364,1.4006921938239465,0.9438720367571888,0.29858299595141696,0.2860672713039405,0.540828963137312
"frozenset({'Carrots, raw', 'Tomato, peeled tomato, canned'})","frozenset({'Onion, raw'})",0.02826585179526356,0.16524295668680694,0.024260944047040305,0.8583128583128583,5.1942477641553015,1.0,0.019590211123119865,5.891551155406987,0.830967341206971,0.14334564355081386,0.8302654133653329,0.5025663479011756
"frozenset({'Onion, raw'})","frozenset({'Carrots, raw', 'Tomato, peeled tomato, canned'})",0.16524295668680694,0.02826585179526356,0.024260944047040305,0.14681983748949287,5.1942477641553015,1.0,0.019590211123119865,1.1389553940698538,0.9673225856098011,0.14334564355081386,0.12200248999508347,0.5025663479011756
"frozenset({'Onion, raw'})","frozenset({'Beef, meat, lean and fat, raw', 'Pasta, unenriched, dry, raw'})",0.16524295668680694,0.02352015186239785,0.020163437275736742,0.12202297562342394,5.188018187012839,1.0,0.016276897840271413,1.1121929401637471,0.967045652855766,0.11959357407661679,0.10087542917439236,0.48965322009517653
"frozenset({'Beef, meat, lean and fat, raw', 'Pasta, unenriched, dry, raw'})","frozenset({'Onion, raw'})",0.02352015186239785,0.16524295668680694,0.020163437275736742,0.8572834645669292,5.188018187012839,1.0,0.016276897840271413,5.84905624831865,0.8266920935095438,0.11959357407661679,0.8290322476745788,0.48965322009517653
"frozenset({'Cheese, Parmesan, hard type', 'Pasta, unenriched, dry, raw'})","frozenset({'Tomato, peeled tomato, canned'})",0.054587124105840684,0.09803921568627451,0.027663958145241568,0.506785411365564,5.169211195928753,1.0,0.022312279311335618,1.8287390622629103,0.853116037555782,0.2213782882549092,0.45317512999225573,0.39447889222351395
"frozenset({'Tomato, peeled tomato, canned'})","frozenset({'Cheese, Parmesan, hard type', 'Pasta, unenriched, dry, raw'})",0.09803921568627451,0.054587124105840684,0.027663958145241568,0.282172373081464,5.169211195928753,1.0,0.022312279311335618,1.317047213622291,0.8942150263780243,0.2213782882549092,0.24072577683097038,0.39447889222351395
"frozenset({'Onion, raw'})","frozenset({'Cheese, Parmesan, hard type', 'Tomato, peeled tomato, canned'})",0.16524295668680694,0.0366460633840313,0.03127532004537352,0.18926870271784815,5.164775837841368,1.0,0.025219816180864052,1.1882530498643138,0.966006529844408,0.18331071913161465,0.1584284171505476,0.5213557663936682
"frozenset({'Cheese, Parmesan, hard type', 'Tomato, peeled tomato, canned'})","frozenset({'Onion, raw'})",0.0366460633840313,0.16524295668680694,0.03127532004537352,0.8534428300694883,5.164775837841368,1.0,0.025219816180864052,5.695777584330967,0.8370555452410128,0.18331071913161465,0.8244313466960173,0.5213557663936682
"frozenset({'Onion, raw'})","frozenset({'Cheese, Parmesan, hard type', 'Vegetable oil, olive oil', 'Tomato, peeled tomato, canned'})",0.16524295668680694,0.03382179318008195,0.028821445933745398,0.1744186046511628,5.1569886824888975,1.0,0.023232632828218976,1.1703003631903233,0.9656562855320449,0.16929562143051402,0.14551850836487154,0.5132873310730146
"frozenset({'Cheese, Parmesan, hard type', 'Vegetable oil, olive oil', 'Tomato, peeled tomato, canned'})","frozenset({'Onion, raw'})",0.03382179318008195,0.16524295668680694,0.028821445933745398,0.8521560574948664,5.1569886824888975,1.0,0.023232632828218976,5.646203890187844,0.8343061146252636,0.16929562143051402,0.8228898531741243,0.5132873310730146
"frozenset({'Cheese, Parmesan, hard type', 'Garlic, raw', 'Pasta, unenriched, dry, raw'})","frozenset({'Vegetable oil, olive oil', 'Onion, raw'})",0.02840475032988402,0.14605180915341343,0.021367224575780726,0.7522412387938061,5.150509556534481,1.0,0.017218659401550148,3.4466922045025066,0.8294034510023798,0.13957356721608952,0.7098667532036446,0.44927008840942484
"frozenset({'Vegetable oil, olive oil', 'Onion, raw'})","frozenset({'Cheese, Parmesan, hard type', 'Garlic, raw', 'Pasta, unenriched, dry, raw'})",0.14605180915341343,0.02840475032988402,0.021367224575780726,0.1462989380250436,5.150509556534481,1.0,0.017218659401550148,1.1380977404695065,0.9436690207810094,0.13957356721608952,0.12134084407595445,0.44927008840942484
"frozenset({'Pasta, unenriched, dry, raw'})","frozenset({'Cheese, Parmesan, hard type', 'Tomato, peeled tomato, canned'})",0.1468620506053661,0.0366460633840313,0.027663958145241568,0.18836696090794453,5.140169052647176,1.0,0.02228204213004851,1.1869328751003507,0.9441074212405796,0.17751039809863337,0.15749237300765317,0.47163136421897545
"frozenset({'Cheese, Parmesan, hard type', 'Tomato, peeled tomato, canned'})","frozenset({'Pasta, unenriched, dry, raw'})",0.0366460633840313,0.1468620506053661,0.027663958145241568,0.7548957675300063,5.140169052647176,1.0,0.02228204213004851,3.480714881164189,0.836093401138537,0.17751039809863337,0.7127026963881823,0.47163136421897545
"frozenset({'Pasta, unenriched, dry, raw'})","frozenset({'Cheese, Parmesan, hard type', 'Vegetable oil, olive oil', 'Tomato, peeled tomato, canned'})",0.1468620506053661,0.03382179318008195,0.025210084033613446,0.17165825977301388,5.075374296656317,1.0,0.020242946132036026,1.1664004841228468,0.9411962006150714,0.16215008933889222,0.14266153554281388,0.4585190682848642
"frozenset({'Cheese, Parmesan, hard type', 'Vegetable oil, olive oil', 'Tomato, peeled tomato, canned'})","frozenset({'Pasta, unenriched, dry, raw'})",0.03382179318008195,0.1468620506053661,0.025210084033613446,0.7453798767967146,5.075374296656317,1.0,0.020242946132036026,3.3506304947998924,0.8310787708756762,0.16215008933889222,0.7015487080559976,0.4585190682848642
"frozenset({'Tomato, peeled tomato, canned'})","frozenset({'Pasta, unenriched, dry, raw'})",0.09803921568627451,0.1468620506053661,0.07301432969882168,0.7447461629279812,5.071059268600253,1.0,0.05861608944339364,3.3423119479058983,0.8900636872432522,0.42478114478114487,0.7008059045396577,0.6209544181600815
"frozenset({'Pasta, unenriched, dry, raw'})","frozenset({'Tomato, peeled tomato, canned'})",0.1468620506053661,0.09803921568627451,0.07301432969882168,0.4971626733921816,5.071059268600252,1.0,0.05861608944339364,1.7937427008420928,0.9409996847575937,0.42478114478114487,0.4425064422391579,0.6209544181600815
frozenset({'Vinegar'}),"frozenset({'Vegetable oil, extra-virgin olive oil'})",0.04673935689978471,0.1275551542931222,0.030164131768409843,0.6453689945517583,5.0595289396828145,1.0,0.024202285887496497,2.460148245086853,0.8416933473443468,0.20928364921297787,0.5935204303248415,0.44092406170419135
"frozenset({'Vegetable oil, extra-virgin olive oil'})",frozenset({'Vinegar'}),0.1275551542931222,0.04673935689978471,0.030164131768409843,0.23647912885662434,5.059528939682814,1.0,0.024202285887496497,1.2485063331310164,0.9196605900428664,0.20928364921297787,0.19904290954440726,0.44092406170419135
"frozenset({'Tomato, sauce type, red ripe, raw', 'Onion, raw'})","frozenset({'Parsley, raw', 'Vegetable oil, olive oil'})",0.035627474130147926,0.11139662476560873,0.02004768849688636,0.5627030539311242,5.051347427402903,1.0,0.016078908129863838,2.032036544555317,0.8316630736791404,0.15788514129443937,0.5078828662410517,0.3713349018616552
"frozenset({'Parsley, raw', 'Vegetable oil, olive oil'})","frozenset({'Tomato, sauce type, red ripe, raw', 'Onion, raw'})",0.11139662476560873,0.035627474130147926,0.02004768849688636,0.17996674979218621,5.051347427402903,1.0,0.016078908129863838,1.176016369611183,0.9025770567493979,0.15788514129443937,0.1496717002922144,0.3713349018616552
frozenset({'Meat extract'}),"frozenset({'Potato, raw'})",0.047989443711368845,0.08421881149153876,0.020394934833437506,0.4249879401833092,5.046235308438265,1.0,0.016353320919925925,1.5926295333708391,0.8422516558265519,0.1824016563146998,0.37210758745414213,0.3335769827359647
"frozenset({'Potato, raw'})",frozenset({'Meat extract'}),0.08421881149153876,0.047989443711368845,0.020394934833437506,0.24216602528862013,5.046235308438265,1.0,0.016353320919925925,1.2562257540000148,0.8755721098665569,0.1824016563146998,0.20396473578427496,0.3335769827359647
"frozenset({'Chard, raw'})","frozenset({'Onion, raw'})",0.030418779081880686,0.16524295668680694,0.025348982568233903,0.8333333333333333,5.043079293919866,1.0,0.020322493573941145,5.008542259879156,0.8268605400759258,0.14883784151148566,0.8003411076291632,0.4933688241337443
"frozenset({'Onion, raw'})","frozenset({'Chard, raw'})",0.16524295668680694,0.030418779081880686,0.025348982568233903,0.15340431493415524,5.043079293919866,1.0,0.020322493573941145,1.1452706859032824,0.9604093291549961,0.14883784151148566,0.12684397469643302,0.4933688241337443
"frozenset({'Celery, raw'})","frozenset({'Vegetable oil, olive oil', 'Tomato, peeled tomato, canned'})",0.054216728013519455,0.08526055050119222,0.02331180406046716,0.4299743808710504,5.043063624894587,1.0,0.01868925598366108,1.6047339256376087,0.8476654849172911,0.2006775607811877,0.376843734638021,0.35169639488841686
"frozenset({'Vegetable oil, olive oil', 'Tomato, peeled tomato, canned'})","frozenset({'Celery, raw'})",0.08526055050119222,0.054216728013519455,0.02331180406046716,0.2734184089057833,5.043063624894586,1.0,0.01868925598366108,1.301689009987372,0.8764329955533715,0.2006775607811877,0.23176734817043498,0.35169639488841686
"frozenset({'Tomato, sauce type, red ripe, raw', 'Vegetable oil, olive oil', 'Onion, raw'})","frozenset({'Parsley, raw'})",0.03460888487626455,0.1149848369099706,0.02004768849688636,0.5792642140468228,5.037744363636119,1.0,0.016068191513753133,2.1034939090931544,0.8302318617645955,0.15475339528234458,0.5246004774831442,0.376807464381978
"frozenset({'Parsley, raw'})","frozenset({'Tomato, sauce type, red ripe, raw', 'Vegetable oil, olive oil', 'Onion, raw'})",0.1149848369099706,0.03460888487626455,0.02004768849688636,0.1743507147171331,5.037744363636119,1.0,0.016068191513753133,1.169250833655107,0.9056324640153588,0.15475339528234458,0.14475151847959325,0.376807464381978
"frozenset({'Cheese, Parmesan, hard type', 'Garlic, raw'})","frozenset({'Vegetable oil, olive oil', 'Pasta, unenriched, dry, raw'})",0.043382642313123596,0.1292450864643378,0.028242702039493483,0.6510138740661686,5.037049313637164,1.0,0.022635708682682384,2.4950989418437786,0.8378178230438096,0.19560686227352891,0.5992142903715714,0.4347671913766272
"frozenset({'Vegetable oil, olive oil', 'Pasta, unenriched, dry, raw'})","frozenset({'Cheese, Parmesan, hard type', 'Garlic, raw'})",0.1292450864643378,0.043382642313123596,0.028242702039493483,0.2185205086870858,5.037049313637164,1.0,0.022635708682682384,1.2241106367100232,0.9204324427510858,0.19560686227352891,0.18308037687864015,0.4347671913766272
"frozenset({'Vegetable oil, extra-virgin olive oil', 'Carrots, raw'})","frozenset({'Onion, raw'})",0.028566798620274555,0.16524295668680694,0.023774799175868694,0.8322528363047001,5.036540455289176,1.0,0.01905433690877793,4.9762811181085995,0.8250191705722301,0.13982300884955753,0.7990467225894821,0.488065336616906
"frozenset({'Onion, raw'})","frozenset({'Vegetable oil, extra-virgin olive oil', 'Carrots, raw'})",0.16524295668680694,0.028566798620274555,0.023774799175868694,0.1438778369291118,5.036540455289176,1.0,0.01905433690877793,1.1346899347812929,0.9601009305505559,0.13982300884955753,0.11870197368698239,0.488065336616906
"frozenset({'Onion, raw'})","frozenset({'Tomato, peeled tomato, canned'})",0.16524295668680694,0.09803921568627451,0.0815102900664398,0.4932754272905576,5.031409358363688,1.0,0.06531000019518421,1.7799823274623647,0.9598583655448268,0.44842078451349976,0.43819666938735735,0.6623401929841217
"frozenset({'Tomato, peeled tomato, canned'})","frozenset({'Onion, raw'})",0.09803921568627451,0.16524295668680694,0.0815102900664398,0.8314049586776859,5.031409358363687,1.0,0.06531000019518421,4.9512550118086445,0.8883407628761592,0.44842078451349976,0.798031004742228,0.6623401929841217
"frozenset({'Garlic, raw'})","frozenset({'Cheese, Parmesan, hard type', 'Tomato, peeled tomato, canned', 'Vegetable oil, olive oil', 'Onion, raw'})",0.14417667893603722,0.028821445933745398,0.020881079704609118,0.14482980089916508,5.02507060999296,1.0,0.016725699347747154,1.1356552825243398,0.9359382964776806,0.13726982194490947,0.11945110863465946,0.4346638964335183
"frozenset({'Cheese, Parmesan, hard type', 'Tomato, peeled tomato, canned', 'Vegetable oil, olive oil', 'Onion, raw'})","frozenset({'Garlic, raw'})",0.028821445933745398,0.14417667893603722,0.020881079704609118,0.7244979919678716,5.025070609992959,1.0,0.016725699347747154,3.106414095407096,0.8247688520805533,0.13726982194490947,0.67808541640391,0.4346638964335183
"frozenset({'Water, tap water', 'Onion, raw'})","frozenset({'Vegetable oil, olive oil', 'Tomato, peeled tomato, canned'})",0.0505127670903072,0.08526055050119222,0.021575572377711415,0.4271310724106324,5.009715160174339,1.0,0.01726882604825332,1.5967691830451187,0.8429685255943732,0.188931684573282,0.373735408587389,0.34009282374264993
"frozenset({'Vegetable oil, olive oil', 'Tomato, peeled tomato, canned'})","frozenset({'Water, tap water', 'Onion, raw'})",0.08526055050119222,0.0505127670903072,0.021575572377711415,0.2530545750746674,5.009715160174339,1.0,0.01726882604825332,1.2711601158874586,0.8749899801906469,0.188931684573282,0.213317042045603,0.34009282374264993
"frozenset({'Garlic, raw', 'Vegetable oil, olive oil'})","frozenset({'Tomato, peeled tomato, canned', 'Pasta, unenriched, dry, raw'})",0.1411209111743871,0.07301432969882168,0.051554506099960644,0.36532152230971127,5.003422257201204,1.0,0.041250657364075814,1.4605594846616652,0.9316058652114174,0.3171009540082586,0.3153308643011911,0.5357045151180768
"frozenset({'Tomato, peeled tomato, canned', 'Pasta, unenriched, dry, raw'})","frozenset({'Garlic, raw', 'Vegetable oil, olive oil'})",0.07301432969882168,0.1411209111743871,0.051554506099960644,0.7060875079264425,5.003422257201204,1.0,0.041250657364075814,2.922227234256723,0.8631598333094124,0.3171009540082586,0.6577952637367871,0.5357045151180768
"frozenset({'Vegetable oil, extra-virgin olive oil', 'Tomato, peeled tomato, canned'})","frozenset({'Vegetable oil, olive oil', 'Onion, raw'})",0.031391068824223906,0.14605180915341343,0.022825659189295553,0.7271386430678466,4.978634960310948,1.0,0.018240936796258336,3.129604721048571,0.8250406384878366,0.14762689025303188,0.6804708296628109,0.4417116578788274
"frozenset({'Vegetable oil, olive oil', 'Onion, raw'})","frozenset({'Vegetable oil, extra-virgin olive oil', 'Tomato, peeled tomato, canned'})",0.14605180915341343,0.031391068824223906,0.022825659189295553,0.15628467268980822,4.978634960310948,1.0,0.018240936796258336,1.14802813202855,0.9358199239581863,0.14762689025303188,0.12894120614186194,0.4417116578788274
"frozenset({'Garlic, raw', 'Vegetable oil, olive oil', 'Onion, raw'})","frozenset({'Pasta, unenriched, dry, raw'})",0.07982035789522421,0.1468620506053661,0.05787438942519156,0.7250580046403712,4.937000414005378,1.0,0.04615180798464471,3.1029743138319588,0.8666219326272359,0.3428414701042237,0.6777285601294363,0.5595655723075752
"frozenset({'Pasta, unenriched, dry, raw'})","frozenset({'Garlic, raw', 'Vegetable oil, olive oil', 'Onion, raw'})",0.1468620506053661,0.07982035789522421,0.05787438942519156,0.3940731399747793,4.937000414005377,1.0,0.04615180798464471,1.518631542537122,0.9347232301305186,0.3428414701042237,0.3415124261614265,0.5595655723075752
"frozenset({'Cheese, Parmesan, hard type', 'Pasta, unenriched, dry, raw', 'Vegetable oil, olive oil', 'Onion, raw'})","frozenset({'Garlic, raw'})",0.030071532745329536,0.14417667893603722,0.021367224575780726,0.7105465742879138,4.928304490930477,1.0,0.017031610854042818,2.95668748420768,0.8218033456580592,0.13976377952755906,0.6617836665723988,0.4293741220829421
"frozenset({'Garlic, raw'})","frozenset({'Cheese, Parmesan, hard type', 'Pasta, unenriched, dry, raw', 'Vegetable oil, olive oil', 'Onion, raw'})",0.14417667893603722,0.030071532745329536,0.021367224575780726,0.14820166987797045,4.928304490930477,1.0,0.017031610854042818,1.1386832222548704,0.9313726791739393,0.13976377952755906,0.12179262813782735,0.4293741220829421
"frozenset({'Pasta, unenriched, dry, raw', 'Tomato, peeled tomato, canned', 'Onion, raw'})","frozenset({'Garlic, raw', 'Vegetable oil, olive oil'})",0.06884737366020789,0.1411209111743871,0.04780424566520823,0.6943510423671821,4.920256229845008,1.0,0.038088441562316194,2.8100180529894083,0.8556691240522947,0.2947894361170592,0.644130400181536,0.5165488807636436
"frozenset({'Garlic, raw', 'Vegetable oil, olive oil'})","frozenset({'Pasta, unenriched, dry, raw', 'Tomato, peeled tomato, canned', 'Onion, raw'})",0.1411209111743871,0.06884737366020789,0.04780424566520823,0.338746719160105,4.920256229845008,1.0,0.038088441562316194,1.4081633366825534,0.9276725472832389,0.2947894361170592,0.2898551084593157,0.5165488807636436
"frozenset({'Beef, meat, lean and fat, raw'})","frozenset({'Alcoholic beverage, wine, red wine, table type'})",0.05627705627705628,0.08921915873787531,0.02470078940667176,0.43891402714932126,4.919504211408727,1.0,0.019679797789388734,1.6232464993462061,0.8442387556640844,0.2044844768110387,0.38395061969776656,0.35788462125499276
"frozenset({'Alcoholic beverage, wine, red wine, table type'})","frozenset({'Beef, meat, lean and fat, raw'})",0.08921915873787531,0.05627705627705628,0.02470078940667176,0.27685521536066426,4.919504211408726,1.0,0.019679797789388734,1.305026273809912,0.874774092301097,0.2044844768110387,0.23373190251519926,0.35788462125499276
"frozenset({'Parsley, raw'})","frozenset({'Tomato, sauce type, red ripe, raw', 'Onion, raw'})",0.1149848369099706,0.035627474130147926,0.020140287519966663,0.17515602979665792,4.916319050764284,1.0,0.016043668217597406,1.1691575142776556,0.900092813912165,0.15436479772888573,0.14468325457598138,0.37022908702308527
"frozenset({'Tomato, sauce type, red ripe, raw', 'Onion, raw'})","frozenset({'Parsley, raw'})",0.035627474130147926,0.1149848369099706,0.020140287519966663,0.5653021442495126,4.916319050764283,1.0,0.016043668217597406,2.035931742893206,0.826024971814827,0.15436479772888573,0.5088243977281244,0.37022908702308527
"frozenset({'Pasta, unenriched, dry, raw'})","frozenset({'Garlic, raw', 'Onion, raw'})",0.1468620506053661,0.08056115007986665,0.058082737227122254,0.39549180327868855,4.909212478801583,1.0,0.04625136152726638,1.5209700296983901,0.9333793453869167,0.3429938482570062,0.3425248489621449,0.5582344073864707
"frozenset({'Garlic, raw', 'Onion, raw'})","frozenset({'Pasta, unenriched, dry, raw'})",0.08056115007986665,0.1468620506053661,0.058082737227122254,0.7209770114942529,4.9092124788015825,1.0,0.04625136152726638,3.0575901790868443,0.8660731932307083,0.3429938482570062,0.6729450510275212,0.5582344073864707
"frozenset({'Tomato, peeled tomato, canned', 'Pasta, unenriched, dry, raw'})","frozenset({'Garlic, raw'})",0.07301432969882168,0.14417667893603722,0.05164710512304095,0.7073557387444515,4.906173064634565,1.0,0.04112014155232397,2.924449354968297,0.8588861438319562,0.3119843378548454,0.6580552854159991,0.532788338222579
"frozenset({'Garlic, raw'})","frozenset({'Tomato, peeled tomato, canned', 'Pasta, unenriched, dry, raw'})",0.14417667893603722,0.07301432969882168,0.05164710512304095,0.3582209377007065,4.906173064634565,1.0,0.04112014155232397,1.4443999886504224,0.9303031690730889,0.3119843378548454,0.3076709998216272,0.532788338222579
"frozenset({'Cheese, Parmesan, hard type', 'Pasta, unenriched, dry, raw'})","frozenset({'Garlic, raw', 'Vegetable oil, olive oil', 'Onion, raw'})",0.054587124105840684,0.07982035789522421,0.021367224575780726,0.3914334181509754,4.903929629892019,1.0,0.0170100607931815,1.512044317827917,0.8420468166661479,0.18902314151136596,0.33864372346141247,0.3295624167321002
"frozenset({'Garlic, raw', 'Vegetable oil, olive oil', 'Onion, raw'})","frozenset({'Cheese, Parmesan, hard type', 'Pasta, unenriched, dry, raw'})",0.07982035789522421,0.054587124105840684,0.021367224575780726,0.26769141531322505,4.903929629892019,1.0,0.0170100607931815,1.2910034043893313,0.8651374863727093,0.18902314151136596,0.2254087041133569,0.3295624167321002
"frozenset({'Garlic, raw'})","frozenset({'Tomato, peeled tomato, canned', 'Vegetable oil, olive oil', 'Onion, raw'})",0.14417667893603722,0.07525985600851912,0.05319813875963609,0.3689788053949904,4.902730684911535,1.0,0.04234742266312344,1.465466060249095,0.9301359469407966,0.3200111405096783,0.31762322777367946,0.5379191166316692
"frozenset({'Tomato, peeled tomato, canned', 'Vegetable oil, olive oil', 'Onion, raw'})","frozenset({'Garlic, raw'})",0.07525985600851912,0.14417667893603722,0.05319813875963609,0.7068594278683482,4.902730684911535,1.0,0.04234742266312344,2.919498023902354,0.8608169985093455,0.3200111405096783,0.6574753632943557,0.5379191166316692
"frozenset({'Tomato, peeled tomato, canned'})","frozenset({'Water, tap water', 'Vegetable oil, olive oil', 'Onion, raw'})",0.09803921568627451,0.044979975461258884,0.021575572377711415,0.22007083825265644,4.892640247040659,1.0,0.01716577086190172,1.2244958534428,0.8820908751632767,0.1776591688905833,0.18333737334561498,0.3498707253538115
"frozenset({'Water, tap water', 'Vegetable oil, olive oil', 'Onion, raw'})","frozenset({'Tomato, peeled tomato, canned'})",0.044979975461258884,0.09803921568627451,0.021575572377711415,0.47967061245496656,4.892640247040659,1.0,0.01716577086190172,1.7334419425534804,0.8330834507711152,0.1776591688905833,0.42311307033050644,0.3498707253538115
"frozenset({'Cheese, Parmesan, hard type', 'Vegetable oil, olive oil', 'Onion, raw'})","frozenset({'Garlic, raw', 'Pasta, unenriched, dry, raw'})",0.0526888441326944,0.08292242516841447,0.021367224575780726,0.4055360281195079,4.890547126375875,1.0,0.01699813784097712,1.542696644727782,0.8397704341819954,0.18703140830800405,0.3517844202114952,0.3316066516923615
"frozenset({'Garlic, raw', 'Pasta, unenriched, dry, raw'})","frozenset({'Cheese, Parmesan, hard type', 'Vegetable oil, olive oil', 'Onion, raw'})",0.08292242516841447,0.0526888441326944,0.021367224575780726,0.257677275265215,4.890547126375875,1.0,0.01699813784097712,1.2761446259182734,0.8674554067187031,0.18703140830800405,0.21638975732830312,0.3316066516923615
"frozenset({'Garlic, raw'})","frozenset({'Parsley, raw', 'Vegetable oil, extra-virgin olive oil'})",0.14417667893603722,0.0295159386068477,0.020765330925758732,0.14402697495183045,4.879633911368016,1.0,0.016509820921743468,1.133778790912878,0.9290078616894152,0.13578564940962762,0.11799373209756737,0.42377819335826816
"frozenset({'Parsley, raw', 'Vegetable oil, extra-virgin olive oil'})","frozenset({'Garlic, raw'})",0.0295159386068477,0.14417667893603722,0.020765330925758732,0.7035294117647058,4.879633911368015,1.0,0.016509820921743468,2.8867056464459058,0.819247450951672,0.13578564940962762,0.6535843544591414,0.42377819335826816
"frozenset({'Cheese, Parmesan, hard type', 'Pasta, unenriched, dry, raw'})","frozenset({'Garlic, raw', 'Onion, raw'})",0.054587124105840684,0.08056115007986665,0.02141352408732088,0.3922815945716709,4.869364379515077,1.0,0.01701592258980194,1.5129356651163115,0.8405157232454668,0.18827600244249948,0.3390333620543462,0.32904309613641014
"frozenset({'Garlic, raw', 'Onion, raw'})","frozenset({'Cheese, Parmesan, hard type', 'Pasta, unenriched, dry, raw'})",0.08056115007986665,0.054587124105840684,0.02141352408732088,0.26580459770114945,4.869364379515077,1.0,0.01701592258980194,1.2876856391826514,0.8642601813234034,0.18827600244249948,0.22341294367875197,0.32904309613641014
"frozenset({'Tomato, salad type, raw', 'Vegetable oil, olive oil'})","frozenset({'Lettuce, raw'})",0.05646225432321689,0.08840891728592264,0.024260944047040305,0.4296842968429685,4.86019182265664,1.0,0.019269177274802297,1.5983973046295004,0.8417753373196253,0.20115163147792706,0.3743733193845728,0.35205084179671337
"frozenset({'Lettuce, raw'})","frozenset({'Tomato, salad type, raw', 'Vegetable oil, olive oil'})",0.08840891728592264,0.05646225432321689,0.024260944047040305,0.27441738675045824,4.86019182265664,1.0,0.019269177274802297,1.3003863770262123,0.8712753110486384,0.20115163147792706,0.23099778829823703,0.35205084179671337
"frozenset({'Wheat flour, white, 9% protein, pastry flour, Italian ""tipo 00"" flour'})","frozenset({'Tomato, sauce type, red ripe, raw'})",0.08285297590110424,0.07218093849109893,0.02896034446836586,0.3495389773679799,4.842538552073325,1.0,0.022979938911043753,1.4264022427578853,0.8651794299831982,0.2297098788101359,0.2989354825560675,0.37537885366153967
"frozenset({'Tomato, sauce type, red ripe, raw'})","frozenset({'Wheat flour, white, 9% protein, pastry flour, Italian ""tipo 00"" flour'})",0.07218093849109893,0.08285297590110424,0.02896034446836586,0.4012187299550994,4.842538552073324,1.0,0.022979938911043753,1.5316895667596981,0.8552278913414592,0.2297098788101359,0.34712619208113554,0.37537885366153967
"frozenset({'Juice, lemon juice', 'Vegetable oil, olive oil'})","frozenset({'Parsley, raw'})",0.03747945459175406,0.1149848369099706,0.02085792994883904,0.5565163681284744,4.839910922900283,1.0,0.01654836097513155,1.995598257719718,0.8242781215563233,0.15848724714160067,0.49889713717095757,0.36895679489572497
"frozenset({'Parsley, raw'})","frozenset({'Juice, lemon juice', 'Vegetable oil, olive oil'})",0.1149848369099706,0.03747945459175406,0.02085792994883904,0.18139722166297562,4.839910922900283,1.0,0.01654836097513155,1.1758090381315192,0.8964644451495897,0.15848724714160067,0.14952176112789353,0.36895679489572497
"frozenset({'Tomato, peeled tomato, canned', 'Onion, raw', 'Pasta, unenriched, dry, raw'})","frozenset({'Garlic, raw'})",0.06884737366020789,0.14417667893603722,0.04780424566520823,0.6943510423671821,4.815973342507252,1.0,0.037878059977411054,2.800020414570104,0.8509428338947415,0.2893372565503713,0.6428597467374061,0.5129590793081896
"frozenset({'Garlic, raw'})","frozenset({'Tomato, peeled tomato, canned', 'Onion, raw', 'Pasta, unenriched, dry, raw'})",0.14417667893603722,0.06884737366020789,0.04780424566520823,0.33156711624919716,4.815973342507252,1.0,0.037878059977411054,1.3930383273707,0.9258425601922742,0.2893372565503713,0.282144661527399,0.5129590793081896
"frozenset({'Vegetable oil, olive oil', 'Egg, chicken, whole, raw, fresh', 'Onion, raw'})","frozenset({'Cheese, Parmesan, hard type'})",0.03502558048012593,0.11905919392550408,0.020070838252656435,0.5730337078651686,4.813015181538341,1.0,0.01590072087391977,2.0632560984376354,0.8209855288435305,0.1497667991017447,0.5153291921651256,0.37080617922910386
"frozenset({'Cheese, Parmesan, hard type'})","frozenset({'Vegetable oil, olive oil', 'Egg, chicken, whole, raw, fresh', 'Onion, raw'})",0.11905919392550408,0.03502558048012593,0.020070838252656435,0.1685786505930391,4.813015181538341,1.0,0.01590072087391977,1.1606322356386138,0.8992999627979641,0.1497667991017447,0.13840063260885493,0.37080617922910386
"frozenset({'Tomato, salad type, raw'})","frozenset({'Lettuce, raw'})",0.07521355649697896,0.08840891728592264,0.03196981271847582,0.4250538627269929,4.807816629541218,1.0,0.02532026362335434,1.5855243189175787,0.8564197540800144,0.2428345349041674,0.3692938114738664,0.39333342521005316
"frozenset({'Lettuce, raw'})","frozenset({'Tomato, salad type, raw'})",0.08840891728592264,0.07521355649697896,0.03196981271847582,0.3616129876931134,4.807816629541218,1.0,0.02532026362335434,1.4486297898843468,0.868816505053289,0.2428345349041674,0.30969250599227544,0.39333342521005316
"frozenset({'Parsley, raw'})","frozenset({'Vegetable oil, extra-virgin olive oil', 'Garlic, raw'})",0.1149848369099706,0.0377341019052249,0.020765330925758732,0.18059190658345076,4.785907109622897,1.0,0.016426481372242237,1.174342682023771,0.8938301036004866,0.15736842105263155,0.14845980197477138,0.36544932752485415
"frozenset({'Vegetable oil, extra-virgin olive oil', 'Garlic, raw'})","frozenset({'Parsley, raw'})",0.0377341019052249,0.1149848369099706,0.020765330925758732,0.5503067484662576,4.7859071096228964,1.0,0.016426481372242237,1.9680419042793282,0.8220733962192749,0.15736842105263155,0.49188073799364185,0.36544932752485415
"frozenset({'Vegetable oil, olive oil', 'Onion, raw'})","frozenset({'Garlic, raw', 'Pasta, unenriched, dry, raw'})",0.14605180915341343,0.08292242516841447,0.05787438942519156,0.3962593120938342,4.778674903550351,1.0,0.04576341920995609,1.518992496616559,0.9259776837996098,0.33824922202678936,0.34166890078296996,0.5470967135566882
"frozenset({'Garlic, raw', 'Pasta, unenriched, dry, raw'})","frozenset({'Vegetable oil, olive oil', 'Onion, raw'})",0.08292242516841447,0.14605180915341343,0.05787438942519156,0.6979341150195422,4.778674903550351,1.0,0.04576341920995609,2.8270262658155945,0.8622356380159031,0.33824922202678936,0.646271415270526,0.5470967135566882
"frozenset({'Cheese, Parmesan, hard type'})","frozenset({'Egg, chicken, whole, raw, fresh', 'Onion, raw'})",0.11905919392550408,0.03747945459175406,0.021297775308470497,0.17888391989111416,4.7728528026784796,1.0,0.016835501656008726,1.1722100793356878,0.8973153424995601,0.15748031496062995,0.14691059424542927,0.3735679636515485
"frozenset({'Egg, chicken, whole, raw, fresh', 'Onion, raw'})","frozenset({'Cheese, Parmesan, hard type'})",0.03747945459175406,0.11905919392550408,0.021297775308470497,0.5682520074119828,4.7728528026784796,1.0,0.016835501656008726,2.0404051001925736,0.8212621589176551,0.15748031496062995,0.509901244656946,0.3735679636515485
"frozenset({'Garlic, raw'})","frozenset({'Onion, raw', 'Vegetable oil, olive oil', 'Pasta, unenriched, dry, raw'})",0.14417667893603722,0.08428826075884899,0.05787438942519156,0.40141297366730894,4.762382923237228,1.0,0.045721987915686005,1.529788817594927,0.9231123590034894,0.33925905821685437,0.34631500211110183,0.5440187636806745
"frozenset({'Onion, raw', 'Vegetable oil, olive oil', 'Pasta, unenriched, dry, raw'})","frozenset({'Garlic, raw'})",0.08428826075884899,0.14417667893603722,0.05787438942519156,0.6866245536940401,4.762382923237227,1.0,0.045721987915686005,2.7309839719490694,0.8627399332591769,0.33925905821685437,0.6338316115102234,0.5440187636806745
"frozenset({'Carrots, raw', 'Onion, raw'})","frozenset({'Tomato, peeled tomato, canned'})",0.05201750121536218,0.09803921568627451,0.024260944047040305,0.46639964396973743,4.757276368491322,1.0,0.019161189025926367,1.6903301771083747,0.8331331963202192,0.19285977180714023,0.4083996052707959,0.35693063662477426
"frozenset({'Tomato, peeled tomato, canned'})","frozenset({'Carrots, raw', 'Onion, raw'})",0.09803921568627451,0.05201750121536218,0.024260944047040305,0.2474616292798111,4.757276368491322,1.0,0.019161189025926367,1.259713173000609,0.875643046797212,0.19285977180714023,0.2061684981684982,0.35693063662477426
"frozenset({'Parsley, raw', 'Tomato, sauce type, red ripe, raw', 'Vegetable oil, olive oil'})","frozenset({'Onion, raw'})",0.025557330370164593,0.16524295668680694,0.02004768849688636,0.7844202898550726,4.7470724657984835,1.0,0.015824519661498837,3.8721503185620407,0.8100464774222306,0.11740780911062909,0.7417455631290267,0.45287139457729814
"frozenset({'Onion, raw'})","frozenset({'Parsley, raw', 'Tomato, sauce type, red ripe, raw', 'Vegetable oil, olive oil'})",0.16524295668680694,0.025557330370164593,0.02004768849688636,0.1213224992995237,4.7470724657984835,1.0,0.015824519661498837,1.10898784690972,0.9455971151206066,0.11740780911062909,0.09827686318964021,0.45287139457729814
"frozenset({'Vegetable oil, olive oil', 'Tomato, peeled tomato, canned'})","frozenset({'Garlic, raw'})",0.08526055050119222,0.14417667893603722,0.0583373845405931,0.6842248167254955,4.745738504831604,1.0,0.04604480152507292,2.7102298293022997,0.8628518644386437,0.34095521580300364,0.631027601722828,0.5444245470910715
"frozenset({'Garlic, raw'})","frozenset({'Vegetable oil, olive oil', 'Tomato, peeled tomato, canned'})",0.14417667893603722,0.08526055050119222,0.0583373845405931,0.4046242774566474,4.745738504831604,1.0,0.04604480152507292,1.5364070365368325,0.9222518480734825,0.34095521580300364,0.3491308122006074,0.5444245470910715
"frozenset({'Parsley, raw', 'Tomato, sauce type, red ripe, raw'})","frozenset({'Onion, raw'})",0.025719378660555132,0.16524295668680694,0.020140287519966663,0.783078307830783,4.738951199687074,1.0,0.015890341345948966,3.8481953324521045,0.8098106722906191,0.11790215476351809,0.7401379312617192,0.4524805940947135
"frozenset({'Onion, raw'})","frozenset({'Parsley, raw', 'Tomato, sauce type, red ripe, raw'})",0.16524295668680694,0.025719378660555132,0.020140287519966663,0.12188288035864388,4.738951199687074,1.0,0.015890341345948966,1.1095110202809442,0.9451646455537589,0.11790215476351809,0.09870205728395047,0.4524805940947135
"frozenset({'Cheese, Parmesan, hard type', 'Tomato, peeled tomato, canned', 'Onion, raw'})","frozenset({'Garlic, raw', 'Vegetable oil, olive oil'})",0.03127532004537352,0.1411209111743871,0.020881079704609118,0.6676535899333828,4.731074823548612,1.0,0.016467478042535434,2.584288750564373,0.8140925448002618,0.1378151260504202,0.6130463363346631,0.4078097345992373
"frozenset({'Garlic, raw', 'Vegetable oil, olive oil'})","frozenset({'Cheese, Parmesan, hard type', 'Tomato, peeled tomato, canned', 'Onion, raw'})",0.1411209111743871,0.03127532004537352,0.020881079704609118,0.1479658792650919,4.731074823548612,1.0,0.016467478042535434,1.1369552654993076,0.9182101999868402,0.1378151260504202,0.12045791919452693,0.4078097345992373
"frozenset({'Potato, raw', 'Vegetable oil, olive oil'})","frozenset({'Carrots, raw'})",0.06907887121790865,0.06826862976595596,0.022246915295043638,0.32205093833780163,4.717407386699905,1.0,0.01753099541121808,1.3743383137807155,0.8464940063050831,0.1932823813354787,0.27237712143157466,0.3239620578430277
"frozenset({'Carrots, raw'})","frozenset({'Potato, raw', 'Vegetable oil, olive oil'})",0.06826862976595596,0.06907887121790865,0.022246915295043638,0.32587317734825366,4.717407386699904,1.0,0.01753099541121808,1.3809287770515029,0.8457578879831621,0.1932823813354787,0.2758496914408901,0.3239620578430277
"frozenset({'Vegetable oil, olive oil', 'Onion, raw'})","frozenset({'Celery, raw'})",0.14605180915341343,0.054216728013519455,0.03717850776674306,0.25455698208907906,4.695174190991438,1.0,0.029260056553989992,1.2687532772618977,0.9216195609988892,0.22796309439318665,0.2118246960054326,0.4701478334868965
"frozenset({'Celery, raw'})","frozenset({'Vegetable oil, olive oil', 'Onion, raw'})",0.054216728013519455,0.14605180915341343,0.03717850776674306,0.6857386848847139,4.695174190991438,1.0,0.029260056553989992,2.7173188355471543,0.8321307640711547,0.22796309439318665,0.6319901857234056,0.4701478334868965
"frozenset({'Vegetable oil, olive oil', 'Egg, chicken, whole, raw, fresh'})","frozenset({'Beef, meat, lean and fat, raw'})",0.08252887932032317,0.05627705627705628,0.021714470912331876,0.2631136044880786,4.67532635667278,1.0,0.017069988526339664,1.2806898722391682,0.8568239046563135,0.18544879398971928,0.2191708377832392,0.32448152458052637
"frozenset({'Beef, meat, lean and fat, raw'})","frozenset({'Vegetable oil, olive oil', 'Egg, chicken, whole, raw, fresh'})",0.05627705627705628,0.08252887932032317,0.021714470912331876,0.3858494446729741,4.67532635667278,1.0,0.017069988526339664,1.4938863324663727,0.8329893781420551,0.18544879398971928,0.3306050277941679,0.32448152458052637
"frozenset({'Water, tap water', 'Onion, raw'})","frozenset({'Tomato, peeled tomato, canned'})",0.0505127670903072,0.09803921568627451,0.023010857235456168,0.4555453712190651,4.646562786434464,1.0,0.01805862516777899,1.6566316762395195,0.8265378691753102,0.18329338004794396,0.39636552026461563,0.345128057510359
"frozenset({'Tomato, peeled tomato, canned'})","frozenset({'Water, tap water', 'Onion, raw'})",0.09803921568627451,0.0505127670903072,0.023010857235456168,0.2347107438016529,4.646562786434464,1.0,0.01805862516777899,1.2406906607135295,0.8700901058525063,0.18329338004794396,0.19399731805437037,0.345128057510359
"frozenset({'Tomato, peeled tomato, canned'})","frozenset({'Carrots, raw', 'Vegetable oil, olive oil'})",0.09803921568627451,0.04979512466143482,0.022663610898905017,0.2311688311688312,4.642398884239889,1.0,0.017781735932097684,1.2359083682613095,0.8698760936181553,0.1810615868318846,0.1908785265312089,0.3431529883412729
"frozenset({'Carrots, raw', 'Vegetable oil, olive oil'})","frozenset({'Tomato, peeled tomato, canned'})",0.04979512466143482,0.09803921568627451,0.022663610898905017,0.4551371455137146,4.642398884239889,1.0,0.017781735932097684,1.6553904838385867,0.8257104799383755,0.1810615868318846,0.3959129221999879,0.3431529883412729
"frozenset({'Garlic, raw'})","frozenset({'Cheese, Parmesan, hard type', 'Tomato, peeled tomato, canned', 'Onion, raw'})",0.14417667893603722,0.03127532004537352,0.020927379216149268,0.1451509312780989,4.641069414078489,1.0,0.01641820743934564,1.1332113649056,0.9166990425127773,0.1354307116104869,0.11755209048463502,0.4071424530557778
"frozenset({'Cheese, Parmesan, hard type', 'Tomato, peeled tomato, canned', 'Onion, raw'})","frozenset({'Garlic, raw'})",0.03127532004537352,0.14417667893603722,0.020927379216149268,0.6691339748334567,4.641069414078489,1.0,0.01641820743934564,2.5866158987861603,0.8098610835600742,0.1354307116104869,0.6133944740425986,0.4071424530557778
"frozenset({'Alcoholic beverage, wine, red wine, table type'})","frozenset({'Vegetable oil, extra-virgin olive oil', 'Onion, raw'})",0.08921915873787531,0.04984142417297498,0.020626432391138275,0.2311883757135444,4.638478525637704,1.0,0.016179622456127845,1.235879565048044,0.8612522694231427,0.17415949960906962,0.19085966927438788,0.32251476379732025
"frozenset({'Vegetable oil, extra-virgin olive oil', 'Onion, raw'})","frozenset({'Alcoholic beverage, wine, red wine, table type'})",0.04984142417297498,0.08921915873787531,0.020626432391138275,0.41384115188109616,4.638478525637704,1.0,0.016179622456127845,1.55381232269204,0.8255591081745128,0.17415949960906962,0.3564216312382815,0.32251476379732025
"frozenset({'Tomato, peeled tomato, canned', 'Onion, raw'})","frozenset({'Garlic, raw', 'Vegetable oil, olive oil'})",0.0815102900664398,0.1411209111743871,0.05319813875963609,0.6526554955978415,4.6247964966108865,1.0,0.04169533235537151,2.4727009580989234,0.8533293963085326,0.3139773193059161,0.5955839315204432,0.5148119997674248
"frozenset({'Garlic, raw', 'Vegetable oil, olive oil'})","frozenset({'Tomato, peeled tomato, canned', 'Onion, raw'})",0.1411209111743871,0.0815102900664398,0.05319813875963609,0.3769685039370079,4.6247964966108865,1.0,0.04169533235537151,1.4742267698143714,0.9125548402452046,0.3139773193059161,0.32167830589189766,0.5148119997674248
"frozenset({'Carrots, raw', 'Onion, raw'})","frozenset({'Alcoholic beverage, wine, red wine, table type'})",0.05201750121536218,0.08921915873787531,0.021459823598861033,0.41255006675567424,4.624007585273706,1.0,0.016818865900780012,1.550397386603026,0.8267424556744944,0.1791650560494782,0.3550040727358072,0.32653969347124656
"frozenset({'Alcoholic beverage, wine, red wine, table type'})","frozenset({'Carrots, raw', 'Onion, raw'})",0.08921915873787531,0.05201750121536218,0.021459823598861033,0.2405293201868189,4.624007585273706,1.0,0.016818865900780012,1.2482147421646719,0.8605114902236878,0.1791650560494782,0.19885580083296744,0.32653969347124656
"frozenset({'Onion, raw'})","frozenset({'Carrots, raw'})",0.16524295668680694,0.06826862976595596,0.05201750121536218,0.31479405996077336,4.611108514115133,1.0,0.04073659098387866,1.3597829729565747,0.9381560949417161,0.2866071428571429,0.2645885263398312,0.5383736322184336
"frozenset({'Carrots, raw'})","frozenset({'Onion, raw'})",0.06826862976595596,0.16524295668680694,0.05201750121536218,0.7619532044760937,4.611108514115133,1.0,0.04073659098387866,3.5066930494738,0.8405130845632911,0.2866071428571429,0.714831042839619,0.5383736322184336
"frozenset({'Cheese, Parmesan, hard type', 'Pasta, unenriched, dry, raw', 'Onion, raw'})","frozenset({'Garlic, raw', 'Vegetable oil, olive oil'})",0.03284950343773873,0.1411209111743871,0.021367224575780726,0.6504580690627203,4.609225263993165,1.0,0.016731472719020875,2.457156102910373,0.8096400740082736,0.14001820388349515,0.5930254496995317,0.40093441510878797
"frozenset({'Garlic, raw', 'Vegetable oil, olive oil'})","frozenset({'Cheese, Parmesan, hard type', 'Pasta, unenriched, dry, raw', 'Onion, raw'})",0.1411209111743871,0.03284950343773873,0.021367224575780726,0.15141076115485566,4.609225263993165,1.0,0.016731472719020875,1.1397157214466547,0.9117043479129313,0.14001820388349515,0.12258821986706639,0.40093441510878797
"frozenset({'Onion, raw'})","frozenset({'Cheese, Parmesan, hard type', 'Garlic, raw', 'Vegetable oil, olive oil', 'Pasta, unenriched, dry, raw'})",0.16524295668680694,0.028242702039493483,0.021367224575780726,0.12930792939198657,4.578454611430856,1.0,0.01670031698595031,1.1160745925731448,0.936303200211451,0.12414256893073303,0.10400254010400085,0.44293265322058345
"frozenset({'Cheese, Parmesan, hard type', 'Garlic, raw', 'Vegetable oil, olive oil', 'Pasta, unenriched, dry, raw'})","frozenset({'Onion, raw'})",0.028242702039493483,0.16524295668680694,0.021367224575780726,0.7565573770491804,4.578454611430855,1.0,0.01670031698595031,3.428968326067662,0.8043013339787194,0.12414256893073303,0.7083670932747289,0.44293265322058345
"frozenset({'Garlic, raw'})","frozenset({'Cheese, Parmesan, hard type', 'Vegetable oil, olive oil', 'Tomato, peeled tomato, canned'})",0.14417667893603722,0.03382179318008195,0.02229321480658379,0.15462427745664742,4.571735053589869,1.0,0.017416900990218063,1.1428979814006552,0.9128807844309061,0.1431757359500446,0.12503126589262983,0.4068809272293504
"frozenset({'Cheese, Parmesan, hard type', 'Vegetable oil, olive oil', 'Tomato, peeled tomato, canned'})","frozenset({'Garlic, raw'})",0.03382179318008195,0.14417667893603722,0.02229321480658379,0.6591375770020533,4.571735053589868,1.0,0.017416900990218063,2.5107587792659625,0.8086134205392507,0.1431757359500446,0.6017140283415212,0.4068809272293504
"frozenset({'Onion, raw'})","frozenset({'Cheese, Parmesan, hard type', 'Garlic, raw', 'Pasta, unenriched, dry, raw'})",0.16524295668680694,0.02840475032988402,0.02141352408732088,0.12958811992154667,4.562198872250246,1.0,0.01671983915886029,1.1162476890624962,0.9353709048908584,0.12432795698924734,0.10414148239816659,0.4417296752826968
"frozenset({'Cheese, Parmesan, hard type', 'Garlic, raw', 'Pasta, unenriched, dry, raw'})","frozenset({'Onion, raw'})",0.02840475032988402,0.16524295668680694,0.02141352408732088,0.7538712306438469,4.562198872250246,1.0,0.01671983915886029,3.3915460004810867,0.8036344879547167,0.12432795698924734,0.70514921517852,0.4417296752826968
"frozenset({'Egg, chicken, whole, raw, fresh'})","frozenset({'Wheat flour, white, 9% protein, pastry flour, Italian ""tipo 00"" flour', 'Vegetable oil, olive oil'})",0.10810935944625784,0.04194735745537884,0.02064958214690835,0.19100642398286938,4.553479302863139,1.0,0.016114680201944134,1.1842524723884016,0.8749813915370748,0.15957066189624328,0.15558546567084713,0.341640077333598
"frozenset({'Wheat flour, white, 9% protein, pastry flour, Italian ""tipo 00"" flour', 'Vegetable oil, olive oil'})","frozenset({'Egg, chicken, whole, raw, fresh'})",0.04194735745537884,0.10810935944625784,0.02064958214690835,0.4922737306843267,4.553479302863139,1.0,0.016114680201944134,1.756636783351501,0.8145561935906459,0.15957066189624328,0.4307303538913194,0.341640077333598
"frozenset({'Garlic, raw', 'Water, tap water'})","frozenset({'Parsley, raw'})",0.043729888649674746,0.1149848369099706,0.022871958700835707,0.5230280571731075,4.548669817939747,1.0,0.01784368458636168,1.855486840263114,0.8158317403496749,0.16837082481254262,0.4610578861027132,0.36097044090787445
"frozenset({'Parsley, raw'})","frozenset({'Garlic, raw', 'Water, tap water'})",0.1149848369099706,0.043729888649674746,0.022871958700835707,0.19891282464264143,4.5486698179397465,1.0,0.01784368458636168,1.1937154167069781,0.8815165453927379,0.16837082481254262,0.16227939590607585,0.36097044090787445
"frozenset({'Onion, raw', 'Pasta, unenriched, dry, raw'})","frozenset({'Garlic, raw', 'Vegetable oil, olive oil'})",0.09044609579368938,0.1411209111743871,0.05787438942519156,0.639877143588431,4.534247534709556,1.0,0.045110553974620216,2.384961336205877,0.8569654161364215,0.3332000533120086,0.5807059909864816,0.5249910652325357
"frozenset({'Garlic, raw', 'Vegetable oil, olive oil'})","frozenset({'Onion, raw', 'Pasta, unenriched, dry, raw'})",0.1411209111743871,0.09044609579368938,0.05787438942519156,0.41010498687664043,4.534247534709556,1.0,0.045110553974620216,1.5418911568525222,0.9075273227136734,0.3332000533120086,0.3514457907383618,0.5249910652325357
"frozenset({'Tomato, peeled tomato, canned', 'Onion, raw'})","frozenset({'Garlic, raw'})",0.0815102900664398,0.14417667893603722,0.05324443827117624,0.6532235160465777,4.530715514236355,1.0,0.041492555350283886,2.4679393230681517,0.8484409806388267,0.3087662773526648,0.5948036523212425,0.511261725910251
"frozenset({'Garlic, raw'})","frozenset({'Tomato, peeled tomato, canned', 'Onion, raw'})",0.14417667893603722,0.0815102900664398,0.05324443827117624,0.3692999357739242,4.530715514236355,1.0,0.041492555350283886,1.4563019127968972,0.9105668086187371,0.3087662773526648,0.313329199657884,0.511261725910251
"frozenset({'Pasta, unenriched, dry, raw'})","frozenset({'Cheese, Parmesan, hard type', 'Garlic, raw', 'Vegetable oil, olive oil'})",0.1468620506053661,0.04250295159386069,0.028242702039493483,0.19230769230769232,4.52457264957265,1.0,0.022000631411638487,1.1854725361218867,0.9130817029821181,0.17528735632183906,0.15645451958645545,0.42839785486844306
"frozenset({'Cheese, Parmesan, hard type', 'Garlic, raw', 'Vegetable oil, olive oil'})","frozenset({'Pasta, unenriched, dry, raw'})",0.04250295159386069,0.1468620506053661,0.028242702039493483,0.6644880174291938,4.524572649572649,1.0,0.022000631411638487,2.5427942777411485,0.8135635018495684,0.17528735632183906,0.6067318505654596,0.42839785486844306
"frozenset({'Garlic, raw'})","frozenset({'Cheese, Parmesan, hard type', 'Onion, raw', 'Pasta, unenriched, dry, raw'})",0.14417667893603722,0.03284950343773873,0.02141352408732088,0.1485228002569043,4.521310361309018,1.0,0.016677391776969773,1.1358501400320127,0.9100303322067504,0.13760785480511753,0.11960216867005351,0.4001951562947665
"frozenset({'Cheese, Parmesan, hard type', 'Onion, raw', 'Pasta, unenriched, dry, raw'})","frozenset({'Garlic, raw'})",0.03284950343773873,0.14417667893603722,0.02141352408732088,0.6518675123326286,4.521310361309017,1.0,0.016677391776969773,2.458326503218144,0.8052781691644252,0.13760785480511753,0.59321920880285,0.4001951562947665
"frozenset({'Garlic, raw', 'Water, tap water', 'Vegetable oil, olive oil'})","frozenset({'Parsley, raw'})",0.04203995647845915,0.1149848369099706,0.02180706993541218,0.5187224669603524,4.511224965831758,1.0,0.016973112396034294,1.838887341157315,0.8124876638308678,0.16127375449409345,0.4561928957699802,0.35418708409422894
"frozenset({'Parsley, raw'})","frozenset({'Garlic, raw', 'Water, tap water', 'Vegetable oil, olive oil'})",0.1149848369099706,0.04203995647845915,0.02180706993541218,0.18965170122810548,4.511224965831758,1.0,0.016973112396034294,1.182158394079874,0.8794546695523187,0.16127375449409345,0.15408966767237314,0.35418708409422894
"frozenset({'Onion, raw'})","frozenset({'Carrots, raw', 'Vegetable oil, olive oil'})",0.16524295668680694,0.04979512466143482,0.036877560941732064,0.22317175679462037,4.4817993390317135,1.0,0.02864926731408844,1.2231852840697346,0.9306604069946257,0.2069906444906445,0.18246236851964176,0.4818787654265989
"frozenset({'Carrots, raw', 'Vegetable oil, olive oil'})","frozenset({'Onion, raw'})",0.04979512466143482,0.16524295668680694,0.036877560941732064,0.7405857740585774,4.4817993390317135,1.0,0.02864926731408844,3.2178537637395666,0.8175871854947914,0.2069906444906445,0.6892338578997856,0.4818787654265989
"frozenset({'Garlic, raw', 'Water, tap water'})","frozenset({'Parsley, raw', 'Vegetable oil, olive oil'})",0.043729888649674746,0.11139662476560873,0.02180706993541218,0.49867654843832715,4.476585798605656,1.0,0.01693570793846251,1.7725150747811667,0.8121298198587711,0.16357006424726514,0.4358299039439994,0.3472185734710339
"frozenset({'Parsley, raw', 'Vegetable oil, olive oil'})","frozenset({'Garlic, raw', 'Water, tap water'})",0.11139662476560873,0.043729888649674746,0.02180706993541218,0.1957605985037406,4.476585798605655,1.0,0.01693570793846251,1.1890366345782337,0.8739731300957695,0.16357006424726514,0.15898301959828806,0.3472185734710339
"frozenset({'Cheese, Parmesan, hard type', 'Garlic, raw'})","frozenset({'Pasta, unenriched, dry, raw'})",0.043382642313123596,0.1468620506053661,0.02840475032988402,0.6547491995731056,4.458259958064225,1.0,0.022033486519099563,2.4710672599158325,0.8108751495784665,0.17551137176369616,0.5953165596819646,0.42408014833636365
"frozenset({'Pasta, unenriched, dry, raw'})","frozenset({'Cheese, Parmesan, hard type', 'Garlic, raw'})",0.1468620506053661,0.043382642313123596,0.02840475032988402,0.19341109709962168,4.458259958064225,1.0,0.022033486519099563,1.186003618754259,0.9092283886259184,0.17551137176369616,0.156832252290791,0.42408014833636365
"frozenset({'Alcoholic beverage, wine, red wine, table type', 'Vegetable oil, olive oil', 'Pasta, unenriched, dry, raw'})","frozenset({'Onion, raw'})",0.030557677616501147,0.16524295668680694,0.02250156260851448,0.7363636363636363,4.456248248809191,1.0,0.01745212160968157,3.166319819463835,0.8000434547146743,0.1298423724285333,0.684175933886131,0.4362681168649227
"frozenset({'Onion, raw'})","frozenset({'Alcoholic beverage, wine, red wine, table type', 'Vegetable oil, olive oil', 'Pasta, unenriched, dry, raw'})",0.16524295668680694,0.030557677616501147,0.02250156260851448,0.13617259736620904,4.456248248809191,1.0,0.01745212160968157,1.122263914559425,0.9291278114503013,0.1298423724285333,0.10894399523433226,0.4362681168649227
"frozenset({'Garlic, raw'})","frozenset({'Onion, raw', 'Pasta, unenriched, dry, raw'})",0.14417667893603722,0.09044609579368938,0.058082737227122254,0.40285806037251126,4.454123274612584,1.0,0.04504251951285743,1.5231787349816894,0.906132033257729,0.32900603199580386,0.343478229419989,0.5225193808389303
"frozenset({'Onion, raw', 'Pasta, unenriched, dry, raw'})","frozenset({'Garlic, raw'})",0.09044609579368938,0.14417667893603722,0.058082737227122254,0.6421807013053493,4.454123274612584,1.0,0.04504251951285743,2.3917751898404163,0.8526035921991596,0.32900603199580386,0.5819005045926905,0.5225193808389303
"frozenset({'Onion, raw'})","frozenset({'Alcoholic beverage, wine, red wine, table type', 'Pasta, unenriched, dry, raw'})",0.16524295668680694,0.037965599462925666,0.02780285667986203,0.1682544130008406,4.43175968194958,1.0,0.02152930877222114,1.1566450313346195,0.9276423626105048,0.15850600501517756,0.13543051419489643,0.45028574308578617
"frozenset({'Alcoholic beverage, wine, red wine, table type', 'Pasta, unenriched, dry, raw'})","frozenset({'Onion, raw'})",0.037965599462925666,0.16524295668680694,0.02780285667986203,0.7323170731707317,4.43175968194958,1.0,0.02152930877222114,3.118454558163181,0.804915079369834,0.15850600501517756,0.6793283399361075,0.45028574308578617
"frozenset({'Tomato, salad type, raw'})","frozenset({'Lettuce, raw', 'Vegetable oil, olive oil'})",0.07521355649697896,0.07301432969882168,0.024260944047040305,0.3225607879347492,4.417773733803855,1.0,0.01876927663514893,1.3683673070461282,0.8365624835186505,0.19570494864612514,0.26920206668874364,0.3274186311265376
"frozenset({'Lettuce, raw', 'Vegetable oil, olive oil'})","frozenset({'Tomato, salad type, raw'})",0.07301432969882168,0.07521355649697896,0.024260944047040305,0.3322764743183259,4.4177737338038545,1.0,0.01876927663514893,1.3849840659109822,0.8345777811753129,0.19570494864612514,0.2779700325705598,0.3274186311265376
"frozenset({'Vegetable oil, olive oil', 'Pasta, unenriched, dry, raw'})","frozenset({'Garlic, raw'})",0.1292450864643378,0.14417667893603722,0.08213533347223187,0.6355006269030987,4.4077907161742385,1.0,0.06350120613700266,2.34794181891897,0.8878835622683365,0.4293840009681715,0.5740950683094797,0.6025929595658718
"frozenset({'Garlic, raw'})","frozenset({'Vegetable oil, olive oil', 'Pasta, unenriched, dry, raw'})",0.14417667893603722,0.1292450864643378,0.08213533347223187,0.5696852922286448,4.4077907161742385,1.0,0.06350120613700266,2.0235304483209346,0.9033745113787556,0.4293840009681715,0.5058142066358475,0.6025929595658718
"frozenset({'Onion, raw', 'Vegetable oil, olive oil', 'Pasta, unenriched, dry, raw'})","frozenset({'Celery, raw'})",0.08428826075884899,0.054216728013519455,0.02004768849688636,0.23784674539961553,4.386962365938169,1.0,0.01547785478859124,1.2409358174064058,0.8431166782696711,0.16923978893883138,0.19415655026379128,0.3038080866195345
"frozenset({'Celery, raw'})","frozenset({'Onion, raw', 'Vegetable oil, olive oil', 'Pasta, unenriched, dry, raw'})",0.054216728013519455,0.08428826075884899,0.02004768849688636,0.3697694278394535,4.386962365938169,1.0,0.01547785478859124,1.4529789250018805,0.8163094682568869,0.16923978893883138,0.31175877172567684,0.3038080866195345
"frozenset({'Celery, raw', 'Onion, raw'})","frozenset({'Alcoholic beverage, wine, red wine, table type'})",0.0519943514595921,0.08921915873787531,0.020348635321897353,0.39136242208370436,4.386528943110996,1.0,0.015709743025551125,1.4964255811812233,0.8143720641298076,0.16835855200153224,0.33174090808402457,0.3097185748197453
"frozenset({'Alcoholic beverage, wine, red wine, table type'})","frozenset({'Celery, raw', 'Onion, raw'})",0.08921915873787531,0.0519943514595921,0.020348635321897353,0.2280747275557862,4.386528943110996,1.0,0.015709743025551125,1.2281054687310025,0.8476565182670297,0.16835855200153224,0.1857376866554491,0.3097185748197453
"frozenset({'Garlic, raw'})","frozenset({'Parsley, raw', 'Vegetable oil, olive oil'})",0.14417667893603722,0.11139662476560873,0.07044470680834317,0.4885998715478484,4.38612814863932,1.0,0.054383911404953786,1.737589268747186,0.9020652585200591,0.38051769413530073,0.4244900000326275,0.5604886307032675
"frozenset({'Parsley, raw', 'Vegetable oil, olive oil'})","frozenset({'Garlic, raw'})",0.11139662476560873,0.14417667893603722,0.07044470680834317,0.6323773898586865,4.38612814863932,1.0,0.054383911404953786,2.327994245878908,0.868788603418733,0.38051769413530073,0.5704456736651162,0.5604886307032675
"frozenset({'Vegetable oil, olive oil', 'Beef, meat, lean and fat, raw'})","frozenset({'Egg, chicken, whole, raw, fresh'})",0.04581336666898164,0.10810935944625784,0.021714470912331876,0.4739767559373421,4.3842342454444045,1.0,0.016761617187671732,1.6955346567299288,0.8089717153196883,0.16424444055331813,0.4102155352408796,0.33741664349329636
"frozenset({'Egg, chicken, whole, raw, fresh'})","frozenset({'Vegetable oil, olive oil', 'Beef, meat, lean and fat, raw'})",0.10810935944625784,0.04581336666898164,0.021714470912331876,0.20085653104925055,4.3842342454444045,1.0,0.016761617187671732,1.1940116767566602,0.8654760599591691,0.16424444055331813,0.16248725245607443,0.33741664349329636
"frozenset({'Carrots, raw'})","frozenset({'Onion, raw', 'Tomato, peeled tomato, canned'})",0.06826862976595596,0.0815102900664398,0.024260944047040305,0.35537470328925064,4.3598753359800515,1.0,0.018696348232378847,1.4248427956833611,0.8271006733443489,0.1932866101069716,0.2981681887787519,0.32650870921349784
"frozenset({'Onion, raw', 'Tomato, peeled tomato, canned'})","frozenset({'Carrots, raw'})",0.0815102900664398,0.06826862976595596,0.024260944047040305,0.297642715137745,4.3598753359800515,1.0,0.018696348232378847,1.326577498824937,0.8390247983860106,0.1932866101069716,0.24618049010646914,0.32650870921349784
"frozenset({'Cheese, Parmesan, hard type', 'Onion, raw'})","frozenset({'Garlic, raw', 'Vegetable oil, olive oil', 'Pasta, unenriched, dry, raw'})",0.05970322013102762,0.08213533347223187,0.021367224575780726,0.3578906552927491,4.357328815299009,1.0,0.016463480680952707,1.429452279574344,0.8194238399181188,0.17736356648731746,0.3004313510222422,0.30901860836790784
"frozenset({'Garlic, raw', 'Vegetable oil, olive oil', 'Pasta, unenriched, dry, raw'})","frozenset({'Cheese, Parmesan, hard type', 'Onion, raw'})",0.08213533347223187,0.05970322013102762,0.021367224575780726,0.2601465614430665,4.357328815299009,1.0,0.016463480680952707,1.2709230380857577,0.8394501129863087,0.17736356648731746,0.21317029431917237,0.30901860836790784
"frozenset({'Vegetable oil, olive oil', 'Onion, raw'})","frozenset({'Cheese, Parmesan, hard type', 'Garlic, raw'})",0.14605180915341343,0.043382642313123596,0.027548209366391185,0.1886194325566651,4.34780876635553,1.0,0.02121209597070406,1.1789995916480764,0.9016929738713962,0.17017017017017017,0.15182328553469648,0.4118123843679804
"frozenset({'Cheese, Parmesan, hard type', 'Garlic, raw'})","frozenset({'Vegetable oil, olive oil', 'Onion, raw'})",0.043382642313123596,0.14605180915341343,0.027548209366391185,0.6350053361792957,4.34780876635553,1.0,0.02121209597070406,2.3396182889568764,0.8049185785196638,0.17017017017017017,0.5725798500037149,0.4118123843679804
"frozenset({'Garlic, raw'})","frozenset({'Parsley, raw'})",0.14417667893603722,0.1149848369099706,0.07197259068916823,0.49919717405266534,4.341417420485803,1.0,0.05539445877548679,1.7671928296648611,0.8993216966070371,0.3844917140737076,0.43413079590774223,0.562564159806683
"frozenset({'Parsley, raw'})","frozenset({'Garlic, raw'})",0.1149848369099706,0.14417667893603722,0.07197259068916823,0.6259311455607005,4.3414174204858025,1.0,0.05539445877548679,2.2878764454923046,0.8696579597662976,0.3844917140737076,0.5629134597848354,0.562564159806683
"frozenset({'Parsley, raw'})","frozenset({'Garlic, raw', 'Vegetable oil, olive oil'})",0.1149848369099706,0.1411209111743871,0.07044470680834317,0.6126434467485403,4.341266235104445,1.0,0.05421794185236982,2.2172829699567664,0.8696488959494091,0.3794264339152119,0.5489975733591196,0.5559116183873936
"frozenset({'Garlic, raw', 'Vegetable oil, olive oil'})","frozenset({'Parsley, raw'})",0.1411209111743871,0.1149848369099706,0.07044470680834317,0.4991797900262467,4.341266235104444,1.0,0.05421794185236982,1.7671314884365603,0.8961127002545998,0.3794264339152119,0.43411115327658323,0.5559116183873936
"frozenset({'Garlic, raw', 'Pasta, unenriched, dry, raw'})","frozenset({'Cheese, Parmesan, hard type', 'Onion, raw'})",0.08292242516841447,0.05970322013102762,0.02141352408732088,0.2582356225572306,4.3253215151627336,1.0,0.016462788283692367,1.2676488767371696,0.8383187367602363,0.17666157372039723,0.21113802224641018,0.30845088611382276
"frozenset({'Cheese, Parmesan, hard type', 'Onion, raw'})","frozenset({'Garlic, raw', 'Pasta, unenriched, dry, raw'})",0.05970322013102762,0.08292242516841447,0.02141352408732088,0.3586661496704149,4.3253215151627336,1.0,0.016462788283692367,1.429953485786372,0.8176177250666393,0.17666157372039723,0.30067655351036,0.30845088611382276
"frozenset({'Garlic, raw', 'Vegetable oil, olive oil'})","frozenset({'Cheese, Parmesan, hard type', 'Tomato, peeled tomato, canned'})",0.1411209111743871,0.0366460633840313,0.02229321480658379,0.15797244094488191,4.3107615486393325,1.0,0.01712168895087495,1.1440883689092043,0.8942148405031614,0.14338892197736752,0.12594164299264823,0.38315551927218827
"frozenset({'Cheese, Parmesan, hard type', 'Tomato, peeled tomato, canned'})","frozenset({'Garlic, raw', 'Vegetable oil, olive oil'})",0.0366460633840313,0.1411209111743871,0.02229321480658379,0.6083385975994946,4.3107615486393325,1.0,0.01712168895087495,2.192912254211202,0.7972380640531501,0.14338892197736752,0.5439854020243489,0.38315551927218827
"frozenset({'Vegetable oil, olive oil', 'Onion, raw'})","frozenset({'Carrots, raw', 'Celery, raw'})",0.14605180915341343,0.04007222723800264,0.025163784522073292,0.17229354889839912,4.299575061677728,1.0,0.019311163237156315,1.1597442202902033,0.8986714701873864,0.15633539479361427,0.13774090656837282,0.40012713262366517
"frozenset({'Carrots, raw', 'Celery, raw'})","frozenset({'Vegetable oil, olive oil', 'Onion, raw'})",0.04007222723800264,0.14605180915341343,0.025163784522073292,0.6279607163489312,4.299575061677728,1.0,0.019311163237156315,2.2953172645270827,0.7994548109842355,0.15633539479361427,0.5643303801812184,0.40012713262366517
"frozenset({'Cheese, Parmesan, hard type'})","frozenset({'Vegetable oil, olive oil', 'Egg, chicken, whole, raw, fresh'})",0.11905919392550408,0.08252887932032317,0.04206310623422923,0.35329574178495043,4.280874097583311,1.0,0.03223728438677635,1.4186873041658383,0.8699822304480044,0.26367726019445653,0.2951230358771827,0.43148658056989453
"frozenset({'Vegetable oil, olive oil', 'Egg, chicken, whole, raw, fresh'})","frozenset({'Cheese, Parmesan, hard type'})",0.08252887932032317,0.11905919392550408,0.04206310623422923,0.5096774193548387,4.280874097583311,1.0,0.03223728438677635,1.7966555913361428,0.835342748220336,0.26367726019445653,0.4434102980993054,0.43148658056989453
"frozenset({'Celery, raw'})","frozenset({'Alcoholic beverage, wine, red wine, table type'})",0.054216728013519455,0.08921915873787531,0.020695881658448503,0.38172502134927416,4.278509534827347,1.0,0.0158587107955621,1.4730999518203705,0.8102001485583463,0.16861561674839684,0.3211594374405764,0.30684590455112903
"frozenset({'Alcoholic beverage, wine, red wine, table type'})","frozenset({'Celery, raw'})",0.08921915873787531,0.054216728013519455,0.020695881658448503,0.23196678775298393,4.278509534827347,1.0,0.0158587107955621,1.2314353818364514,0.8413371392458946,0.16861561674839684,0.18793952589806995,0.30684590455112903
"frozenset({'Alcoholic beverage, wine, red wine, table type', 'Onion, raw'})","frozenset({'Pasta, unenriched, dry, raw'})",0.04437808181123689,0.1468620506053661,0.02780285667986203,0.6264997391757956,4.265906247348179,1.0,0.02128540058313108,2.2841696214937337,0.8011361050868463,0.17011331444759206,0.5622041416757616,0.4079062378098398
"frozenset({'Pasta, unenriched, dry, raw'})","frozenset({'Alcoholic beverage, wine, red wine, table type', 'Onion, raw'})",0.1468620506053661,0.04437808181123689,0.02780285667986203,0.189312736443884,4.265906247348178,1.0,0.02128540058313108,1.178779982304008,0.8973733052393297,0.17011331444759206,0.15166526831798588,0.4079062378098398
"frozenset({'Onion, raw'})","frozenset({'Garlic, raw', 'Vegetable oil, olive oil', 'Pasta, unenriched, dry, raw'})",0.16524295668680694,0.08213533347223187,0.05787438942519156,0.3502381619501261,4.264159493167868,1.0,0.044302104073783106,1.4126170740998725,0.9170179539088716,0.305399462496946,0.2920940725304446,0.5274302421926503
"frozenset({'Garlic, raw', 'Vegetable oil, olive oil', 'Pasta, unenriched, dry, raw'})","frozenset({'Onion, raw'})",0.08213533347223187,0.16524295668680694,0.05787438942519156,0.7046223224351746,4.264159493167868,1.0,0.044302104073783106,2.826066784041229,0.8339869958889254,0.305399462496946,0.6461513203980209,0.5274302421926503
"frozenset({'Onion, raw'})","frozenset({'Garlic, raw', 'Pasta, unenriched, dry, raw'})",0.16524295668680694,0.08292242516841447,0.058082737227122254,0.3514990193331466,4.238889764973181,1.0,0.04438039051665295,1.414149865877697,0.9153431849009779,0.30556570454268667,0.29286136913123645,0.5259728485833796
"frozenset({'Garlic, raw', 'Pasta, unenriched, dry, raw'})","frozenset({'Onion, raw'})",0.08292242516841447,0.16524295668680694,0.058082737227122254,0.7004466778336125,4.23888976497318,1.0,0.04438039051665295,2.786672627351218,0.8331783391226646,0.30556570454268667,0.641149092941528,0.5259728485833796
"frozenset({'Cheese, Parmesan, hard type', 'Tomato, peeled tomato, canned'})","frozenset({'Garlic, raw'})",0.0366460633840313,0.14417667893603722,0.022339514318123945,0.609602021478206,4.228159685580293,1.0,0.017056006603334794,2.1921817431136783,0.792533725323109,0.1409582237803097,0.5438334421216171,0.38227371465689364
"frozenset({'Garlic, raw'})","frozenset({'Cheese, Parmesan, hard type', 'Tomato, peeled tomato, canned'})",0.14417667893603722,0.0366460633840313,0.022339514318123945,0.15494540783558125,4.228159685580293,1.0,0.017056006603334794,1.1399901799818075,0.8921122682678962,0.1409582237803097,0.12279946129364164,0.38227371465689364
"frozenset({'Vegetable oil, extra-virgin olive oil', 'Vegetable oil, olive oil', 'Pasta, unenriched, dry, raw'})","frozenset({'Onion, raw'})",0.03287265319350881,0.16524295668680694,0.022964557723916014,0.6985915492957747,4.2276630925931045,1.0,0.01753258331608061,2.7695210315531176,0.7894127962059692,0.13111287338091465,0.6389267354871068,0.41878302597879236
"frozenset({'Onion, raw'})","frozenset({'Vegetable oil, extra-virgin olive oil', 'Vegetable oil, olive oil', 'Pasta, unenriched, dry, raw'})",0.16524295668680694,0.03287265319350881,0.022964557723916014,0.13897450266181005,4.2276630925931045,1.0,0.01753258331608061,1.1232273025552773,0.9145927060400114,0.13111287338091465,0.10970825074759338,0.41878302597879236
"frozenset({'Alcoholic beverage, wine, red wine, table type', 'Vegetable oil, olive oil', 'Onion, raw'})","frozenset({'Pasta, unenriched, dry, raw'})",0.03627566729171007,0.1468620506053661,0.02250156260851448,0.6202935545628591,4.2236476476122045,1.0,0.017174043722975933,2.246835574288053,0.7919669556122969,0.14007782101167318,0.5549296034638109,0.3867545956925266
"frozenset({'Pasta, unenriched, dry, raw'})","frozenset({'Alcoholic beverage, wine, red wine, table type', 'Vegetable oil, olive oil', 'Onion, raw'})",0.1468620506053661,0.03627566729171007,0.02250156260851448,0.15321563682219422,4.2236476476122045,1.0,0.017174043722975933,1.1380988768989933,0.8946241652549296,0.14007782101167318,0.12134172144627249,0.3867545956925266
"frozenset({'Tomato, peeled tomato, canned'})","frozenset({'Carrots, raw'})",0.09803921568627451,0.06826862976595596,0.02826585179526356,0.28831168831168835,4.223194303153613,1.0,0.021572848877032584,1.309184589562434,0.8461702809528896,0.20476270333724636,0.23616577221228388,0.35117517274180554
"frozenset({'Carrots, raw'})","frozenset({'Tomato, peeled tomato, canned'})",0.06826862976595596,0.09803921568627451,0.02826585179526356,0.41403865717192273,4.223194303153612,1.0,0.021572848877032584,1.539283769063181,0.8191335342498133,0.20476270333724636,0.35034720686452303,0.35117517274180554
"frozenset({'Garlic, raw', 'Vegetable oil, olive oil'})","frozenset({'Parsley, raw', 'Onion, raw'})",0.1411209111743871,0.05349908558464708,0.031877213695395513,0.22588582677165356,4.222237152338866,1.0,0.0243273739906936,1.2226890388378875,0.888552000107579,0.19587482219061167,0.18213055958164454,0.41086589045203187
"frozenset({'Parsley, raw', 'Onion, raw'})","frozenset({'Garlic, raw', 'Vegetable oil, olive oil'})",0.05349908558464708,0.1411209111743871,0.031877213695395513,0.5958459541324101,4.222237152338865,1.0,0.0243273739906936,2.1251280238500976,0.8062947648581736,0.19587482219061167,0.5294401143003618,0.41086589045203187
"frozenset({'Garlic, raw', 'Vegetable oil, olive oil'})","frozenset({'Tomato, peeled tomato, canned'})",0.1411209111743871,0.09803921568627451,0.0583373845405931,0.4133858267716536,4.216535433070867,1.0,0.04450200109212377,1.5375707329911832,0.8881791146689667,0.3226219434131353,0.3496234166381377,0.5042135745428515
"frozenset({'Tomato, peeled tomato, canned'})","frozenset({'Garlic, raw', 'Vegetable oil, olive oil'})",0.09803921568627451,0.1411209111743871,0.0583373845405931,0.5950413223140496,4.216535433070867,1.0,0.04450200109212377,2.1209055050591665,0.8457556935817806,0.3226219434131353,0.5285032748443439,0.5042135745428515
"frozenset({'Cheese, Parmesan, hard type', 'Vegetable oil, olive oil', 'Pasta, unenriched, dry, raw'})","frozenset({'Garlic, raw'})",0.046484709586313865,0.14417667893603722,0.028242702039493483,0.6075697211155379,4.214063783402038,1.0,0.021540690990032578,2.180828970426951,0.7998816332070198,0.17388825541619155,0.5414587693209957,0.40172962613259233
"frozenset({'Garlic, raw'})","frozenset({'Cheese, Parmesan, hard type', 'Vegetable oil, olive oil', 'Pasta, unenriched, dry, raw'})",0.14417667893603722,0.046484709586313865,0.028242702039493483,0.19588953114964675,4.214063783402037,1.0,0.021540690990032578,1.1858013635575952,0.8911878760627535,0.17388825541619155,0.1566884381041368,0.40172962613259233
"frozenset({'Parsley, raw'})","frozenset({'Tomato, sauce type, red ripe, raw', 'Vegetable oil, olive oil'})",0.1149848369099706,0.05282774266731486,0.025557330370164593,0.22226696194886247,4.207390865602547,1.0,0.019482940995241498,1.217862956813732,0.8613671731359012,0.1796582587469487,0.1788895504168401,0.3530265572233357
"frozenset({'Tomato, sauce type, red ripe, raw', 'Vegetable oil, olive oil'})","frozenset({'Parsley, raw'})",0.05282774266731486,0.1149848369099706,0.025557330370164593,0.48378615249780893,4.207390865602547,1.0,0.019482940995241498,1.7144351461557272,0.8048409392395333,0.1796582587469487,0.41671751057933176,0.3530265572233357
"frozenset({'Garlic, raw'})","frozenset({'Parsley, raw', 'Vegetable oil, olive oil', 'Onion, raw'})",0.14417667893603722,0.052596245109614095,0.031877213695395513,0.22109826589595377,4.203689168973378,1.0,0.024294061750985564,1.2163328355921095,0.8905035609237699,0.19331742243436753,0.1778566106758098,0.41358610477896274
"frozenset({'Parsley, raw', 'Vegetable oil, olive oil', 'Onion, raw'})","frozenset({'Garlic, raw'})",0.052596245109614095,0.14417667893603722,0.031877213695395513,0.6060739436619718,4.203689168973377,1.0,0.024294061750985564,2.17254814017578,0.8044233633180415,0.19331742243436753,0.5397110050140981,0.41358610477896274
"frozenset({'Vegetable oil, olive oil', 'Pasta, unenriched, dry, raw'})","frozenset({'Garlic, raw', 'Water, tap water'})",0.1292450864643378,0.043729888649674746,0.02375164942009862,0.18377216550241807,4.202438450612998,1.0,0.01809977618049554,1.171572532734006,0.8751520135124503,0.1591684765746199,0.1464463598626889,0.36345834320647635
"frozenset({'Garlic, raw', 'Water, tap water'})","frozenset({'Vegetable oil, olive oil', 'Pasta, unenriched, dry, raw'})",0.043729888649674746,0.1292450864643378,0.02375164942009862,0.5431445209105347,4.2024384506129975,1.0,0.01809977618049554,1.9059745442281182,0.7968908646329357,0.1591684765746199,0.4753340211031096,0.36345834320647635
"frozenset({'Parsley, raw', 'Water, tap water', 'Vegetable oil, olive oil'})","frozenset({'Garlic, raw'})",0.035997870222469155,0.14417667893603722,0.02180706993541218,0.6057877813504823,4.20170436592755,1.0,0.01661701655796611,2.1709710672992855,0.7904560773863477,0.13769916678848118,0.539376634234001,0.37852009491416216
"frozenset({'Garlic, raw'})","frozenset({'Parsley, raw', 'Water, tap water', 'Vegetable oil, olive oil'})",0.14417667893603722,0.035997870222469155,0.02180706993541218,0.151252408477842,4.20170436592755,1.0,0.01661701655796611,1.1357936557424255,0.8903722571484837,0.13769916678848118,0.11955838550063254,0.37852009491416216
"frozenset({'Beef, meat, lean and fat, raw'})","frozenset({'Tomato, peeled tomato, canned'})",0.05627705627705628,0.09803921568627451,0.02310345625853647,0.41053064582476345,4.187412587412587,1.0,0.017586097800001543,1.530123284484764,0.8065810520122814,0.176076217360621,0.3464578899361508,0.32309294983091774
"frozenset({'Tomato, peeled tomato, canned'})","frozenset({'Beef, meat, lean and fat, raw'})",0.09803921568627451,0.05627705627705628,0.02310345625853647,0.235655253837072,4.187412587412587,1.0,0.017586097800001543,1.2346823190196683,0.8439269844035897,0.176076217360621,0.19007506255212675,0.32309294983091774
"frozenset({'Parsley, raw', 'Onion, raw'})","frozenset({'Garlic, raw'})",0.05349908558464708,0.14417667893603722,0.03213186100886636,0.6006057983556902,4.165762471350473,1.0,0.024418540523157117,2.142803569857874,0.8029024541562885,0.1940987274507062,0.5333216660329126,0.4117351406678901
"frozenset({'Garlic, raw'})","frozenset({'Parsley, raw', 'Onion, raw'})",0.14417667893603722,0.05349908558464708,0.03213186100886636,0.22286448298008993,4.165762471350473,1.0,0.024418540523157117,1.2179354741691772,0.8879728891945686,0.1940987274507062,0.17893844032898656,0.4117351406678901
"frozenset({'Vegetable oil, extra-virgin olive oil', 'Vegetable oil, olive oil', 'Onion, raw'})","frozenset({'Pasta, unenriched, dry, raw'})",0.03759520337060444,0.1468620506053661,0.022964557723916014,0.6108374384236455,4.159259903465671,1.0,0.017443249063983274,2.1922405535077307,0.789244414993292,0.14220183486238533,0.5438456795263944,0.38360283018281893
"frozenset({'Pasta, unenriched, dry, raw'})","frozenset({'Vegetable oil, extra-virgin olive oil', 'Vegetable oil, olive oil', 'Onion, raw'})",0.1468620506053661,0.03759520337060444,0.022964557723916014,0.15636822194199243,4.15925990346567,1.0,0.017443249063983274,1.1407877484710174,0.8903280076117585,0.14220183486238533,0.12341274585014907,0.38360283018281893
"frozenset({'Garlic, raw'})","frozenset({'Parsley, raw', 'Water, tap water'})",0.14417667893603722,0.03817394726485636,0.022871958700835707,0.1586384071933205,4.155672089466262,1.0,0.017368165762309297,1.1431779878691746,0.8872918255288407,0.14341704166061836,0.12524557801891464,0.37889470389987434
"frozenset({'Parsley, raw', 'Water, tap water'})","frozenset({'Garlic, raw'})",0.03817394726485636,0.14417667893603722,0.022871958700835707,0.5991510006064281,4.155672089466261,1.0,0.017368165762309297,2.1350267117011716,0.7895035019248992,0.14341704166061836,0.5316217850955091,0.37889470389987434
"frozenset({'Beef, meat, lean and fat, raw', 'Onion, raw'})","frozenset({'Pasta, unenriched, dry, raw'})",0.03305785123966942,0.1468620506053661,0.020163437275736742,0.6099439775910365,4.1531762295081975,1.0,0.015308493454071747,2.187219015683191,0.7851766806990688,0.1262135922330097,0.5427984153257538,0.3736195297791248
"frozenset({'Pasta, unenriched, dry, raw'})","frozenset({'Beef, meat, lean and fat, raw', 'Onion, raw'})",0.1468620506053661,0.03305785123966942,0.020163437275736742,0.13729508196721313,4.153176229508197,1.0,0.015308493454071747,1.120826053669932,0.8899151975719591,0.1262135922330097,0.10780089673532298,0.3736195297791248
"frozenset({'Tomato, peeled tomato, canned'})","frozenset({'Water, tap water', 'Pasta, unenriched, dry, raw'})",0.09803921568627451,0.04984142417297498,0.02023288654304697,0.2063754427390791,4.140640966093822,1.0,0.01534647240844158,1.1972393837034963,0.8409362252512188,0.15850562205295612,0.16474515154468372,0.3061603177466877
"frozenset({'Water, tap water', 'Pasta, unenriched, dry, raw'})","frozenset({'Tomato, peeled tomato, canned'})",0.04984142417297498,0.09803921568627451,0.02023288654304697,0.4059451927542963,4.140640966093822,1.0,0.01534647240844158,1.5183124070582104,0.7982788521644573,0.15850562205295612,0.34137401805367634,0.3061603177466877
"frozenset({'Garlic, raw'})","frozenset({'Tomato, peeled tomato, canned'})",0.14417667893603722,0.09803921568627451,0.05852258258675371,0.4059087989723828,4.140269749518304,1.0,0.04438761406361281,1.518219395866455,0.8862458231340594,0.318588531821046,0.3413336684259027,0.5014195706786353
"frozenset({'Tomato, peeled tomato, canned'})","frozenset({'Garlic, raw'})",0.09803921568627451,0.14417667893603722,0.05852258258675371,0.5969303423848878,4.140269749518304,1.0,0.04438761406361281,2.1232640683689996,0.8409122179416622,0.318588531821046,0.5290270226405908,0.5014195706786353
"frozenset({'Vegetable oil, extra-virgin olive oil'})","frozenset({'Carrots, raw', 'Celery, raw', 'Onion, raw'})",0.1275551542931222,0.03970183114568141,0.020811630437298886,0.1631578947368421,4.109581095596133,1.0,0.01574745723979201,1.1475261137252866,0.867294018558637,0.14211191906417958,0.1285601364193474,0.34367807273285256
"frozenset({'Carrots, raw', 'Celery, raw', 'Onion, raw'})","frozenset({'Vegetable oil, extra-virgin olive oil'})",0.03970183114568141,0.1275551542931222,0.020811630437298886,0.524198250728863,4.109581095596133,1.0,0.01574745723979201,1.8336310176314896,0.787949223215355,0.14211191906417958,0.45463400739604354,0.34367807273285256
"frozenset({'Vegetable oil, extra-virgin olive oil'})","frozenset({'Carrots, raw', 'Celery, raw'})",0.1275551542931222,0.04007222723800264,0.0209968284834595,0.16460980036297643,4.107827583061521,1.0,0.01588540935524702,1.1490771296803401,0.8671749598598494,0.14319545311019893,0.12973639961123554,0.344292190764966
"frozenset({'Carrots, raw', 'Celery, raw'})","frozenset({'Vegetable oil, extra-virgin olive oil'})",0.04007222723800264,0.1275551542931222,0.0209968284834595,0.5239745811669555,4.10782758306152,1.0,0.01588540935524702,1.832769451357531,0.7881450516625221,0.14319545311019893,0.45437763639103607,0.344292190764966
"frozenset({'Water, tap water', 'Vegetable oil, olive oil', 'Pasta, unenriched, dry, raw'})","frozenset({'Garlic, raw'})",0.040234275528393176,0.14417667893603722,0.02375164942009862,0.5903337169159955,4.094515987414941,1.0,0.017950805195017416,2.089074342709505,0.7874535104011022,0.1478386167146974,0.5213190935546067,0.37753680065452955
"frozenset({'Garlic, raw'})","frozenset({'Water, tap water', 'Vegetable oil, olive oil', 'Pasta, unenriched, dry, raw'})",0.14417667893603722,0.040234275528393176,0.02375164942009862,0.16473988439306358,4.094515987414941,1.0,0.017950805195017416,1.149062078433135,0.8830921877172576,0.1478386167146974,0.12972500026838968,0.37753680065452955
"frozenset({'Cheese, Parmesan, hard type', 'Onion, raw'})","frozenset({'Vegetable oil, olive oil', 'Egg, chicken, whole, raw, fresh'})",0.05970322013102762,0.08252887932032317,0.020070838252656435,0.3361768127181078,4.073444538284461,1.0,0.015143598403428167,1.3821016473322933,0.8024142341084,0.1642978965321205,0.2764642152549481,0.28968728433941854
"frozenset({'Vegetable oil, olive oil', 'Egg, chicken, whole, raw, fresh'})","frozenset({'Cheese, Parmesan, hard type', 'Onion, raw'})",0.08252887932032317,0.05970322013102762,0.020070838252656435,0.24319775596072932,4.073444538284461,1.0,0.015143598403428167,1.2424603484925452,0.8223774061620659,0.1642978965321205,0.1951453410861102,0.28968728433941854
"frozenset({'Cheese, Parmesan, hard type', 'Vegetable oil, olive oil'})","frozenset({'Garlic, raw', 'Tomato, peeled tomato, canned', 'Onion, raw'})",0.09660393082852976,0.05324443827117624,0.020881079704609118,0.21615144979630962,4.0596061638483425,1.0,0.015737457672856486,1.2078297031777383,0.8342638540021764,0.16190989050439777,0.17206871352058062,0.30416268141989394
"frozenset({'Garlic, raw', 'Tomato, peeled tomato, canned', 'Onion, raw'})","frozenset({'Cheese, Parmesan, hard type', 'Vegetable oil, olive oil'})",0.05324443827117624,0.09660393082852976,0.020881079704609118,0.39217391304347826,4.059606163848342,1.0,0.015737457672856486,1.4862739335439066,0.796056254458296,0.16190989050439777,0.3271765201347666,0.30416268141989394
"frozenset({'Alcoholic beverage, wine, red wine, table type', 'Pasta, unenriched, dry, raw'})","frozenset({'Vegetable oil, olive oil', 'Onion, raw'})",0.037965599462925666,0.14605180915341343,0.02250156260851448,0.5926829268292684,4.05803207960753,1.0,0.016956618121360328,2.09651951046168,0.7833141272273068,0.13931489178730116,0.5230189869400321,0.37337427368567555
"frozenset({'Vegetable oil, olive oil', 'Onion, raw'})","frozenset({'Alcoholic beverage, wine, red wine, table type', 'Pasta, unenriched, dry, raw'})",0.14605180915341343,0.037965599462925666,0.02250156260851448,0.15406562054208275,4.058032079607529,1.0,0.016956618121360328,1.1372447129451755,0.8824600191169266,0.13931489178730116,0.12068177709065497,0.37337427368567555
"frozenset({'Parsley, raw', 'Water, tap water'})","frozenset({'Garlic, raw', 'Vegetable oil, olive oil'})",0.03817394726485636,0.1411209111743871,0.02180706993541218,0.5712553062462098,4.047984820196445,1.0,0.01641992771427265,2.0032413259878865,0.7828478947533021,0.13846832279876523,0.5008090203476329,0.3628914326506639
"frozenset({'Garlic, raw', 'Vegetable oil, olive oil'})","frozenset({'Parsley, raw', 'Water, tap water'})",0.1411209111743871,0.03817394726485636,0.02180706993541218,0.1545275590551181,4.047984820196445,1.0,0.01641992771427265,1.137619638625036,0.8766816078059942,0.13846832279876523,0.12097157428766576,0.3628914326506639
"frozenset({'Onion, raw'})","frozenset({'Vegetable oil, extra-virgin olive oil', 'Pasta, unenriched, dry, raw'})",0.16524295668680694,0.043035395976572445,0.028659397643354862,0.17343793779770245,4.030122968825903,1.0,0.021548101569998514,1.1577649734778348,0.9007035274848647,0.15955664389740948,0.1362668392047838,0.41969368648895344
"frozenset({'Vegetable oil, extra-virgin olive oil', 'Pasta, unenriched, dry, raw'})","frozenset({'Onion, raw'})",0.043035395976572445,0.16524295668680694,0.028659397643354862,0.6659494351802044,4.030122968825903,1.0,0.021548101569998514,2.4988942729778194,0.7856806932501992,0.15955664389740948,0.5998230053933634,0.41969368648895344
"frozenset({'Cheese, Parmesan, hard type', 'Vegetable oil, olive oil'})","frozenset({'Egg, chicken, whole, raw, fresh'})",0.09660393082852976,0.10810935944625784,0.04206310623422923,0.435418164390127,4.027571401961524,1.0,0.03161931715236628,1.5797366905903079,0.8320950707443234,0.2586108738969542,0.3669831143655181,0.4122486967560913
"frozenset({'Egg, chicken, whole, raw, fresh'})","frozenset({'Cheese, Parmesan, hard type', 'Vegetable oil, olive oil'})",0.10810935944625784,0.09660393082852976,0.04206310623422923,0.38907922912205567,4.027571401961524,1.0,0.03161931715236628,1.4787450553910853,0.8428291338730366,0.2586108738969542,0.3237509086814637,0.4122486967560913
"frozenset({'Egg, chicken, whole, raw, fresh'})","frozenset({'Wheat flour, white, 9% protein, pastry flour, Italian ""tipo 00"" flour'})",0.10810935944625784,0.08285297590110424,0.036044169734009306,0.3334047109207709,4.024052332395792,1.0,0.02708698758112469,1.3758678453394935,0.8425856840982274,0.23266586969515843,0.27318600882539607,0.38422121547714994
"frozenset({'Wheat flour, white, 9% protein, pastry flour, Italian ""tipo 00"" flour'})","frozenset({'Egg, chicken, whole, raw, fresh'})",0.08285297590110424,0.10810935944625784,0.036044169734009306,0.4350377200335289,4.024052332395792,1.0,0.02708698758112469,1.5786728993777661,0.8193825698231212,0.23266586969515843,0.36655655494298417,0.38422121547714994
"frozenset({'Vegetable oil, olive oil', 'Alcoholic beverage, wine, white wine, table type'})","frozenset({'Parsley, raw'})",0.05523531726740283,0.1149848369099706,0.02546473134708429,0.4610226320201174,4.0094211063766885,1.0,0.01911350739942149,1.6420265778637715,0.7944702520042501,0.17591556053094515,0.39099645920410697,0.3412421394447275
"frozenset({'Parsley, raw'})","frozenset({'Vegetable oil, olive oil', 'Alcoholic beverage, wine, white wine, table type'})",0.1149848369099706,0.05523531726740283,0.02546473134708429,0.22146164686933761,4.009421106376688,1.0,0.01911350739942149,1.21351077815692,0.8481068651463628,0.17591556053094515,0.17594469039755892,0.3412421394447275
"frozenset({'Carrots, raw'})","frozenset({'Alcoholic beverage, wine, red wine, table type'})",0.06826862976595596,0.08921915873787531,0.024399842581660763,0.35740929128518145,4.005970201257391,1.0,0.018308972865754697,1.4173576257952536,0.8053529219408924,0.18333623238824143,0.29446176335424307,0.3154456939041372
"frozenset({'Alcoholic beverage, wine, red wine, table type'})","frozenset({'Carrots, raw'})",0.08921915873787531,0.06826862976595596,0.024399842581660763,0.2734820965230929,4.005970201257391,1.0,0.018308972865754697,1.2824616788864305,0.8238783113203629,0.18333623238824143,0.22024960553339407,0.3154456939041372
"frozenset({'Cheese, Parmesan, hard type', 'Vegetable oil, olive oil'})","frozenset({'Beef, meat, lean and fat, raw'})",0.09660393082852976,0.05627705627705628,0.02162187188925157,0.22381979391325185,3.977105568766244,1.0,0.01618528703742955,1.2158554628452745,0.8286076135654291,0.16472663139329807,0.17753381832092283,0.3040119125880533
"frozenset({'Beef, meat, lean and fat, raw'})","frozenset({'Cheese, Parmesan, hard type', 'Vegetable oil, olive oil'})",0.05627705627705628,0.09660393082852976,0.02162187188925157,0.3842040312628548,3.977105568766244,1.0,0.01618528703742955,1.4670379720479918,0.7931998114060075,0.16472663139329807,0.3183543854669316,0.3040119125880533
"frozenset({'Tomato, sauce type, red ripe, raw', 'Vegetable oil, olive oil'})","frozenset({'Onion, raw'})",0.05282774266731486,0.16524295668680694,0.03460888487626455,0.6551270815074496,3.9646293835636457,1.0,0.02587947248282766,2.420477220890351,0.7894758404833906,0.1886435331230284,0.5868583305104773,0.4322847511768125
"frozenset({'Onion, raw'})","frozenset({'Tomato, sauce type, red ripe, raw', 'Vegetable oil, olive oil'})",0.16524295668680694,0.05282774266731486,0.03460888487626455,0.2094424208461754,3.9646293835636452,1.0,0.02587947248282766,1.198106605146324,0.8957931172072972,0.1886435331230284,0.16534973123041033,0.4322847511768125
"frozenset({'Vegetable oil, olive oil', 'Beef, meat, lean and fat, raw'})","frozenset({'Cheese, Parmesan, hard type'})",0.04581336666898164,0.11905919392550408,0.02162187188925157,0.471955533097524,3.9640410583732737,1.0,0.016167369382629058,1.6683079954272033,0.7836330471614706,0.15093729799612152,0.4005902970308968,0.3267807997978384
"frozenset({'Cheese, Parmesan, hard type'})","frozenset({'Vegetable oil, olive oil', 'Beef, meat, lean and fat, raw'})",0.11905919392550408,0.04581336666898164,0.02162187188925157,0.18160606649815283,3.9640410583732733,1.0,0.016167369382629058,1.1659258387316291,0.8487882203684632,0.15093729799612152,0.14231251527295619,0.3267807997978384
"frozenset({'Pasta, unenriched, dry, raw'})","frozenset({'Garlic, raw', 'Vegetable oil, olive oil'})",0.1468620506053661,0.1411209111743871,0.08213533347223187,0.5592686002522068,3.963045558578507,1.0,0.06141002707386366,1.9487585620563979,0.8763750469544271,0.3990103463787674,0.4868527997923123,0.5706447988137675
"frozenset({'Garlic, raw', 'Vegetable oil, olive oil'})","frozenset({'Pasta, unenriched, dry, raw'})",0.1411209111743871,0.1468620506053661,0.08213533347223187,0.5820209973753281,3.9630455585785067,1.0,0.06141002707386366,2.0411024095406938,0.8705169565621277,0.3990103463787674,0.5100686789032657,0.5706447988137675
"frozenset({'Beef, meat, lean and fat, raw'})","frozenset({'Onion, raw', 'Pasta, unenriched, dry, raw'})",0.05627705627705628,0.09044609579368938,0.020163437275736742,0.3582887700534759,3.9613514205272584,1.0,0.01507339725271526,1.4173881673881674,0.7921402163494454,0.15931955368575088,0.2944769661491473,0.29061098343984265
"frozenset({'Onion, raw', 'Pasta, unenriched, dry, raw'})","frozenset({'Beef, meat, lean and fat, raw'})",0.09044609579368938,0.05627705627705628,0.020163437275736742,0.22293319682620935,3.9613514205272584,1.0,0.01507339725271526,1.2144682283022203,0.821898398058068,0.15931955368575088,0.17659435076538696,0.29061098343984265
"frozenset({'Vegetable oil, olive oil', 'Pasta, unenriched, dry, raw'})","frozenset({'Onion, raw'})",0.1292450864643378,0.16524295668680694,0.08428826075884899,0.6521583378112126,3.946663451727508,1.0,0.06293142053423981,2.399819038526033,0.8574415184047582,0.40099118942731277,0.5833019140417358,0.5811225984376881
"frozenset({'Onion, raw'})","frozenset({'Vegetable oil, olive oil', 'Pasta, unenriched, dry, raw'})",0.16524295668680694,0.1292450864643378,0.08428826075884899,0.5100868590641636,3.946663451727508,1.0,0.06293142053423981,1.7773659058671882,0.8944176286995363,0.40099118942731277,0.4373696509542903,0.5811225984376881
"frozenset({'Cheese, Parmesan, hard type', 'Vegetable oil, olive oil'})","frozenset({'Garlic, raw', 'Tomato, peeled tomato, canned'})",0.09660393082852976,0.05852258258675371,0.02229321480658379,0.23076923076923078,3.9432509737098345,1.0,0.016639703286466113,1.2239206426372202,0.826218053847205,0.16782851167654234,0.1829535631940412,0.30585138753651414
"frozenset({'Garlic, raw', 'Tomato, peeled tomato, canned'})","frozenset({'Cheese, Parmesan, hard type', 'Vegetable oil, olive oil'})",0.05852258258675371,0.09660393082852976,0.02229321480658379,0.3809335443037975,3.9432509737098345,1.0,0.016639703286466113,1.4592877079012632,0.7927987738408451,0.16782851167654234,0.3147341716198017,0.30585138753651414
"frozenset({'Parsley, raw', 'Pasta, unenriched, dry, raw'})","frozenset({'Vegetable oil, olive oil', 'Onion, raw'})",0.04558186911128088,0.14605180915341343,0.02620552353172674,0.5749111223971559,3.9363505712775315,1.0,0.019548209083430076,2.008869758395375,0.7815836290544592,0.15841029946823398,0.502207648942473,0.37716866945662203
"frozenset({'Vegetable oil, olive oil', 'Onion, raw'})","frozenset({'Parsley, raw', 'Pasta, unenriched, dry, raw'})",0.14605180915341343,0.04558186911128088,0.02620552353172674,0.17942621651608814,3.9363505712775315,1.0,0.019548209083430076,1.1631106795010486,0.8735396296534712,0.15841029946823398,0.14023659345215533,0.37716866945662203
"frozenset({'Pasta, unenriched, dry, raw'})","frozenset({'Vegetable oil, olive oil', 'Onion, raw'})",0.1468620506053661,0.14605180915341343,0.08428826075884899,0.5739281210592686,3.929620073767194,1.0,0.06283879257195511,2.0042350435555845,0.8738592312385081,0.40401686640035506,0.5010565236770014,0.5755200915963643
"frozenset({'Vegetable oil, olive oil', 'Onion, raw'})","frozenset({'Pasta, unenriched, dry, raw'})",0.14605180915341343,0.1468620506053661,0.08428826075884899,0.5771120621334601,3.9296200737671936,1.0,0.06283879257195511,2.0174090415032775,0.8730300978321606,0.40401686640035506,0.5043147029544156,0.5755200915963643
"frozenset({'Vegetable oil, olive oil', 'Pasta, unenriched, dry, raw'})","frozenset({'Alcoholic beverage, wine, red wine, table type', 'Onion, raw'})",0.1292450864643378,0.04437808181123689,0.02250156260851448,0.1740999462654487,3.92310661389076,1.0,0.016765913587699712,1.1570672672409161,0.8556942450506015,0.14889705882352944,0.13574601208402584,0.3405710998932877
"frozenset({'Alcoholic beverage, wine, red wine, table type', 'Onion, raw'})","frozenset({'Vegetable oil, olive oil', 'Pasta, unenriched, dry, raw'})",0.04437808181123689,0.1292450864643378,0.02250156260851448,0.5070422535211268,3.9231066138907598,1.0,0.016765913587699712,1.7663885388866292,0.7797016311369509,0.14889705882352944,0.43387313833551633,0.3405710998932877
"frozenset({'Cheese, Parmesan, hard type', 'Garlic, raw', 'Vegetable oil, olive oil'})","frozenset({'Onion, raw'})",0.04250295159386069,0.16524295668680694,0.027548209366391185,0.6481481481481481,3.922395006382118,1.0,0.020524895977105412,2.3724673862585486,0.7781263923571895,0.15287769784172664,0.5784978938837892,0.4074307566182041
"frozenset({'Onion, raw'})","frozenset({'Cheese, Parmesan, hard type', 'Garlic, raw', 'Vegetable oil, olive oil'})",0.16524295668680694,0.04250295159386069,0.027548209366391185,0.16671336508826004,3.922395006382118,1.0,0.020524895977105412,1.1490608492809387,0.8925396077064177,0.15287769784172664,0.1297240693338548,0.4074307566182041
"frozenset({'Garlic, raw'})","frozenset({'Pasta, unenriched, dry, raw'})",0.14417667893603722,0.1468620506053661,0.08292242516841447,0.5751445086705202,3.9162227838966683,1.0,0.06174834245039655,2.00806619381322,0.870100047153455,0.3984427141268076,0.5020084481871344,0.569886251813192
"frozenset({'Pasta, unenriched, dry, raw'})","frozenset({'Garlic, raw'})",0.1468620506053661,0.14417667893603722,0.08292242516841447,0.5646279949558638,3.916222783896668,1.0,0.06174834245039655,1.9657288735806588,0.8728388094107965,0.3984427141268076,0.4912828450352579,0.569886251813192
"frozenset({'Vegetable oil, extra-virgin olive oil', 'Onion, raw'})","frozenset({'Pasta, unenriched, dry, raw'})",0.04984142417297498,0.1468620506053661,0.028659397643354862,0.5750116117045982,3.9153178737079966,1.0,0.021339583884219894,2.007438256881581,0.7836511870550207,0.17054690728750516,0.5018526738882461,0.3850783153100545
"frozenset({'Pasta, unenriched, dry, raw'})","frozenset({'Vegetable oil, extra-virgin olive oil', 'Onion, raw'})",0.1468620506053661,0.04984142417297498,0.028659397643354862,0.19514501891551073,3.9153178737079966,1.0,0.021339583884219894,1.1805338826961704,0.8727696339914327,0.17054690728750516,0.15292562572101442,0.3850783153100545
"frozenset({'Cheese, Parmesan, hard type', 'Vegetable oil, olive oil', 'Pasta, unenriched, dry, raw'})","frozenset({'Onion, raw'})",0.046484709586313865,0.16524295668680694,0.030071532745329536,0.6469123505976095,3.9149163363358004,1.0,0.022390261892559472,2.364163812373613,0.7808649816461269,0.16554097107174717,0.5770174660629784,0.4144480497734475
"frozenset({'Onion, raw'})","frozenset({'Cheese, Parmesan, hard type', 'Vegetable oil, olive oil', 'Pasta, unenriched, dry, raw'})",0.16524295668680694,0.046484709586313865,0.030071532745329536,0.1819837489492855,3.9149163363358,1.0,0.022390261892559472,1.165643456580389,0.891956175407591,0.16554097107174717,0.1421047367831772,0.4144480497734475
"frozenset({'Parsley, raw', 'Vegetable oil, olive oil'})","frozenset({'Juice, lemon juice'})",0.11139662476560873,0.04787369493251846,0.02085792994883904,0.18724023275145468,3.911129755398737,1.0,0.015524961918298056,1.1714732242354182,0.8376283743606491,0.15069409600267603,0.14637400214361126,0.31146344326160746
"frozenset({'Juice, lemon juice'})","frozenset({'Parsley, raw', 'Vegetable oil, olive oil'})",0.04787369493251846,0.11139662476560873,0.02085792994883904,0.4356866537717602,3.911129755398737,1.0,0.015524961918298056,1.5746630505438914,0.7817443932464566,0.15069409600267603,0.36494350352947047,0.31146344326160746
"frozenset({'Parsley, raw', 'Vegetable oil, olive oil'})","frozenset({'Garlic, raw', 'Pasta, unenriched, dry, raw'})",0.11139662476560873,0.08292242516841447,0.036067319489779384,0.32377389858686617,3.9045396698092847,1.0,0.02683004120863925,1.3561700338320803,0.8371427381824877,0.2279110590988882,0.2626293347786661,0.3793632195335224
"frozenset({'Garlic, raw', 'Pasta, unenriched, dry, raw'})","frozenset({'Parsley, raw', 'Vegetable oil, olive oil'})",0.08292242516841447,0.11139662476560873,0.036067319489779384,0.4349525404801787,3.9045396698092847,1.0,0.02683004120863925,1.572617238186556,0.8111504229492564,0.2279110590988882,0.36411736071700607,0.3793632195335224
"frozenset({'Vegetable oil, olive oil', 'Pasta, unenriched, dry, raw'})","frozenset({'Cheese, Parmesan, hard type', 'Onion, raw'})",0.1292450864643378,0.05970322013102762,0.030071532745329536,0.23267060720042987,3.8971198988898674,1.0,0.022355184897295478,1.2254147810477294,0.8537422371479538,0.18927582689785805,0.18394978135892875,0.3681771027471711
"frozenset({'Cheese, Parmesan, hard type', 'Onion, raw'})","frozenset({'Vegetable oil, olive oil', 'Pasta, unenriched, dry, raw'})",0.05970322013102762,0.1292450864643378,0.030071532745329536,0.5036835982939123,3.8971198988898674,1.0,0.022355184897295478,1.7544350953191192,0.7906017161869895,0.18927582689785805,0.430015962022176,0.3681771027471711
"frozenset({'Vegetable oil, olive oil', 'Tomato, peeled tomato, canned'})","frozenset({'Carrots, raw'})",0.08526055050119222,0.06826862976595596,0.022663610898905017,0.2658159109421667,3.8936757900877508,1.0,0.016842989943097533,1.2690705016908226,0.8124425766939614,0.1731823810366177,0.2120217130035971,0.29889642613910644
"frozenset({'Carrots, raw'})","frozenset({'Vegetable oil, olive oil', 'Tomato, peeled tomato, canned'})",0.06826862976595596,0.08526055050119222,0.022663610898905017,0.33197694133604616,3.8936757900877503,1.0,0.016842989943097533,1.3693231657725808,0.7976261174588846,0.1731823810366177,0.2697122016220374,0.29889642613910644
"frozenset({'Cheese, Parmesan, hard type', 'Garlic, raw'})","frozenset({'Onion, raw'})",0.043382642313123596,0.16524295668680694,0.027895455702942332,0.6430096051227321,3.8912981104632474,1.0,0.020726779618235613,2.338317935977464,0.7767121742957491,0.15434866145766618,0.5723421590306625,0.40591219959134645
"frozenset({'Onion, raw'})","frozenset({'Cheese, Parmesan, hard type', 'Garlic, raw'})",0.16524295668680694,0.043382642313123596,0.027895455702942332,0.16881479405996078,3.8912981104632474,1.0,0.020726779618235613,1.1509075845556926,0.8900989261605491,0.15434866145766618,0.13112050574760126,0.40591219959134645
"frozenset({'Pasta, unenriched, dry, raw'})","frozenset({'Cheese, Parmesan, hard type', 'Vegetable oil, olive oil', 'Onion, raw'})",0.1468620506053661,0.0526888441326944,0.030071532745329536,0.20476040353089534,3.8862193107750813,1.0,0.022333541051975523,1.19122734842858,0.8705280348676128,0.17743477666985383,0.16052968283580768,0.38774927030674816
"frozenset({'Cheese, Parmesan, hard type', 'Vegetable oil, olive oil', 'Onion, raw'})","frozenset({'Pasta, unenriched, dry, raw'})",0.0526888441326944,0.1468620506053661,0.030071532745329536,0.570738137082601,3.8862193107750813,1.0,0.022333541051975523,1.9874534010462501,0.7839879198694102,0.17743477666985383,0.4968435488985189,0.38774927030674816
"frozenset({'Parsley, raw', 'Garlic, raw'})","frozenset({'Vegetable oil, olive oil', 'Pasta, unenriched, dry, raw'})",0.07197259068916823,0.1292450864643378,0.036067319489779384,0.5011257639112255,3.877329325393733,1.0,0.026765215783095445,1.7454397331930203,0.7996428877009732,0.21839080459770116,0.4270784714115279,0.3900936002074487
"frozenset({'Vegetable oil, olive oil', 'Pasta, unenriched, dry, raw'})","frozenset({'Parsley, raw', 'Garlic, raw'})",0.1292450864643378,0.07197259068916823,0.036067319489779384,0.2790614365036719,3.8773293253937324,1.0,0.026765215783095445,1.2872489506043165,0.852238105018254,0.21839080459770116,0.22314949293177794,0.3900936002074487
"frozenset({'Egg, chicken, whole, raw, fresh'})","frozenset({'Beef, meat, lean and fat, raw'})",0.10810935944625784,0.05627705627705628,0.023589601129708083,0.21820128479657389,3.8772689836929666,1.0,0.017505524624074523,1.2071175423681586,0.8320375502053503,0.16754357119368632,0.17158026049545214,0.3186851755122318
"frozenset({'Beef, meat, lean and fat, raw'})","frozenset({'Egg, chicken, whole, raw, fresh'})",0.05627705627705628,0.10810935944625784,0.023589601129708083,0.41916906622788974,3.8772689836929666,1.0,0.017505524624074523,1.535542597157328,0.7863393685120328,0.16754357119368632,0.34876440298611766,0.3186851755122318
"frozenset({'Juice, lemon juice'})","frozenset({'Parsley, raw'})",0.04787369493251846,0.1149848369099706,0.021251475796930343,0.44390715667311414,3.860571259675561,1.0,0.01574672679283702,1.5914881367566789,0.7782276085376946,0.15007356547327125,0.37165727038473745,0.3143634837120352
"frozenset({'Parsley, raw'})","frozenset({'Juice, lemon juice'})",0.1149848369099706,0.04787369493251846,0.021251475796930343,0.1848198107509563,3.860571259675561,1.0,0.01574672679283702,1.1679949017708522,0.8372409969015652,0.15007356547327125,0.14383187933110603,0.3143634837120352
"frozenset({'Garlic, raw', 'Water, tap water', 'Vegetable oil, olive oil'})","frozenset({'Pasta, unenriched, dry, raw'})",0.04203995647845915,0.1468620506053661,0.02375164942009862,0.5649779735682819,3.8469977181949995,1.0,0.01757757520431176,1.961137362152728,0.7725343434116465,0.1438183347350715,0.490091811364857,0.3633527951069657
"frozenset({'Pasta, unenriched, dry, raw'})","frozenset({'Garlic, raw', 'Water, tap water', 'Vegetable oil, olive oil'})",0.1468620506053661,0.04203995647845915,0.02375164942009862,0.16172761664564944,3.8469977181949995,1.0,0.01757757520431176,1.14277896128256,0.8674529526691815,0.1438183347350715,0.12494013813687728,0.3633527951069657
"frozenset({'Vegetable oil, extra-virgin olive oil', 'Vegetable oil, olive oil'})","frozenset({'Lettuce, raw'})",0.07650994282010325,0.08840891728592264,0.02599717572979605,0.33978819969742813,3.8433702179444365,1.0,0.019233014523462873,1.3807555125435498,0.8011041209306089,0.1871354774204299,0.27575882122834583,0.31692211765442235
"frozenset({'Lettuce, raw'})","frozenset({'Vegetable oil, extra-virgin olive oil', 'Vegetable oil, olive oil'})",0.08840891728592264,0.07650994282010325,0.02599717572979605,0.2940560356114166,3.8433702179444365,1.0,0.019233014523462873,1.3081634007307217,0.8115609119854702,0.1871354774204299,0.23556950191282366,0.31692211765442235
"frozenset({'Garlic, raw', 'Pasta, unenriched, dry, raw'})","frozenset({'Parsley, raw'})",0.08292242516841447,0.1149848369099706,0.036460865337870685,0.4396984924623116,3.8239693535120742,1.0,0.026926043803701304,1.5795337888333258,0.8052662591731125,0.2258388299397763,0.3669017990817283,0.3783956525126134
"frozenset({'Parsley, raw'})","frozenset({'Garlic, raw', 'Pasta, unenriched, dry, raw'})",0.1149848369099706,0.08292242516841447,0.036460865337870685,0.3170928125629152,3.823969353512074,1.0,0.026926043803701304,1.3429022152678318,0.8344395201973019,0.2258388299397763,0.25534414298321967,0.3783956525126134
"frozenset({'Parsley, raw'})","frozenset({'Garlic, raw', 'Vegetable oil, olive oil', 'Pasta, unenriched, dry, raw'})",0.1149848369099706,0.08213533347223187,0.036067319489779384,0.31367022347493456,3.8189438115689818,1.0,0.026623001565928752,1.337352243661902,0.8340506769881774,0.22394710363662496,0.2522538435634379,0.3763954274082677
"frozenset({'Garlic, raw', 'Vegetable oil, olive oil', 'Pasta, unenriched, dry, raw'})","frozenset({'Parsley, raw'})",0.08213533347223187,0.1149848369099706,0.036067319489779384,0.4391206313416009,3.8189438115689818,1.0,0.026623001565928752,1.5779064314791078,0.8042007965209216,0.22394710363662496,0.36624885984993816,0.3763954274082677
"frozenset({'Beef, meat, lean and fat, raw'})","frozenset({'Cheese, Parmesan, hard type'})",0.05627705627705628,0.11905919392550408,0.025534180614394518,0.4537227478403949,3.8109005519077463,1.0,0.01883387965754797,1.6126258279872736,0.7815798447935988,0.17045278936794933,0.37989334993592105,0.334094506333186
"frozenset({'Cheese, Parmesan, hard type'})","frozenset({'Beef, meat, lean and fat, raw'})",0.11905919392550408,0.05627705627705628,0.025534180614394518,0.21446626482597705,3.810900551907746,1.0,0.01883387965754797,1.2013779949423515,0.8372808102395505,0.17045278936794933,0.16762250997615,0.334094506333186
"frozenset({'Pasta, unenriched, dry, raw'})","frozenset({'Sugar', 'Onion, raw'})",0.1468620506053661,0.03666921313980138,0.02051068361228789,0.1396595208070618,3.8086315153425807,1.0,0.015125367776491424,1.119708778277959,0.8643836573822458,0.12581652939505822,0.10691063658718786,0.349501477575248
"frozenset({'Sugar', 'Onion, raw'})","frozenset({'Pasta, unenriched, dry, raw'})",0.03666921313980138,0.1468620506053661,0.02051068361228789,0.5593434343434343,3.8086315153425803,1.0,0.015125367776491424,1.9360609052164752,0.7655091179561171,0.12581652939505822,0.4834873235105237,0.349501477575248
"frozenset({'Pasta, unenriched, dry, raw', 'Garlic, raw', 'Onion, raw'})","frozenset({'Cheese, Parmesan, hard type', 'Vegetable oil, olive oil'})",0.058082737227122254,0.09660393082852976,0.021367224575780726,0.3678756476683938,3.8080815605874925,1.0,0.015756203846360138,1.4291429618860143,0.7828719268026563,0.16027088036117382,0.30027993932789077,0.29452972414572337
"frozenset({'Cheese, Parmesan, hard type', 'Vegetable oil, olive oil'})","frozenset({'Pasta, unenriched, dry, raw', 'Garlic, raw', 'Onion, raw'})",0.09660393082852976,0.058082737227122254,0.021367224575780726,0.22118380062305296,3.8080815605874925,1.0,0.015756203846360138,1.2094217654003752,0.8162539195814494,0.16027088036117382,0.17315858817130403,0.29452972414572337
"frozenset({'Vegetable oil, olive oil', 'Pasta, unenriched, dry, raw'})","frozenset({'Water, tap water', 'Onion, raw'})",0.1292450864643378,0.0505127670903072,0.02483968794129222,0.19219057854200253,3.804792127075565,1.0,0.01831116099115251,1.175385193200624,0.8465913204473499,0.1603407053197848,0.14921507792951075,0.3419706329923578
"frozenset({'Water, tap water', 'Onion, raw'})","frozenset({'Vegetable oil, olive oil', 'Pasta, unenriched, dry, raw'})",0.0505127670903072,0.1292450864643378,0.02483968794129222,0.4917506874427131,3.8047921270755647,1.0,0.01831116099115251,1.7132436621594365,0.7763912209510331,0.1603407053197848,0.4163118638130185,0.3419706329923578
"frozenset({'Vegetable oil, olive oil', 'Onion, raw'})","frozenset({'Garlic, raw'})",0.14605180915341343,0.14417667893603722,0.07982035789522421,0.5465208432398162,3.7906327658044865,1.0,0.05876309309888514,1.8872384944398957,0.8621035909287839,0.37935966552976125,0.4701252634756239,0.5500748082608844
"frozenset({'Garlic, raw'})","frozenset({'Vegetable oil, olive oil', 'Onion, raw'})",0.14417667893603722,0.14605180915341343,0.07982035789522421,0.5536287732819525,3.790632765804486,1.0,0.05876309309888514,1.9130896879829284,0.8602147004836749,0.37935966552976125,0.4772853534878687,0.5500748082608844
"frozenset({'Parsley, raw', 'Onion, raw'})","frozenset({'Vegetable oil, olive oil', 'Pasta, unenriched, dry, raw'})",0.05349908558464708,0.1292450864643378,0.02620552353172674,0.4898312418866292,3.789940919895526,1.0,0.01929102958957602,1.7067977991356367,0.7777527025501745,0.1674060928719314,0.41410751730144946,0.346294807760438
"frozenset({'Vegetable oil, olive oil', 'Pasta, unenriched, dry, raw'})","frozenset({'Parsley, raw', 'Onion, raw'})",0.1292450864643378,0.05349908558464708,0.02620552353172674,0.2027583736342468,3.7899409198955256,1.0,0.01929102958957602,1.1872196372008348,0.8454085445968637,0.1674060928719314,0.1576958730587135,0.346294807760438
"frozenset({'Cheese, Parmesan, hard type', 'Pasta, unenriched, dry, raw'})","frozenset({'Vegetable oil, olive oil', 'Onion, raw'})",0.054587124105840684,0.14605180915341343,0.030071532745329536,0.5508905852417303,3.7718847060844864,1.0,0.022098984513189597,1.9014257167292268,0.7773117633616419,0.1763029315960912,0.4740788497800646,0.3783934619028433
"frozenset({'Vegetable oil, olive oil', 'Onion, raw'})","frozenset({'Cheese, Parmesan, hard type', 'Pasta, unenriched, dry, raw'})",0.14605180915341343,0.054587124105840684,0.030071532745329536,0.20589633856395625,3.771884706084486,1.0,0.022098984513189597,1.190540885033184,0.8605680737347131,0.1763029315960912,0.16004564599885449,0.3783934619028433
"frozenset({'Garlic, raw', 'Water, tap water'})","frozenset({'Pasta, unenriched, dry, raw'})",0.043729888649674746,0.1468620506053661,0.024191494779730073,0.5532027527792482,3.7668189331344872,1.0,0.017769233659894516,1.9094521165953355,0.7681135250513936,0.14538119087367835,0.4762895642635657,0.358962662644353
"frozenset({'Pasta, unenriched, dry, raw'})","frozenset({'Garlic, raw', 'Water, tap water'})",0.1468620506053661,0.043729888649674746,0.024191494779730073,0.16472257250945774,3.766818933134487,1.0,0.017769233659894516,1.1448532905088626,0.860967451573087,0.14538119087367835,0.12652563582577336,0.358962662644353
"frozenset({'Sugar', 'Pasta, unenriched, dry, raw'})","frozenset({'Onion, raw'})",0.032988401972359194,0.16524295668680694,0.02051068361228789,0.6217543859649122,3.762668003716211,1.0,0.015059582534002362,2.2069179716536174,0.7592785213247276,0.1154096652338153,0.5468793979457642,0.3729393952800184
"frozenset({'Onion, raw'})","frozenset({'Sugar', 'Pasta, unenriched, dry, raw'})",0.16524295668680694,0.032988401972359194,0.02051068361228789,0.12412440459512468,3.762668003716211,1.0,0.015059582534002362,1.104051309456382,0.8795746524522733,0.1154096652338153,0.09424499438129849,0.3729393952800184
"frozenset({'Water, tap water', 'Vegetable oil, olive oil', 'Onion, raw'})","frozenset({'Pasta, unenriched, dry, raw'})",0.044979975461258884,0.1468620506053661,0.02483968794129222,0.5522388059701493,3.7602553123411946,1.0,0.01823383650887269,1.9053414203146823,0.7686337377276438,0.14873856390352094,0.47515968039216727,0.3606874988236623
"frozenset({'Pasta, unenriched, dry, raw'})","frozenset({'Water, tap water', 'Vegetable oil, olive oil', 'Onion, raw'})",0.1468620506053661,0.044979975461258884,0.02483968794129222,0.16913619167717528,3.760255312341194,1.0,0.01823383650887269,1.149430285652395,0.860424286115546,0.14873856390352094,0.13000378319384642,0.3606874988236623
"frozenset({'Pasta, unenriched, dry, raw'})","frozenset({'Cheese, Parmesan, hard type', 'Onion, raw'})",0.1468620506053661,0.05970322013102762,0.03284950343773873,0.22367591424968472,3.746463151548519,1.0,0.02408136610155244,1.211216806393657,0.8592767291538462,0.18909914712153517,0.17438397921718526,0.38694458760177136
"frozenset({'Cheese, Parmesan, hard type', 'Onion, raw'})","frozenset({'Pasta, unenriched, dry, raw'})",0.05970322013102762,0.1468620506053661,0.03284950343773873,0.550213260953858,3.746463151548519,1.0,0.02408136610155244,1.8967610099041037,0.779627881715168,0.18909914712153517,0.47278545120950277,0.38694458760177136
"frozenset({'Onion, raw'})","frozenset({'Water, tap water', 'Vegetable oil, olive oil', 'Pasta, unenriched, dry, raw'})",0.16524295668680694,0.040234275528393176,0.02483968794129222,0.15032221910899413,3.736173129373544,1.0,0.01819125729282889,1.1295643431621318,0.8773168867104953,0.13751121363578112,0.11470293299045368,0.3838492568502393
"frozenset({'Water, tap water', 'Vegetable oil, olive oil', 'Pasta, unenriched, dry, raw'})","frozenset({'Onion, raw'})",0.040234275528393176,0.16524295668680694,0.02483968794129222,0.6173762945914845,3.736173129373544,1.0,0.01819125729282889,2.18166577635839,0.7630470975637076,0.13751121363578112,0.5416346486998629,0.3838492568502393
"frozenset({'Onion, raw'})","frozenset({'Pasta, unenriched, dry, raw'})",0.16524295668680694,0.1468620506053661,0.09044609579368938,0.5473521994956572,3.726981866584789,1.0,0.06617817632657122,1.884772108566666,0.8765261519717498,0.40804177545691916,0.46943187696019056,0.5816048513241212
"frozenset({'Pasta, unenriched, dry, raw'})","frozenset({'Onion, raw'})",0.1468620506053661,0.16524295668680694,0.09044609579368938,0.6158575031525851,3.7269818665847887,1.0,0.06617817632657122,2.1730400832084107,0.857641345723532,0.40804177545691916,0.5398152074012652,0.5816048513241212
"frozenset({'Cheese, Parmesan, hard type'})","frozenset({'Egg, chicken, whole, raw, fresh'})",0.11905919392550408,0.10810935944625784,0.04768849688635785,0.40054442932140777,3.7049930863804823,1.0,0.034817083694883816,1.4878344354096322,0.8287661988763032,0.2657035986069909,0.327882205035348,0.42082895984271673
"frozenset({'Egg, chicken, whole, raw, fresh'})","frozenset({'Cheese, Parmesan, hard type'})",0.10810935944625784,0.11905919392550408,0.04768849688635785,0.44111349036402575,3.7049930863804823,1.0,0.034817083694883816,1.5762427449685423,0.8185913497557256,0.2657035986069909,0.3655799506820524,0.42082895984271673
"frozenset({'Pasta, unenriched, dry, raw', 'Tomato, peeled tomato, canned', 'Onion, raw'})","frozenset({'Cheese, Parmesan, hard type', 'Vegetable oil, olive oil'})",0.06884737366020789,0.09660393082852976,0.02463134013936153,0.3577673167451244,3.703444711583786,1.0,0.017980413216564864,1.406649167390551,0.7839543137235475,0.17491369390103567,0.28909068218119977,0.3063698793167271
"frozenset({'Cheese, Parmesan, hard type', 'Vegetable oil, olive oil'})","frozenset({'Pasta, unenriched, dry, raw', 'Tomato, peeled tomato, canned', 'Onion, raw'})",0.09660393082852976,0.06884737366020789,0.02463134013936153,0.25497244188832974,3.703444711583786,1.0,0.017980413216564864,1.2498230652029438,0.8080410609087293,0.17491369390103567,0.19988674569898268,0.3063698793167271
"frozenset({'Vegetable oil, extra-virgin olive oil', 'Garlic, raw'})","frozenset({'Pasta, unenriched, dry, raw'})",0.0377341019052249,0.1468620506053661,0.02051068361228789,0.5435582822085889,3.701148662762361,1.0,0.014968976028734707,1.8691059912812542,0.7584323733974374,0.12499999999999997,0.4649848619261503,0.34160890150782536
"frozenset({'Pasta, unenriched, dry, raw'})","frozenset({'Vegetable oil, extra-virgin olive oil', 'Garlic, raw'})",0.1468620506053661,0.0377341019052249,0.02051068361228789,0.1396595208070618,3.7011486627623604,1.0,0.014968976028734707,1.1184710255612411,0.8554461906767776,0.12499999999999997,0.10592230183324867,0.34160890150782536
"frozenset({'Vegetable oil, olive oil', 'Onion, raw'})","frozenset({'Carrots, raw'})",0.14605180915341343,0.06826862976595596,0.036877560941732064,0.2524964336661912,3.6985718701520724,1.0,0.026906804055989626,1.24645742468333,0.8544140945197373,0.20782778864970647,0.19772630801725452,0.3963397732929125
"frozenset({'Carrots, raw'})","frozenset({'Vegetable oil, olive oil', 'Onion, raw'})",0.06826862976595596,0.14605180915341343,0.036877560941732064,0.5401831129196338,3.6985718701520724,1.0,0.026906804055989626,1.8571483885004307,0.7830855475711606,0.20782778864970647,0.46154006530008196,0.3963397732929125
"frozenset({'Vegetable oil, extra-virgin olive oil'})","frozenset({'Tomato, salad type, raw'})",0.1275551542931222,0.07521355649697896,0.03546542583975739,0.2780399274047187,3.6966730514317128,1.0,0.025871549035850774,1.2809384876072514,0.8361405242480646,0.21198284211982843,0.21932238770655937,0.3747848144256588
"frozenset({'Tomato, salad type, raw'})","frozenset({'Vegetable oil, extra-virgin olive oil'})",0.07521355649697896,0.1275551542931222,0.03546542583975739,0.47152970144659895,3.6966730514317128,1.0,0.025871549035850774,1.6508871891098695,0.7888161594406933,0.21198284211982843,0.39426509176609265,0.3747848144256588
"frozenset({'Vegetable oil, extra-virgin olive oil', 'Alcoholic beverage, wine, red wine, table type'})","frozenset({'Onion, raw'})",0.033844942935852024,0.16524295668680694,0.020626432391138275,0.6094391244870042,3.688139795526075,1.0,0.015033793951521827,2.1373288919857942,0.754392990781314,0.11557919315086265,0.5321262891501463,0.3671320027030146
"frozenset({'Onion, raw'})","frozenset({'Vegetable oil, extra-virgin olive oil', 'Alcoholic beverage, wine, red wine, table type'})",0.16524295668680694,0.033844942935852024,0.020626432391138275,0.12482488091902495,3.688139795526075,1.0,0.015033793951521827,1.1039562665797804,0.8731410041947403,0.11557919315086265,0.0941670152404246,0.3671320027030146
"frozenset({'Parsley, raw'})","frozenset({'Alcoholic beverage, wine, white wine, table type'})",0.1149848369099706,0.062249693265736046,0.0263444220663472,0.22911214012482384,3.680534442905175,1.0,0.019186651238490848,1.2164548899318592,0.8229241244948369,0.17459343356857934,0.17793910133731647,0.32615889639190243
"frozenset({'Alcoholic beverage, wine, white wine, table type'})","frozenset({'Parsley, raw'})",0.062249693265736046,0.1149848369099706,0.0263444220663472,0.4232056526589811,3.680534442905175,1.0,0.019186651238490848,1.534368648323075,0.7766463236752644,0.17459343356857934,0.3482661411956581,0.32615889639190243
"frozenset({'Alcoholic beverage, wine, white wine, table type'})","frozenset({'Parsley, raw', 'Vegetable oil, olive oil'})",0.062249693265736046,0.11139662476560873,0.02546473134708429,0.4090740052063965,3.6722298011015604,1.0,0.01853032562458685,1.5037473102613457,0.7759910949127894,0.17184814872676143,0.33499465423735075,0.31883459196313174
"frozenset({'Parsley, raw', 'Vegetable oil, olive oil'})","frozenset({'Alcoholic beverage, wine, white wine, table type'})",0.11139662476560873,0.062249693265736046,0.02546473134708429,0.228595178719867,3.67222980110156,1.0,0.01853032562458685,1.2156396756479737,0.8189096593129419,0.17184814872676143,0.17738782302661438,0.31883459196313174
"frozenset({'Pasta, unenriched, dry, raw'})","frozenset({'Celery, raw', 'Vegetable oil, olive oil', 'Onion, raw'})",0.1468620506053661,0.03717850776674306,0.02004768849688636,0.13650693568726358,3.671662578382768,1.0,0.014587576607814944,1.1150309504796974,0.8529028850594169,0.12224731789949182,0.1031639080782555,0.3378674155397713
"frozenset({'Celery, raw', 'Vegetable oil, olive oil', 'Onion, raw'})","frozenset({'Pasta, unenriched, dry, raw'})",0.03717850776674306,0.1468620506053661,0.02004768849688636,0.539227895392279,3.6716625783827674,1.0,0.014587576607814944,1.8515399280105163,0.7557411464762734,0.12224731789949182,0.45990902768459224,0.3378674155397713
"frozenset({'Garlic, raw', 'Vegetable oil, olive oil'})","frozenset({'Cheese, Parmesan, hard type', 'Pasta, unenriched, dry, raw'})",0.1411209111743871,0.054587124105840684,0.028242702039493483,0.20013123359580054,3.6662717971322287,1.0,0.020539317347287894,1.1819599859415084,0.8467354288978999,0.16864805087088747,0.1539476700614069,0.3587594251100292
"frozenset({'Cheese, Parmesan, hard type', 'Pasta, unenriched, dry, raw'})","frozenset({'Garlic, raw', 'Vegetable oil, olive oil'})",0.054587124105840684,0.1411209111743871,0.028242702039493483,0.5173876166242578,3.6662717971322287,1.0,0.020539317347287894,1.7796457745613314,0.7692336038478166,0.16864805087088747,0.4380904254688031,0.3587594251100292
"frozenset({'Alcoholic beverage, wine, red wine, table type', 'Vegetable oil, olive oil'})","frozenset({'Onion, raw', 'Pasta, unenriched, dry, raw'})",0.06792138342940482,0.09044609579368938,0.02250156260851448,0.33128834355828224,3.6628263569713635,1.0,0.016358338656418628,1.360158590693841,0.7799629473250417,0.1656159482024195,0.2647916155939709,0.2900362884927321
"frozenset({'Onion, raw', 'Pasta, unenriched, dry, raw'})","frozenset({'Alcoholic beverage, wine, red wine, table type', 'Vegetable oil, olive oil'})",0.09044609579368938,0.06792138342940482,0.02250156260851448,0.24878423342718198,3.6628263569713635,1.0,0.016358338656418628,1.2407601890771092,0.7992783952188381,0.1656159482024195,0.19404248395186596,0.2900362884927321
"frozenset({'Tomato, peeled tomato, canned', 'Onion, raw'})","frozenset({'Cheese, Parmesan, hard type', 'Vegetable oil, olive oil'})",0.0815102900664398,0.09660393082852976,0.028821445933745398,0.3535927293382562,3.6602312794691234,1.0,0.020947231510353652,1.3975648328439132,0.7912916308848662,0.1930531865405489,0.2844696886332681,0.32596962131902024
"frozenset({'Cheese, Parmesan, hard type', 'Vegetable oil, olive oil'})","frozenset({'Tomato, peeled tomato, canned', 'Onion, raw'})",0.09660393082852976,0.0815102900664398,0.028821445933745398,0.2983465132997843,3.660231279469123,1.0,0.020947231510353652,1.3090360517598176,0.8045122680142465,0.1930531865405489,0.23607909907779975,0.32596962131902024
"frozenset({'Vegetable oil, extra-virgin olive oil', 'Vegetable oil, olive oil'})","frozenset({'Tomato, peeled tomato, canned', 'Onion, raw'})",0.07650994282010325,0.0815102900664398,0.022825659189295553,0.29833585476550684,3.660100516417381,1.0,0.016589311557062215,1.309016167024759,0.7869965183886962,0.16883561643835618,0.2360674946644218,0.2891849679962155
"frozenset({'Tomato, peeled tomato, canned', 'Onion, raw'})","frozenset({'Vegetable oil, extra-virgin olive oil', 'Vegetable oil, olive oil'})",0.0815102900664398,0.07650994282010325,0.022825659189295553,0.2800340812269242,3.660100516417381,1.0,0.016589311557062215,1.282685795396614,0.7912810039208052,0.16883561643835618,0.22038584695576666,0.2891849679962155
"frozenset({'Vegetable oil, olive oil', 'Onion, raw'})","frozenset({'Vegetable oil, extra-virgin olive oil', 'Pasta, unenriched, dry, raw'})",0.14605180915341343,0.043035395976572445,0.022964557723916014,0.15723569503883342,3.6536365350147864,1.0,0.01667916028390408,1.1355068058649247,0.8505200845541168,0.13823857302118173,0.1193359697758113,0.3454279604833758
"frozenset({'Vegetable oil, extra-virgin olive oil', 'Pasta, unenriched, dry, raw'})","frozenset({'Vegetable oil, olive oil', 'Onion, raw'})",0.043035395976572445,0.14605180915341343,0.022964557723916014,0.5336202259279182,3.653636535014786,1.0,0.01667916028390408,1.8310146329686325,0.7589623319713644,0.13823857302118173,0.4538547196759999,0.3454279604833758
"frozenset({'Alcoholic beverage, wine, red wine, table type', 'Onion, raw'})","frozenset({'Vegetable oil, extra-virgin olive oil'})",0.04437808181123689,0.1275551542931222,0.020626432391138275,0.46478873239436624,3.6438255668311146,1.0,0.014965779318473153,1.6300943169786404,0.7592575463941743,0.13632190942472464,0.38653856431234745,0.313247360752537
"frozenset({'Vegetable oil, extra-virgin olive oil'})","frozenset({'Alcoholic beverage, wine, red wine, table type', 'Onion, raw'})",0.1275551542931222,0.04437808181123689,0.020626432391138275,0.16170598911070783,3.643825566831114,1.0,0.014965779318473153,1.1399603310716788,0.8316435777629292,0.13632190942472464,0.12277649252943909,0.313247360752537
"frozenset({'Onion, raw'})","frozenset({'Cheese, Parmesan, hard type', 'Pasta, unenriched, dry, raw'})",0.16524295668680694,0.054587124105840684,0.03284950343773873,0.19879518072289157,3.6417961924032007,1.0,0.023829365653459944,1.1799890029957176,0.8690076112633589,0.17568404110437044,0.1525344749305014,0.40028817560317603
"frozenset({'Cheese, Parmesan, hard type', 'Pasta, unenriched, dry, raw'})","frozenset({'Onion, raw'})",0.054587124105840684,0.16524295668680694,0.03284950343773873,0.6017811704834605,3.6417961924032003,1.0,0.023829365653459944,2.096226952217794,0.7672946314685829,0.17568404110437044,0.5229524174651,0.40028817560317603
"frozenset({'Garlic, raw'})","frozenset({'Cheese, Parmesan, hard type', 'Vegetable oil, olive oil', 'Onion, raw'})",0.14417667893603722,0.0526888441326944,0.027548209366391185,0.19107257546563905,3.6264332347931503,1.0,0.019951706802360795,1.1710706388927312,0.8462575616954564,0.1627016680339076,0.14608054647709515,0.35695983782069296
"frozenset({'Cheese, Parmesan, hard type', 'Vegetable oil, olive oil', 'Onion, raw'})","frozenset({'Garlic, raw'})",0.0526888441326944,0.14417667893603722,0.027548209366391185,0.5228471001757469,3.62643323479315,1.0,0.019951706802360795,1.7936039399093728,0.764529112150713,0.1627016680339076,0.44246331213426754,0.35695983782069296
"frozenset({'Celery, raw', 'Onion, raw'})","frozenset({'Vegetable oil, extra-virgin olive oil'})",0.0519943514595921,0.1275551542931222,0.02393684746625923,0.46037399821905606,3.6092151726077253,1.0,0.017304699943460136,1.6167583526878277,0.7625813782164625,0.1538232668848557,0.38147837718758626,0.32401640019845723
"frozenset({'Vegetable oil, extra-virgin olive oil'})","frozenset({'Celery, raw', 'Onion, raw'})",0.1275551542931222,0.0519943514595921,0.02393684746625923,0.18765880217785844,3.6092151726077253,1.0,0.017304699943460136,1.1670042724436211,0.8286271133107533,0.1538232668848557,0.14310510799924178,0.32401640019845723
"frozenset({'Cheese, Parmesan, hard type', 'Pasta, unenriched, dry, raw'})","frozenset({'Garlic, raw'})",0.054587124105840684,0.14417667893603722,0.02840475032988402,0.5203562340966921,3.6091567508469504,1.0,0.02053456006363461,1.7842894704410468,0.7646679958769456,0.166734610680799,0.4395528211278316,0.3586848607863036
"frozenset({'Garlic, raw'})","frozenset({'Cheese, Parmesan, hard type', 'Pasta, unenriched, dry, raw'})",0.14417667893603722,0.054587124105840684,0.02840475032988402,0.1970134874759152,3.6091567508469504,1.0,0.02053456006363461,1.1773708040529542,0.8447152014828256,0.166734610680799,0.1506499086289358,0.3586848607863036
"frozenset({'Onion, raw'})","frozenset({'Vegetable oil, olive oil', 'Beef, meat, lean and fat, raw'})",0.16524295668680694,0.04581336666898164,0.027293562052920342,0.16517231717567948,3.6053302602515545,1.0,0.019723225888761003,1.142974356220307,0.8656805060390025,0.1485260770975057,0.12508973227807818,0.38046387460603076
"frozenset({'Vegetable oil, olive oil', 'Beef, meat, lean and fat, raw'})","frozenset({'Onion, raw'})",0.04581336666898164,0.16524295668680694,0.027293562052920342,0.595755432036382,3.6053302602515545,1.0,0.019723225888761003,2.0649802358960114,0.7573286759973892,0.1485260770975057,0.5157338638807398,0.38046387460603076
"frozenset({'Garlic, raw', 'Water, tap water'})","frozenset({'Vegetable oil, olive oil', 'Onion, raw'})",0.043729888649674746,0.14605180915341343,0.023010857235456168,0.5262043409211223,3.6028608202202763,1.0,0.016624027884093853,1.8023554553175443,0.7554798384574904,0.1379789006107718,0.44517048673741383,0.3418785217048154
"frozenset({'Vegetable oil, olive oil', 'Onion, raw'})","frozenset({'Garlic, raw', 'Water, tap water'})",0.14605180915341343,0.043729888649674746,0.023010857235456168,0.1575527024885085,3.6028608202202763,1.0,0.016624027884093853,1.1351097144890314,0.8460030678540993,0.1379789006107718,0.11902789022455944,0.3418785217048154
"frozenset({'Vegetable oil, extra-virgin olive oil', 'Vegetable oil, olive oil'})","frozenset({'Tomato, salad type, raw'})",0.07650994282010325,0.07521355649697896,0.020626432391138275,0.26959152798789715,3.5843475637098163,1.0,0.01487184748425781,1.2661222849119653,0.7807438670268311,0.15733710047677912,0.21018687379826756,0.2719148775673558
"frozenset({'Tomato, salad type, raw'})","frozenset({'Vegetable oil, extra-virgin olive oil', 'Vegetable oil, olive oil'})",0.07521355649697896,0.07650994282010325,0.020626432391138275,0.2742382271468144,3.584347563709816,1.0,0.01487184748425781,1.2724424070303157,0.7796494028095109,0.15733710047677912,0.21410981394918632,0.2719148775673558
"frozenset({'Vegetable oil, extra-virgin olive oil'})","frozenset({'Carrots, raw', 'Onion, raw'})",0.1275551542931222,0.05201750121536218,0.023774799175868694,0.18638838475499095,3.58318605085062,1.0,0.0171396987824005,1.1651535954279175,0.8263201568373785,0.1526002971768202,0.14174405509795712,0.32172111716610247
"frozenset({'Carrots, raw', 'Onion, raw'})","frozenset({'Vegetable oil, extra-virgin olive oil'})",0.05201750121536218,0.1275551542931222,0.023774799175868694,0.457053849577214,3.5831860508506197,1.0,0.0171396987824005,1.6068717772978316,0.7604768681497017,0.1526002971768202,0.377672808665771,0.32172111716610247
"frozenset({'Cheese, Parmesan, hard type', 'Vegetable oil, olive oil'})","frozenset({'Tomato, peeled tomato, canned', 'Pasta, unenriched, dry, raw'})",0.09660393082852976,0.07301432969882168,0.025210084033613446,0.2609633357296909,3.5741386219135878,1.0,0.01815661277789701,1.2543162134133647,0.7972276296454425,0.17457518435395958,0.20275287100155975,0.3031195879663039
"frozenset({'Tomato, peeled tomato, canned', 'Pasta, unenriched, dry, raw'})","frozenset({'Cheese, Parmesan, hard type', 'Vegetable oil, olive oil'})",0.07301432969882168,0.09660393082852976,0.025210084033613446,0.3452758402029169,3.5741386219135878,1.0,0.01815661277789701,1.3798117201776352,0.7769400649123129,0.17457518435395958,0.27526343965881,0.3031195879663039
"frozenset({'Tomato, peeled tomato, canned'})","frozenset({'Cheese, Parmesan, hard type', 'Vegetable oil, olive oil'})",0.09803921568627451,0.09660393082852976,0.03382179318008195,0.3449822904368359,3.571099928109274,1.0,0.02435081956944178,1.3791933500148437,0.7982323006874387,0.210306607168562,0.27493849938499393,0.34754506326299023
"frozenset({'Cheese, Parmesan, hard type', 'Vegetable oil, olive oil'})","frozenset({'Tomato, peeled tomato, canned'})",0.09660393082852976,0.09803921568627451,0.03382179318008195,0.35010783608914453,3.571099928109274,1.0,0.02435081956944178,1.387862224535832,0.7969640964376791,0.210306607168562,0.2794673834901385,0.34754506326299023
"frozenset({'Celery, raw'})","frozenset({'Vegetable oil, extra-virgin olive oil'})",0.054216728013519455,0.1275551542931222,0.024677639650901684,0.45516652433817256,3.568389900514708,1.0,0.01776201654386897,1.6013055083428749,0.7610216702413676,0.157088122605364,0.375509548434103,0.3243164745102841
"frozenset({'Vegetable oil, extra-virgin olive oil'})","frozenset({'Celery, raw'})",0.1275551542931222,0.054216728013519455,0.024677639650901684,0.19346642468239567,3.568389900514708,1.0,0.01776201654386897,1.1726520766529045,0.8249937733889954,0.157088122605364,0.1472321416474225,0.3243164745102841
"frozenset({'Parsley, raw'})","frozenset({'Carrots, raw', 'Vegetable oil, olive oil'})",0.1149848369099706,0.04979512466143482,0.020418084589207585,0.17757197503523253,3.5660514205471596,1.0,0.014692400301100847,1.1553653894263534,0.8130683243739557,0.14143681847338035,0.13447294756119815,0.2938069080197083
"frozenset({'Carrots, raw', 'Vegetable oil, olive oil'})","frozenset({'Parsley, raw'})",0.04979512466143482,0.1149848369099706,0.020418084589207585,0.4100418410041841,3.566051420547159,1.0,0.014692400301100847,1.5001320849540216,0.7572869960730966,0.14143681847338035,0.333392032588484,0.2938069080197083
"frozenset({'Vegetable oil, extra-virgin olive oil', 'Onion, raw'})","frozenset({'Vegetable oil, olive oil', 'Pasta, unenriched, dry, raw'})",0.04984142417297498,0.1292450864643378,0.022964557723916014,0.46075243845796565,3.5649512957314604,1.0,0.016522798547174127,1.61475911183659,0.7572328211502369,0.14709371293001186,0.3807125826572218,0.31921734407225705
"frozenset({'Vegetable oil, olive oil', 'Pasta, unenriched, dry, raw'})","frozenset({'Vegetable oil, extra-virgin olive oil', 'Onion, raw'})",0.1292450864643378,0.04984142417297498,0.022964557723916014,0.17768224968654847,3.5649512957314604,1.0,0.016522798547174127,1.15546402283648,0.8262844661905228,0.14709371293001186,0.13454683119846592,0.31921734407225705
"frozenset({'Onion, raw'})","frozenset({'Beef, meat, lean and fat, raw'})",0.16524295668680694,0.05627705627705628,0.03305785123966942,0.20005603810591205,3.5548419078819755,1.0,0.023758464066818814,1.1797363173895572,0.8609613345324264,0.17540842648323302,0.1523529578094756,0.39373431275924975
"frozenset({'Beef, meat, lean and fat, raw'})","frozenset({'Onion, raw'})",0.05627705627705628,0.16524295668680694,0.03305785123966942,0.5874125874125874,3.5548419078819755,1.0,0.023758464066818814,2.0232246981997726,0.7615514095546475,0.17540842648323302,0.5057395251798869,0.39373431275924975
"frozenset({'Pasta, unenriched, dry, raw'})","frozenset({'Celery, raw', 'Vegetable oil, olive oil'})",0.1468620506053661,0.03916938676296965,0.02044123434497766,0.13918663303909207,3.5534544842728484,1.0,0.014688737884013254,1.1161892346412232,0.8422831316080271,0.12344470851391023,0.10409456661582121,0.3305271226661181
"frozenset({'Celery, raw', 'Vegetable oil, olive oil'})","frozenset({'Pasta, unenriched, dry, raw'})",0.03916938676296965,0.1468620506053661,0.02044123434497766,0.5218676122931442,3.553454484272848,1.0,0.014688737884013254,1.7843132390305565,0.7478776111107246,0.12344470851391023,0.4395602867670732,0.3305271226661181
"frozenset({'Garlic, raw', 'Onion, raw'})","frozenset({'Parsley, raw', 'Vegetable oil, olive oil'})",0.08056115007986665,0.11139662476560873,0.031877213695395513,0.39568965517241383,3.5520793920371485,1.0,0.02290297348926272,1.470442104524813,0.7814274554565052,0.19913232104121473,0.3199324224171619,0.34092462808496005
"frozenset({'Parsley, raw', 'Vegetable oil, olive oil'})","frozenset({'Garlic, raw', 'Onion, raw'})",0.11139662476560873,0.08056115007986665,0.031877213695395513,0.2861596009975062,3.5520793920371485,1.0,0.02290297348926272,1.2880173932505623,0.8085438126446793,0.19913232104121473,0.22361296886193005,0.34092462808496005
"frozenset({'Water, tap water', 'Vegetable oil, olive oil', 'Onion, raw'})","frozenset({'Garlic, raw'})",0.044979975461258884,0.14417667893603722,0.023010857235456168,0.5115800308800824,3.5482855802708606,1.0,0.016525793754827413,1.7522283591436036,0.7519986355325924,0.13849797965723842,0.42929813070212663,0.3355909146051022
"frozenset({'Garlic, raw'})","frozenset({'Water, tap water', 'Vegetable oil, olive oil', 'Onion, raw'})",0.14417667893603722,0.044979975461258884,0.023010857235456168,0.15960179833012203,3.54828558027086,1.0,0.016525793754827413,1.1363898954580205,0.8391612353664305,0.13849797965723842,0.12002033457279976,0.3355909146051022
"frozenset({'Sugar', 'Vegetable oil, olive oil'})","frozenset({'Egg, chicken, whole, raw, fresh'})",0.07238928629302961,0.10810935944625784,0.027756557168321875,0.38343460185481293,3.546729014201789,1.0,0.01993059779641067,1.4465466976200994,0.774085571267796,0.18172173385874507,0.3086984321728231,0.3200898919338304
"frozenset({'Egg, chicken, whole, raw, fresh'})","frozenset({'Sugar', 'Vegetable oil, olive oil'})",0.10810935944625784,0.07238928629302961,0.027756557168321875,0.25674518201284796,3.5467290142017887,1.0,0.01993059779641067,1.248038615099842,0.805087570812692,0.18172173385874507,0.1987427408886697,0.3200898919338304
"frozenset({'Pasta, unenriched, dry, raw'})","frozenset({'Water, tap water', 'Onion, raw'})",0.1468620506053661,0.0505127670903072,0.026298122554807048,0.17906683480453972,3.544981697090606,1.0,0.01887971399817328,1.1565950471542032,0.841494739473118,0.1537212449255751,0.13539315038526642,0.34984505809887845
"frozenset({'Water, tap water', 'Onion, raw'})","frozenset({'Pasta, unenriched, dry, raw'})",0.0505127670903072,0.1468620506053661,0.026298122554807048,0.5206232813932172,3.544981697090606,1.0,0.01887971399817328,1.7796816496932037,0.7561040017994104,0.1537212449255751,0.43810175253962513,0.34984505809887845
"frozenset({'Garlic, raw', 'Onion, raw'})","frozenset({'Cheese, Parmesan, hard type', 'Vegetable oil, olive oil'})",0.08056115007986665,0.09660393082852976,0.027548209366391185,0.3419540229885058,3.539752679375625,1.0,0.01976568559660894,1.372846428260575,0.780361181408888,0.1841250193408634,0.27158640659682465,0.31356028491864785
"frozenset({'Cheese, Parmesan, hard type', 'Vegetable oil, olive oil'})","frozenset({'Garlic, raw', 'Onion, raw'})",0.09660393082852976,0.08056115007986665,0.027548209366391185,0.28516654684878984,3.539752679375625,1.0,0.01976568559660894,1.2862280659459324,0.7942190713923946,0.1841250193408634,0.22253290339721468,0.31356028491864785
"frozenset({'Onion, raw'})","frozenset({'Parsley, raw', 'Vegetable oil, olive oil', 'Pasta, unenriched, dry, raw'})",0.16524295668680694,0.044841076926638426,0.02620552353172674,0.15858783973101712,3.536664384543493,1.0,0.01879585139934845,1.135185546603006,0.85922928431878,0.1425154223844895,0.11908674049589787,0.3714983597209551
"frozenset({'Parsley, raw', 'Vegetable oil, olive oil', 'Pasta, unenriched, dry, raw'})","frozenset({'Onion, raw'})",0.044841076926638426,0.16524295668680694,0.02620552353172674,0.5844088797108931,3.5366643845434926,1.0,0.01879585139934845,2.0086017303076455,0.7509197470492216,0.1425154223844895,0.5021412234635306,0.3714983597209551
"frozenset({'Parsley, raw'})","frozenset({'Potato, raw', 'Vegetable oil, olive oil'})",0.1149848369099706,0.06907887121790865,0.028034354237562793,0.24380914032615258,3.529431445934589,1.0,0.020091331496646707,1.2310663596008113,0.8097807546267508,0.17967359050445103,0.1876961041123222,0.3248201197609315
"frozenset({'Potato, raw', 'Vegetable oil, olive oil'})","frozenset({'Parsley, raw'})",0.06907887121790865,0.1149848369099706,0.028034354237562793,0.4058310991957105,3.529431445934589,1.0,0.020091331496646707,1.4895009851441894,0.7698485129033069,0.17967359050445103,0.32863421375770613,0.3248201197609315
"frozenset({'Cheese, Parmesan, hard type', 'Vegetable oil, olive oil'})","frozenset({'Garlic, raw', 'Pasta, unenriched, dry, raw'})",0.09660393082852976,0.08292242516841447,0.028242702039493483,0.2923556194584232,3.525652064138891,1.0,0.020232069814390036,1.29595825254731,0.7929683876756801,0.18668706962509563,0.22837020557227078,0.3164737337939799
"frozenset({'Garlic, raw', 'Pasta, unenriched, dry, raw'})","frozenset({'Cheese, Parmesan, hard type', 'Vegetable oil, olive oil'})",0.08292242516841447,0.09660393082852976,0.028242702039493483,0.3405918481295366,3.5256520641388907,1.0,0.020232069814390036,1.370010465610587,0.7811384162730213,0.18668706962509563,0.2700785686667587,0.3164737337939799
"frozenset({'Onion, raw', 'Pasta, unenriched, dry, raw'})","frozenset({'Carrots, raw'})",0.09044609579368938,0.06826862976595596,0.021760770423872026,0.24059380598925004,3.5242219862046915,1.0,0.01558613939635646,1.2269209516361341,0.787473316257182,0.15889114266396215,0.1849515662223622,0.2796729626758729
"frozenset({'Carrots, raw'})","frozenset({'Onion, raw', 'Pasta, unenriched, dry, raw'})",0.06826862976595596,0.09044609579368938,0.021760770423872026,0.31875211936249576,3.524221986204691,1.0,0.01558613939635646,1.3351291505746194,0.7687295417348609,0.15889114266396215,0.2510087884983896,0.2796729626758729
"frozenset({'Cheese, Parmesan, hard type', 'Vegetable oil, olive oil', 'Onion, raw'})","frozenset({'Egg, chicken, whole, raw, fresh'})",0.0526888441326944,0.10810935944625784,0.020070838252656435,0.38093145869947276,3.5235752080173715,1.0,0.014374681063507122,1.4406977273955408,0.7560317856667419,0.14262214179963809,0.30589187378828164,0.2832922818122632
"frozenset({'Egg, chicken, whole, raw, fresh'})","frozenset({'Cheese, Parmesan, hard type', 'Vegetable oil, olive oil', 'Onion, raw'})",0.10810935944625784,0.0526888441326944,0.020070838252656435,0.18565310492505355,3.5235752080173715,1.0,0.014374681063507122,1.1632771753616402,0.8030102707521671,0.14262214179963809,0.14035964843106322,0.2832922818122632
"frozenset({'Alcoholic beverage, wine, red wine, table type'})","frozenset({'Tomato, peeled tomato, canned', 'Onion, raw', 'Pasta, unenriched, dry, raw'})",0.08921915873787531,0.06884737366020789,0.02162187188925157,0.24234561494551118,3.520041536247897,1.0,0.015479367129975666,1.2289939116142325,0.786042493131701,0.15846623685103495,0.18632631899165267,0.2782003797659634
"frozenset({'Tomato, peeled tomato, canned', 'Onion, raw', 'Pasta, unenriched, dry, raw'})","frozenset({'Alcoholic beverage, wine, red wine, table type'})",0.06884737366020789,0.08921915873787531,0.02162187188925157,0.3140551445864156,3.520041536247897,1.0,0.015479367129975666,1.3277755989772346,0.768845431899175,0.15846623685103495,0.24686068883154297,0.2782003797659634
frozenset({'Meat extract'}),"frozenset({'Cheese, Parmesan, hard type'})",0.047989443711368845,0.11905919392550408,0.020070838252656435,0.4182344428364689,3.5128277711854845,1.0,0.014357253767447509,1.5142539726305388,0.7513877347571309,0.13655693810048825,0.33960879873881716,0.29340654671475397
"frozenset({'Cheese, Parmesan, hard type'})",frozenset({'Meat extract'}),0.11905919392550408,0.047989443711368845,0.020070838252656435,0.1685786505930391,3.5128277711854845,1.0,0.014357253767447509,1.1450398248345253,0.8120058129014623,0.13655693810048825,0.1266679303975175,0.29340654671475397
"frozenset({'Parsley, raw', 'Pasta, unenriched, dry, raw'})","frozenset({'Onion, raw'})",0.04558186911128088,0.16524295668680694,0.026367571822117276,0.5784662265109193,3.5007012589790114,1.0,0.018835488998858188,1.9802850822694906,0.7484591138100696,0.14294678714859438,0.49502220212962594,0.36901736654769834
"frozenset({'Onion, raw'})","frozenset({'Parsley, raw', 'Pasta, unenriched, dry, raw'})",0.16524295668680694,0.04558186911128088,0.026367571822117276,0.15956850658447747,3.500701258979011,1.0,0.018835488998858188,1.135628707831918,0.8557495311617502,0.14294678714859438,0.11943050303021426,0.36901736654769834
"frozenset({'Lettuce, raw'})","frozenset({'Vegetable oil, extra-virgin olive oil'})",0.08840891728592264,0.1275551542931222,0.03935458480913026,0.44514270751505625,3.4898057235077835,1.0,0.02807757172383652,1.572377001299937,0.7826437873640999,0.22283392318783588,0.3640202068757896,0.37683632653429766
"frozenset({'Vegetable oil, extra-virgin olive oil'})","frozenset({'Lettuce, raw'})",0.1275551542931222,0.08840891728592264,0.03935458480913026,0.308529945553539,3.4898057235077835,1.0,0.02807757172383652,1.3183377600405688,0.8177606882697888,0.22283392318783588,0.2414690451032613,0.37683632653429766
"frozenset({'Parsley, raw', 'Garlic, raw', 'Vegetable oil, olive oil'})","frozenset({'Pasta, unenriched, dry, raw'})",0.07044470680834317,0.1468620506053661,0.036067319489779384,0.5119947420308907,3.486229015054916,1.0,0.02572166539361231,1.7482146666719673,0.7672024643505048,0.19900370417677868,0.42798786724305715,0.37879056143158657
"frozenset({'Pasta, unenriched, dry, raw'})","frozenset({'Parsley, raw', 'Garlic, raw', 'Vegetable oil, olive oil'})",0.1468620506053661,0.07044470680834317,0.036067319489779384,0.24558638083228249,3.4862290150549153,1.0,0.02572166539361231,1.2321560342682556,0.8359223876897449,0.19900370417677868,0.1884144765854487,0.37879056143158657
"frozenset({'Tomato, peeled tomato, canned', 'Onion, raw'})","frozenset({'Alcoholic beverage, wine, red wine, table type'})",0.0815102900664398,0.08921915873787531,0.025279533300923675,0.3101391650099404,3.476149847154747,1.0,0.01800725379271572,1.320238510532705,0.7755398858962727,0.17380232373070187,0.2425611039049995,0.2967405736829671
"frozenset({'Alcoholic beverage, wine, red wine, table type'})","frozenset({'Tomato, peeled tomato, canned', 'Onion, raw'})",0.08921915873787531,0.0815102900664398,0.025279533300923675,0.2833419823559938,3.4761498471547467,1.0,0.01800725379271572,1.2816290159608763,0.7821040722065047,0.17380232373070187,0.21974300866599114,0.2967405736829671
"frozenset({'Garlic, raw', 'Vegetable oil, olive oil', 'Onion, raw'})","frozenset({'Parsley, raw'})",0.07982035789522421,0.1149848369099706,0.031877213695395513,0.3993619489559165,3.473170547422735,1.0,0.022699082860717673,1.4734583690653893,0.7738474139458947,0.19565217391304346,0.3213245647148502,0.33829583254117546
"frozenset({'Parsley, raw'})","frozenset({'Garlic, raw', 'Vegetable oil, olive oil', 'Onion, raw'})",0.1149848369099706,0.07982035789522421,0.031877213695395513,0.27722971612643443,3.4731705474227343,1.0,0.022699082860717673,1.2731287694524849,0.8045948432366039,0.19565217391304346,0.21453349889339576,0.33829583254117546
"frozenset({'Parsley, raw'})","frozenset({'Garlic, raw', 'Onion, raw'})",0.1149848369099706,0.08056115007986665,0.03213186100886636,0.27944433259512785,3.4687232284803846,1.0,0.022868550305653226,1.276013626027746,0.8041777320796847,0.19662841762289276,0.2163093092406712,0.33914745365388577
"frozenset({'Garlic, raw', 'Onion, raw'})","frozenset({'Parsley, raw'})",0.08056115007986665,0.1149848369099706,0.03213186100886636,0.3988505747126437,3.468723228480384,1.0,0.022868550305653226,1.4722049558094177,0.7740694085002982,0.19662841762289276,0.3207467506110926,0.33914745365388577
"frozenset({'Pasta, unenriched, dry, raw'})","frozenset({'Parsley, raw', 'Garlic, raw'})",0.1468620506053661,0.07197259068916823,0.036460865337870685,0.24826607818411098,3.4494531294046453,1.0,0.02589082308187876,1.2345158072274935,0.8323378123036226,0.19992383853769993,0.18996581967968074,0.3774299191177872
"frozenset({'Parsley, raw', 'Garlic, raw'})","frozenset({'Pasta, unenriched, dry, raw'})",0.07197259068916823,0.1468620506053661,0.036460865337870685,0.5065937600514635,3.4494531294046453,1.0,0.02589082308187876,1.7290781516740004,0.7651702603478697,0.19992383853769993,0.4216571419679014,0.3774299191177872
"frozenset({'Alcoholic beverage, wine, red wine, table type'})","frozenset({'Onion, raw', 'Pasta, unenriched, dry, raw'})",0.08921915873787531,0.09044609579368938,0.02780285667986203,0.31162428645563056,3.445414461741457,1.0,0.019733332102023778,1.3213044654395483,0.7792864366749251,0.18307926829268298,0.24317216345186746,0.3095106331177564
"frozenset({'Onion, raw', 'Pasta, unenriched, dry, raw'})","frozenset({'Alcoholic beverage, wine, red wine, table type'})",0.09044609579368938,0.08921915873787531,0.02780285667986203,0.30739697977988223,3.4454144617414566,1.0,0.019733332102023778,1.315011362457916,0.7803376502443772,0.18307926829268298,0.23955029701729846,0.3095106331177564
"frozenset({'Onion, raw', 'Pasta, unenriched, dry, raw'})","frozenset({'Cheese, Parmesan, hard type', 'Vegetable oil, olive oil'})",0.09044609579368938,0.09660393082852976,0.030071532745329536,0.3324801638085487,3.441683593586839,1.0,0.02133408436356539,1.3533621327656955,0.7799917355226164,0.19156466597846922,0.26109946791814986,0.32188350390283654
"frozenset({'Cheese, Parmesan, hard type', 'Vegetable oil, olive oil'})","frozenset({'Onion, raw', 'Pasta, unenriched, dry, raw'})",0.09660393082852976,0.09044609579368938,0.030071532745329536,0.31128684399712436,3.441683593586839,1.0,0.02133408436356539,1.3206570780281608,0.7853084073565909,0.19156466597846922,0.24280116569467497,0.32188350390283654
"frozenset({'Alcoholic beverage, wine, red wine, table type'})","frozenset({'Tomato, peeled tomato, canned', 'Pasta, unenriched, dry, raw'})",0.08921915873787531,0.07301432969882168,0.0223858138296641,0.2509081473793462,3.4364233488730553,1.0,0.015871536758125363,1.2374793118603191,0.7784526567590355,0.16007283562324118,0.19190568245000666,0.2787514738164962
"frozenset({'Tomato, peeled tomato, canned', 'Pasta, unenriched, dry, raw'})","frozenset({'Alcoholic beverage, wine, red wine, table type'})",0.07301432969882168,0.08921915873787531,0.0223858138296641,0.30659480025364616,3.436423348873055,1.0,0.015871536758125363,1.313490065542177,0.7648443641802747,0.16007283562324118,0.23866953680595668,0.2787514738164962
"frozenset({'Garlic, raw', 'Vegetable oil, olive oil'})","frozenset({'Onion, raw'})",0.1411209111743871,0.16524295668680694,0.07982035789522421,0.5656167979002625,3.422940434140886,1.0,0.05650112128243223,1.9217065468418524,0.8241596855038774,0.35234007766196607,0.4796291860256148,0.5243326354309382
"frozenset({'Onion, raw'})","frozenset({'Garlic, raw', 'Vegetable oil, olive oil'})",0.16524295668680694,0.1411209111743871,0.07982035789522421,0.48304847296161396,3.4229404341408856,1.0,0.05650112128243223,1.6614306059721482,0.8479754982633838,0.35234007766196607,0.3981090775591719,0.5243326354309382
"frozenset({'Water, tap water', 'Pasta, unenriched, dry, raw'})","frozenset({'Vegetable oil, olive oil', 'Onion, raw'})",0.04984142417297498,0.14605180915341343,0.02483968794129222,0.4983743613562471,3.4123121394049463,1.0,0.017560257770046554,1.702361532308056,0.7440269361101168,0.1452158614156178,0.4125807115459175,0.3342244290534604
"frozenset({'Vegetable oil, olive oil', 'Onion, raw'})","frozenset({'Water, tap water', 'Pasta, unenriched, dry, raw'})",0.14605180915341343,0.04984142417297498,0.02483968794129222,0.17007449675067365,3.4123121394049463,1.0,0.017560257770046554,1.144872126602884,0.8278530027570927,0.1452158614156178,0.12654000672787374,0.3342244290534604
"frozenset({'Parsley, raw', 'Vegetable oil, olive oil', 'Onion, raw'})","frozenset({'Pasta, unenriched, dry, raw'})",0.052596245109614095,0.1468620506053661,0.02620552353172674,0.4982394366197183,3.3925676140702983,1.0,0.018481131120786354,1.7002889658110596,0.7443901301829814,0.15125601282736503,0.41186467705918034,0.3383378772001492
"frozenset({'Pasta, unenriched, dry, raw'})","frozenset({'Parsley, raw', 'Vegetable oil, olive oil', 'Onion, raw'})",0.1468620506053661,0.052596245109614095,0.02620552353172674,0.17843631778058008,3.3925676140702983,1.0,0.018481131120786354,1.1531714161597484,0.8266400585498743,0.15125601282736503,0.13282623382205785,0.3383378772001492
"frozenset({'Garlic, raw'})","frozenset({'Onion, raw'})",0.14417667893603722,0.16524295668680694,0.08056115007986665,0.558766859344894,3.381486694189043,1.0,0.05673696936719139,1.8918729496923457,0.8229176169036313,0.3520129476026705,0.47142327915697574,0.5231491903897347
"frozenset({'Onion, raw'})","frozenset({'Garlic, raw'})",0.16524295668680694,0.14417667893603722,0.08056115007986665,0.4875315214345755,3.381486694189043,1.0,0.05673696936719139,1.6700018769148621,0.8436851099395531,0.3520129476026705,0.4011982777843426,0.5231491903897347
"frozenset({'Water, tap water', 'Pasta, unenriched, dry, raw'})","frozenset({'Garlic, raw', 'Vegetable oil, olive oil'})",0.04984142417297498,0.1411209111743871,0.02375164942009862,0.47654435671156525,3.376851472583577,1.0,0.01671798222657927,1.6407867597529233,0.7407880916272425,0.14204624117402742,0.39053628141746816,0.32242572166286926
"frozenset({'Garlic, raw', 'Vegetable oil, olive oil'})","frozenset({'Water, tap water', 'Pasta, unenriched, dry, raw'})",0.1411209111743871,0.04984142417297498,0.02375164942009862,0.16830708661417323,3.376851472583577,1.0,0.01671798222657927,1.1424391870298904,0.8195171675358761,0.14204624117402742,0.1246798855002544,0.32242572166286926
"frozenset({'Garlic, raw'})","frozenset({'Water, tap water', 'Pasta, unenriched, dry, raw'})",0.14417667893603722,0.04984142417297498,0.024191494779730073,0.16779062299293512,3.3664893364727444,1.0,0.017005523769028214,1.1417301968455935,0.8213782373722921,0.14244820065430752,0.12413633031443862,0.3265799375995795
"frozenset({'Water, tap water', 'Pasta, unenriched, dry, raw'})","frozenset({'Garlic, raw'})",0.04984142417297498,0.14417667893603722,0.024191494779730073,0.48536925220622384,3.3664893364727444,1.0,0.017005523769028214,1.6629852078075016,0.7398287705247116,0.14244820065430752,0.39867174085185564,0.3265799375995795
"frozenset({'Pasta, unenriched, dry, raw'})","frozenset({'Parsley, raw', 'Onion, raw'})",0.1468620506053661,0.05349908558464708,0.026367571822117276,0.17953972257250947,3.3559400242166557,1.0,0.018510586407644025,1.1536218637946203,0.8228691467109904,0.15154337413517827,0.1331648338297875,0.33619997811879476
"frozenset({'Parsley, raw', 'Onion, raw'})","frozenset({'Pasta, unenriched, dry, raw'})",0.05349908558464708,0.1468620506053661,0.026367571822117276,0.49286023366508,3.3559400242166553,1.0,0.018510586407644025,1.6822540964598964,0.7417012342547602,0.15154337413517827,0.4055594799237637,0.33619997811879476
"frozenset({'Celery, raw', 'Onion, raw'})","frozenset({'Pasta, unenriched, dry, raw'})",0.0519943514595921,0.1468620506053661,0.02558048012593467,0.4919857524487979,3.3499855845729387,1.0,0.017944483050682865,1.6793583123053002,0.7399652669546244,0.14762859051436206,0.40453446255476416,0.33308304015882517
"frozenset({'Pasta, unenriched, dry, raw'})","frozenset({'Celery, raw', 'Onion, raw'})",0.1468620506053661,0.0519943514595921,0.02558048012593467,0.17418032786885246,3.3499855845729383,1.0,0.017944483050682865,1.1479572121283352,0.8222483284144799,0.14762859051436206,0.1288873928097194,0.33308304015882517
"frozenset({'Cheese, Parmesan, hard type'})","frozenset({'Vegetable oil, olive oil', 'Tomato, peeled tomato, canned'})",0.11905919392550408,0.08526055050119222,0.03382179318008195,0.28407544234882365,3.3318509050073675,1.0,0.023670740763765276,1.2777036905954287,0.7944535174932615,0.19837067209775966,0.21734592506813116,0.34038146268948105
"frozenset({'Vegetable oil, olive oil', 'Tomato, peeled tomato, canned'})","frozenset({'Cheese, Parmesan, hard type'})",0.08526055050119222,0.11905919392550408,0.03382179318008195,0.39668748303013845,3.3318509050073675,1.0,0.023670740763765276,1.460173262273793,0.7650993104896637,0.19837067209775966,0.31514976623884194,0.34038146268948105
"frozenset({'Onion, raw'})",frozenset({'Meat extract'}),0.16524295668680694,0.047989443711368845,0.02641387133365743,0.15984869711403757,3.330913733350256,1.0,0.018483953765035747,1.1331417960293897,0.8383062873464341,0.14138785625774475,0.11749791287897775,0.3551293654407622
frozenset({'Meat extract'}),"frozenset({'Onion, raw'})",0.047989443711368845,0.16524295668680694,0.02641387133365743,0.5504100337674868,3.330913733350256,1.0,0.018483953765035747,1.856707457927306,0.7350570570816328,0.14138785625774475,0.46141219192584726,0.3551293654407622
"frozenset({'Beef, meat, lean and fat, raw'})","frozenset({'Vegetable oil, olive oil', 'Onion, raw'})",0.05627705627705628,0.14605180915341343,0.027293562052920342,0.48498560263266144,3.3206408427521126,1.0,0.019074196169827813,1.6581054728019584,0.7405280481826458,0.15593175505885465,0.3969020569541064,0.3359307471080568
"frozenset({'Vegetable oil, olive oil', 'Onion, raw'})","frozenset({'Beef, meat, lean and fat, raw'})",0.14605180915341343,0.05627705627705628,0.027293562052920342,0.18687589158345222,3.3206408427521126,1.0,0.019074196169827813,1.1606136553504975,0.8183790504286961,0.15593175505885465,0.1383868392466856,0.3359307471080568
"frozenset({'Vegetable oil, extra-virgin olive oil', 'Vegetable oil, olive oil'})","frozenset({'Onion, raw', 'Pasta, unenriched, dry, raw'})",0.07650994282010325,0.09044609579368938,0.022964557723916014,0.3001512859304085,3.3185654206132216,1.0,0.01604453210643926,1.29964360285424,0.7565484519897272,0.1594855305466238,0.23055828705359774,0.27702726825314894
"frozenset({'Onion, raw', 'Pasta, unenriched, dry, raw'})","frozenset({'Vegetable oil, extra-virgin olive oil', 'Vegetable oil, olive oil'})",0.09044609579368938,0.07650994282010325,0.022964557723916014,0.2539032505758894,3.318565420613221,1.0,0.01604453210643926,1.2377618021961772,0.7681402607985287,0.1594855305466238,0.1920901111783489,0.27702726825314894
"frozenset({'Onion, raw'})","frozenset({'Garlic, raw', 'Water, tap water', 'Vegetable oil, olive oil'})",0.16524295668680694,0.04203995647845915,0.023010857235456168,0.13925469319137015,3.312436663979965,1.0,0.016064050527970893,1.1129425115001235,0.8363001436891685,0.1248743718592965,0.10148099325264293,0.34330576069260144
"frozenset({'Garlic, raw', 'Water, tap water', 'Vegetable oil, olive oil'})","frozenset({'Onion, raw'})",0.04203995647845915,0.16524295668680694,0.023010857235456168,0.5473568281938327,3.312436663979965,1.0,0.016064050527970893,1.844183443621361,0.7287437925929225,0.1248743718592965,0.4577545940677499,0.34330576069260144
"frozenset({'Vegetable oil, extra-virgin olive oil', 'Pasta, unenriched, dry, raw'})","frozenset({'Garlic, raw'})",0.043035395976572445,0.14417667893603722,0.02051068361228789,0.4766003227541689,3.3056686162510975,1.0,0.014305983143688375,1.6351238991345391,0.7288559425370346,0.12303846687960006,0.3884255495688776,0.3094305403109316
"frozenset({'Garlic, raw'})","frozenset({'Vegetable oil, extra-virgin olive oil', 'Pasta, unenriched, dry, raw'})",0.14417667893603722,0.043035395976572445,0.02051068361228789,0.14226075786769427,3.305668616251097,1.0,0.014305983143688375,1.1156824323957144,0.8149922084069339,0.12303846687960006,0.10368759876169117,0.3094305403109316
"frozenset({'Cheese, Parmesan, hard type'})","frozenset({'Garlic, raw', 'Tomato, peeled tomato, canned', 'Onion, raw'})",0.11905919392550408,0.05324443827117624,0.020927379216149268,0.17577289519735562,3.301244240800074,1.0,0.014588139314566765,1.1486586114582074,0.7912948344016025,0.1382474384462456,0.12941931569161969,0.2844081867291126
"frozenset({'Garlic, raw', 'Tomato, peeled tomato, canned', 'Onion, raw'})","frozenset({'Cheese, Parmesan, hard type'})",0.05324443827117624,0.11905919392550408,0.020927379216149268,0.39304347826086955,3.301244240800074,1.0,0.014588139314566765,1.4514067721857742,0.7362871024358408,0.1382474384462456,0.31101327404306467,0.2844081867291126
"frozenset({'Onion, raw'})","frozenset({'Cheese, Parmesan, hard type', 'Vegetable oil, olive oil'})",0.16524295668680694,0.09660393082852976,0.0526888441326944,0.31885682263939485,3.3006609555604935,1.0,0.036725724975020364,1.3262939411242194,0.8350098800681621,0.2519092418372994,0.24601932573682708,0.4321338989784561
"frozenset({'Cheese, Parmesan, hard type', 'Vegetable oil, olive oil'})","frozenset({'Onion, raw'})",0.09660393082852976,0.16524295668680694,0.0526888441326944,0.5454109753175174,3.300660955560493,1.0,0.036725724975020364,1.8362894790437292,0.7715667605929135,0.2519092418372994,0.4554235530877395,0.4321338989784561
"frozenset({'Cheese, Parmesan, hard type', 'Onion, raw'})","frozenset({'Egg, chicken, whole, raw, fresh'})",0.05970322013102762,0.10810935944625784,0.021297775308470497,0.3567274137262505,3.2996903834545703,1.0,0.014843298423226174,1.3864894285642562,0.7411928637335771,0.1453626165270975,0.27875396710703776,0.27686477752693683
"frozenset({'Egg, chicken, whole, raw, fresh'})","frozenset({'Cheese, Parmesan, hard type', 'Onion, raw'})",0.10810935944625784,0.05970322013102762,0.021297775308470497,0.19700214132762314,3.2996903834545703,1.0,0.014843298423226174,1.170982923196827,0.7814200882272285,0.1453626165270975,0.14601658129226788,0.27686477752693683
"frozenset({'Cheese, Parmesan, hard type'})","frozenset({'Garlic, raw', 'Tomato, peeled tomato, canned', 'Vegetable oil, olive oil', 'Onion, raw'})",0.11905919392550408,0.05319813875963609,0.020881079704609118,0.17538401711063584,3.2968073921358294,1.0,0.01454735218554973,1.148173065871066,0.7908320735022714,0.13794158128154152,0.1290511598603422,0.28394962387298545
"frozenset({'Garlic, raw', 'Tomato, peeled tomato, canned', 'Vegetable oil, olive oil', 'Onion, raw'})","frozenset({'Cheese, Parmesan, hard type'})",0.05319813875963609,0.11905919392550408,0.020881079704609118,0.39251523063533506,3.296807392135829,1.0,0.01454735218554973,1.450144679340395,0.7358205267868514,0.13794158128154152,0.3104136337245643,0.28394962387298545
"frozenset({'Vegetable oil, extra-virgin olive oil', 'Vegetable oil, olive oil'})","frozenset({'Tomato, peeled tomato, canned'})",0.07650994282010325,0.09803921568627451,0.024723939162441835,0.3231467473524962,3.2960968229954615,1.0,0.017222964376157203,1.332579522644999,0.7543241518016247,0.1650185414091471,0.24957574162994148,0.28766546340470145
"frozenset({'Tomato, peeled tomato, canned'})","frozenset({'Vegetable oil, extra-virgin olive oil', 'Vegetable oil, olive oil'})",0.09803921568627451,0.07650994282010325,0.024723939162441835,0.25218417945690674,3.2960968229954615,1.0,0.017222964376157203,1.2349164484233859,0.7723294251750529,0.1650185414091471,0.19022861726661988,0.28766546340470145
"frozenset({'Cheese, Parmesan, hard type'})","frozenset({'Tomato, peeled tomato, canned', 'Onion, raw', 'Pasta, unenriched, dry, raw'})",0.11905919392550408,0.06884737366020789,0.027015764983679424,0.2269103636010111,3.295846326991552,1.0,0.01881885217180709,1.2044562266764465,0.7907316707611054,0.1679136690647482,0.16974981916994944,0.30965558529747933
"frozenset({'Tomato, peeled tomato, canned', 'Onion, raw', 'Pasta, unenriched, dry, raw'})","frozenset({'Cheese, Parmesan, hard type'})",0.06884737366020789,0.11905919392550408,0.027015764983679424,0.3924008069939475,3.295846326991552,1.0,0.01881885217180709,1.4498715867545937,0.7480919622888174,0.1679136690647482,0.3102837457223302,0.30965558529747933
"frozenset({'Vegetable oil, olive oil', 'Onion, raw'})","frozenset({'Tomato, sauce type, red ripe, raw'})",0.14605180915341343,0.07218093849109893,0.03460888487626455,0.23696306863211286,3.282903680468691,1.0,0.0240667282232483,1.2159556416825212,0.8143252938117298,0.1884770549672214,0.17760157877445495,0.3582185452204823
"frozenset({'Tomato, sauce type, red ripe, raw'})","frozenset({'Vegetable oil, olive oil', 'Onion, raw'})",0.07218093849109893,0.14605180915341343,0.03460888487626455,0.47947402180885174,3.282903680468691,1.0,0.0240667282232483,1.6405486500675643,0.7494905421324657,0.1884770549672214,0.3904478236845849,0.3582185452204823
"frozenset({'Vegetable oil, extra-virgin olive oil'})","frozenset({'Carrots, raw'})",0.1275551542931222,0.06826862976595596,0.028566798620274555,0.223956442831216,3.2805176198643737,1.0,0.01985878301709801,1.200617364356778,0.7968068814188557,0.17079584775086507,0.16709517146144,0.32120168699716106
"frozenset({'Carrots, raw'})","frozenset({'Vegetable oil, extra-virgin olive oil'})",0.06826862976595596,0.1275551542931222,0.028566798620274555,0.41844693116310616,3.2805176198643737,1.0,0.01985878301709801,1.500198163259232,0.746105668356997,0.17079584775086507,0.3334213942593652,0.32120168699716106
"frozenset({'Pasta, unenriched, dry, raw'})","frozenset({'Cheese, Parmesan, hard type', 'Vegetable oil, olive oil'})",0.1468620506053661,0.09660393082852976,0.046484709586313865,0.31651954602774274,3.276466530016871,1.0,0.03229725820829704,1.321758455448295,0.8143972018473741,0.235985427194735,0.2434321143337537,0.39885406968293435
"frozenset({'Cheese, Parmesan, hard type', 'Vegetable oil, olive oil'})","frozenset({'Pasta, unenriched, dry, raw'})",0.09660393082852976,0.1468620506053661,0.046484709586313865,0.481188593338126,3.276466530016871,1.0,0.03229725820829704,1.644408620241943,0.7690903054448872,0.235985427194735,0.3918786439754438,0.39885406968293435
"frozenset({'Cheese, Parmesan, hard type', 'Onion, raw'})","frozenset({'Garlic, raw', 'Vegetable oil, olive oil'})",0.05970322013102762,0.1411209111743871,0.027548209366391185,0.4614191547111283,3.2696724452192605,1.0,0.019122836541455558,1.5947078258324376,0.7382339079705939,0.15898463593854378,0.3729258841016848,0.3283145642322046
"frozenset({'Garlic, raw', 'Vegetable oil, olive oil'})","frozenset({'Cheese, Parmesan, hard type', 'Onion, raw'})",0.1411209111743871,0.05970322013102762,0.027548209366391185,0.19520997375328086,3.2696724452192605,1.0,0.019122836541455558,1.1683752894580628,0.8082150042842398,0.15898463593854378,0.14411062179872156,0.3283145642322046
"frozenset({'Alcoholic beverage, wine, red wine, table type', 'Vegetable oil, olive oil'})","frozenset({'Parsley, raw'})",0.06792138342940482,0.1149848369099706,0.025534180614394518,0.37593728698023177,3.269450973562527,1.0,0.017724251418064826,1.4181510040994791,0.7447207097468325,0.1622536040011768,0.29485647359887707,0.2990014600796065
"frozenset({'Parsley, raw'})","frozenset({'Alcoholic beverage, wine, red wine, table type', 'Vegetable oil, olive oil'})",0.1149848369099706,0.06792138342940482,0.025534180614394518,0.22206563317898126,3.2694509735625266,1.0,0.017724251418064826,1.1981455715595617,0.7843235662185907,0.1622536040011768,0.16537687595143066,0.2990014600796065
"frozenset({'Tomato, peeled tomato, canned'})","frozenset({'Alcoholic beverage, wine, red wine, table type', 'Vegetable oil, olive oil'})",0.09803921568627451,0.06792138342940482,0.021760770423872026,0.22195985832349469,3.2678936605316973,1.0,0.015101811264126457,1.1979826832098546,0.7694264569842738,0.15090704768020546,0.1652633931897772,0.27117079487408546
"frozenset({'Alcoholic beverage, wine, red wine, table type', 'Vegetable oil, olive oil'})","frozenset({'Tomato, peeled tomato, canned'})",0.06792138342940482,0.09803921568627451,0.021760770423872026,0.3203817314246762,3.2678936605316973,1.0,0.015101811264126457,1.3271579444214998,0.7445643299560707,0.15090704768020546,0.24651018049257578,0.27117079487408546
"frozenset({'Pasta, unenriched, dry, raw'})","frozenset({'Celery, raw'})",0.1468620506053661,0.054216728013519455,0.02599717572979605,0.17701765447667087,3.2650006918995524,1.0,0.018034795876617188,1.1492145331320114,0.8131408897794442,0.14848605050905725,0.12984045087330195,0.32826117565848917
"frozenset({'Celery, raw'})","frozenset({'Pasta, unenriched, dry, raw'})",0.054216728013519455,0.1468620506053661,0.02599717572979605,0.47950469684030744,3.2650006918995524,1.0,0.018034795876617188,1.6390886607729551,0.7334887091186356,0.14848605050905725,0.3899048758421502,0.32826117565848917
"frozenset({'Parsley, raw'})","frozenset({'Water, tap water', 'Vegetable oil, olive oil'})",0.1149848369099706,0.09597888742273769,0.035997870222469155,0.3130662371652909,3.261823986210582,1.0,0.024961753505365232,1.3160237005191273,0.7835154627642976,0.2057422598571051,0.2401352653409406,0.34406326812437243
"frozenset({'Water, tap water', 'Vegetable oil, olive oil'})","frozenset({'Parsley, raw'})",0.09597888742273769,0.1149848369099706,0.035997870222469155,0.37506029908345395,3.261823986210582,1.0,0.024961753505365232,1.4161608900699583,0.7670429986806765,0.2057422598571051,0.2938655438008883,0.34406326812437243
"frozenset({'Garlic, raw', 'Water, tap water'})","frozenset({'Onion, raw'})",0.043729888649674746,0.16524295668680694,0.023497002106627776,0.5373213340391741,3.2517049126492306,1.0,0.01627094601057068,1.804183129083091,0.7241353790174592,0.12668497254118824,0.4457325401838711,0.3397590138954627
"frozenset({'Onion, raw'})","frozenset({'Garlic, raw', 'Water, tap water'})",0.16524295668680694,0.043729888649674746,0.023497002106627776,0.1421966937517512,3.2517049126492306,1.0,0.01627094601057068,1.1147894912328304,0.8295455846377661,0.12668497254118824,0.10296965672495392,0.3397590138954627
"frozenset({'Cheese, Parmesan, hard type'})","frozenset({'Pasta, unenriched, dry, raw', 'Tomato, peeled tomato, canned', 'Vegetable oil, olive oil', 'Onion, raw'})",0.11905919392550408,0.06373127763502096,0.02463134013936153,0.20688314213494072,3.2461791103534448,1.0,0.01704354559629343,1.1804927774265965,0.7854619978099978,0.1557377049180328,0.15289613022458298,0.2966853051757159
"frozenset({'Pasta, unenriched, dry, raw', 'Tomato, peeled tomato, canned', 'Vegetable oil, olive oil', 'Onion, raw'})","frozenset({'Cheese, Parmesan, hard type'})",0.06373127763502096,0.11905919392550408,0.02463134013936153,0.3864874682164911,3.2461791103534448,1.0,0.01704354559629343,1.4358970036252738,0.7390458625423217,0.1557377049180328,0.30357121891385314,0.2966853051757159
"frozenset({'Garlic, raw'})","frozenset({'Cheese, Parmesan, hard type', 'Onion, raw'})",0.14417667893603722,0.05970322013102762,0.027895455702942332,0.1934810533076429,3.240713865734878,1.0,0.019287643702663608,1.1658706639506191,0.8079074213687389,0.15851091817942647,0.142271925248172,0.3303582079256322
"frozenset({'Cheese, Parmesan, hard type', 'Onion, raw'})","frozenset({'Garlic, raw'})",0.05970322013102762,0.14417667893603722,0.027895455702942332,0.4672353625436215,3.240713865734878,1.0,0.019287643702663608,1.6063816193769722,0.7353274277556973,0.15851091817942647,0.37748291692490515,0.3303582079256322
"frozenset({'Onion, raw'})","frozenset({'Alcoholic beverage, wine, red wine, table type', 'Vegetable oil, olive oil'})",0.16524295668680694,0.06792138342940482,0.03627566729171007,0.21952927991033905,3.232108488168683,1.0,0.025052137071576924,1.1942518695173054,0.8273119111514982,0.18424456202233983,0.16265569640332106,0.37680622141392883
"frozenset({'Alcoholic beverage, wine, red wine, table type', 'Vegetable oil, olive oil'})","frozenset({'Onion, raw'})",0.06792138342940482,0.16524295668680694,0.03627566729171007,0.5340831629175187,3.2321084881686826,1.0,0.025052137071576924,1.7916438661893985,0.7409293943375275,0.18424456202233983,0.4418533622271293,0.37680622141392883
"frozenset({'Garlic, raw', 'Vegetable oil, olive oil'})","frozenset({'Water, tap water', 'Onion, raw'})",0.1411209111743871,0.0505127670903072,0.023010857235456168,0.16305774278215224,3.2280500985154124,1.0,0.01588244951773242,1.134471613449135,0.803623552587458,0.13646348160351457,0.11853237388664221,0.3093015570006087
"frozenset({'Water, tap water', 'Onion, raw'})","frozenset({'Garlic, raw', 'Vegetable oil, olive oil'})",0.0505127670903072,0.1411209111743871,0.023010857235456168,0.4555453712190651,3.2280500985154124,1.0,0.01588244951773242,1.5775035116308818,0.7269349609788438,0.13646348160351457,0.36608698958383745,0.3093015570006087
"frozenset({'Garlic, raw'})","frozenset({'Water, tap water', 'Onion, raw'})",0.14417667893603722,0.0505127670903072,0.023497002106627776,0.16297366730892743,3.2263856584526756,1.0,0.016214239103677728,1.1343576609556048,0.8063062022274821,0.13725490196078433,0.1184438255941421,0.3140716182557469
"frozenset({'Water, tap water', 'Onion, raw'})","frozenset({'Garlic, raw'})",0.0505127670903072,0.14417667893603722,0.023497002106627776,0.46516956920256647,3.2263856584526756,1.0,0.016214239103677728,1.6001769379276494,0.7267666461086867,0.13725490196078433,0.37506910873551524,0.3140716182557469
"frozenset({'Tomato, peeled tomato, canned', 'Onion, raw'})","frozenset({'Cheese, Parmesan, hard type'})",0.0815102900664398,0.11905919392550408,0.03127532004537352,0.3836978131212724,3.2227482857086533,1.0,0.021570770613429175,1.4293975014692626,0.7509129649643982,0.1847395049911117,0.3004045417932308,0.32319248035025316
"frozenset({'Cheese, Parmesan, hard type'})","frozenset({'Tomato, peeled tomato, canned', 'Onion, raw'})",0.11905919392550408,0.0815102900664398,0.03127532004537352,0.2626871475792339,3.222748285708653,1.0,0.021570770613429175,1.2457258908724418,0.7829196089222542,0.1847395049911117,0.19725518484676297,0.32319248035025316
"frozenset({'Beef, meat, lean and fat, raw'})","frozenset({'Vegetable oil, extra-virgin olive oil'})",0.05627705627705628,0.1275551542931222,0.02310345625853647,0.41053064582476345,3.2184559542091304,1.0,0.015925027661953837,1.4800512351105515,0.7303965729624387,0.1437418983148495,0.3243477142699686,0.29582793634250876
"frozenset({'Vegetable oil, extra-virgin olive oil'})","frozenset({'Beef, meat, lean and fat, raw'})",0.1275551542931222,0.05627705627705628,0.02310345625853647,0.1811252268602541,3.2184559542091304,1.0,0.015925027661953837,1.1524630806545701,0.7900694322548032,0.1437418983148495,0.13229324497577383,0.29582793634250876
"frozenset({'Cheese, Parmesan, hard type'})","frozenset({'Tomato, peeled tomato, canned', 'Vegetable oil, olive oil', 'Onion, raw'})",0.11905919392550408,0.07525985600851912,0.028821445933745398,0.2420766089830838,3.2165436106558816,1.0,0.019861068142421605,1.2200971166106171,0.7822401605159272,0.17415023080151065,0.18039311265814528,0.31251784924700177
"frozenset({'Tomato, peeled tomato, canned', 'Vegetable oil, olive oil', 'Onion, raw'})","frozenset({'Cheese, Parmesan, hard type'})",0.07525985600851912,0.11905919392550408,0.028821445933745398,0.38295908951091967,3.216543610655881,1.0,0.019861068142421605,1.427686221609265,0.7451901834544908,0.17415023080151065,0.29956597965005516,0.31251784924700177
"frozenset({'Cheese, Parmesan, hard type'})","frozenset({'Garlic, raw', 'Vegetable oil, olive oil', 'Tomato, peeled tomato, canned'})",0.11905919392550408,0.0583373845405931,0.02229321480658379,0.18724479875559014,3.2096879253354076,1.0,0.015347612827458614,1.1586054620353419,0.7814863678717259,0.1437313432835821,0.1368934181932106,0.28469382794922365
"frozenset({'Garlic, raw', 'Vegetable oil, olive oil', 'Tomato, peeled tomato, canned'})","frozenset({'Cheese, Parmesan, hard type'})",0.0583373845405931,0.11905919392550408,0.02229321480658379,0.3821428571428572,3.2096879253354076,1.0,0.015347612827458614,1.4258001485598777,0.7310933019394413,0.1437313432835821,0.2986394334366953,0.28469382794922365
"frozenset({'Potato, raw'})","frozenset({'Onion, raw'})",0.08421881149153876,0.16524295668680694,0.04465587888047781,0.5302363936228698,3.208829013074686,1.0,0.030739313460967116,1.7769725708445856,0.7516640924722804,0.21804001356392,0.43724511204767486,0.40024007969179354
"frozenset({'Onion, raw'})","frozenset({'Potato, raw'})",0.16524295668680694,0.08421881149153876,0.04465587888047781,0.2702437657607173,3.2088290130746855,1.0,0.030739313460967116,1.2549138267562674,0.8246229744061383,0.21804001356392,0.20313253493682107,0.40024007969179354
"frozenset({'Garlic, raw', 'Tomato, peeled tomato, canned'})","frozenset({'Cheese, Parmesan, hard type'})",0.05852258258675371,0.11905919392550408,0.022339514318123945,0.38172468354430383,3.2061756086065123,1.0,0.015371862808906307,1.424835801507566,0.7308745939192905,0.14390098419325978,0.29816474365541845,0.2846791801933069
"frozenset({'Cheese, Parmesan, hard type'})","frozenset({'Garlic, raw', 'Tomato, peeled tomato, canned'})",0.11905919392550408,0.05852258258675371,0.022339514318123945,0.18763367684230994,3.206175608606512,1.0,0.015371862808906307,1.1589321105209014,0.7810989346745054,0.14390098419325978,0.13713668736770665,0.2846791801933069
"frozenset({'Tomato, peeled tomato, canned'})","frozenset({'Alcoholic beverage, wine, red wine, table type'})",0.09803921568627451,0.08921915873787531,0.027941755214482486,0.28500590318772134,3.1944473274519978,1.0,0.019194778867631965,1.2738298754111947,0.761626022117359,0.17538506248183666,0.214965813486516,0.29909350686111547
"frozenset({'Alcoholic beverage, wine, red wine, table type'})","frozenset({'Tomato, peeled tomato, canned'})",0.08921915873787531,0.09803921568627451,0.027941755214482486,0.3131811105345096,3.1944473274519978,1.0,0.019194778867631965,1.3132439980147708,0.7542503894907998,0.17538506248183666,0.23852688341869543,0.29909350686111547
"frozenset({'Onion, raw'})","frozenset({'Water, tap water', 'Pasta, unenriched, dry, raw'})",0.16524295668680694,0.04984142417297498,0.026298122554807048,0.15914822079013732,3.1930913578595272,1.0,0.01806217825898337,1.1299953206020168,0.8227829566489037,0.13930104230533416,0.11504058311742428,0.34339203886696834
"frozenset({'Water, tap water', 'Pasta, unenriched, dry, raw'})","frozenset({'Onion, raw'})",0.04984142417297498,0.16524295668680694,0.026298122554807048,0.5276358569437993,3.193091357859527,1.0,0.01806217825898337,1.7671896895312729,0.7228518330036745,0.13930104230533416,0.4341297904101972,0.34339203886696834
"frozenset({'Parsley, raw'})","frozenset({'Coffee, brewed, espresso, homemade, without sugar', 'Vegetable oil, olive oil'})",0.1149848369099706,0.05796698844827187,0.02127462555270042,0.1850211395208375,3.1918363274287613,1.0,0.014609300839813728,1.155898707603121,0.7759197310135635,0.14026251526251524,0.13487229164430292,0.2760169595367766
"frozenset({'Coffee, brewed, espresso, homemade, without sugar', 'Vegetable oil, olive oil'})","frozenset({'Parsley, raw'})",0.05796698844827187,0.1149848369099706,0.02127462555270042,0.36701277955271566,3.1918363274287613,1.0,0.014609300839813728,1.3981564469258254,0.7289561181689365,0.14026251526251524,0.28477245718908345,0.2760169595367766
"frozenset({'Cheese, Parmesan, hard type'})","frozenset({'Tomato, peeled tomato, canned', 'Pasta, unenriched, dry, raw'})",0.11905919392550408,0.07301432969882168,0.027663958145241568,0.23235465681508846,3.182315824489973,1.0,0.018970930906288864,1.2075702386927456,0.7784443951372338,0.16826246127851308,0.1718908201293953,0.3056193068476203
"frozenset({'Tomato, peeled tomato, canned', 'Pasta, unenriched, dry, raw'})","frozenset({'Cheese, Parmesan, hard type'})",0.07301432969882168,0.11905919392550408,0.027663958145241568,0.37888395688015214,3.182315824489973,1.0,0.018970930906288864,1.4183191946702192,0.7397778141635817,0.16826246127851308,0.29494009264077187,0.3056193068476203
"frozenset({'Tomato, sauce type, red ripe, raw'})","frozenset({'Parsley, raw', 'Vegetable oil, olive oil'})",0.07218093849109893,0.11139662476560873,0.025557330370164593,0.35407312379730593,3.1784905919933966,1.0,0.017516617449842162,1.3757027427908797,0.7387057300961036,0.16173454438910045,0.273098781520704,0.29174977885625897
"frozenset({'Parsley, raw', 'Vegetable oil, olive oil'})","frozenset({'Tomato, sauce type, red ripe, raw'})",0.11139662476560873,0.07218093849109893,0.025557330370164593,0.22942643391521195,3.178490591993396,1.0,0.017516617449842162,1.2040629244824248,0.7713061601282203,0.16173454438910045,0.16947862136868214,0.29174977885625897
"frozenset({'Garlic, raw'})","frozenset({'Vegetable oil, extra-virgin olive oil', 'Vegetable oil, olive oil'})",0.14417667893603722,0.07650994282010325,0.03500243072435586,0.24277456647398846,3.173111330704048,1.0,0.02397148126296727,1.2195708388711612,0.8002258005098223,0.18850517391846405,0.18003943016085633,0.3501316100146039
"frozenset({'Vegetable oil, extra-virgin olive oil', 'Vegetable oil, olive oil'})","frozenset({'Garlic, raw'})",0.07650994282010325,0.14417667893603722,0.03500243072435586,0.4574886535552194,3.173111330704048,1.0,0.02397148126296727,1.5775215148446162,0.7415909861387653,0.18850517391846405,0.36609422401538616,0.3501316100146039
"frozenset({'Garlic, raw'})","frozenset({'Vegetable oil, olive oil', 'Alcoholic beverage, wine, white wine, table type'})",0.14417667893603722,0.05523531726740283,0.025163784522073292,0.17453436095054592,3.159832686496535,1.0,0.0172001399184808,1.144523330880882,0.7986783376997306,0.14441344493157965,0.1262738180877884,0.3150542718415764
"frozenset({'Vegetable oil, olive oil', 'Alcoholic beverage, wine, white wine, table type'})","frozenset({'Garlic, raw'})",0.05523531726740283,0.14417667893603722,0.025163784522073292,0.45557418273260686,3.159832686496535,1.0,0.0172001399184808,1.5719741678665242,0.723489732337393,0.14441344493157965,0.36385723096379174,0.3150542718415764
"frozenset({'Parsley, raw', 'Garlic, raw'})","frozenset({'Water, tap water', 'Vegetable oil, olive oil'})",0.07197259068916823,0.09597888742273769,0.02180706993541218,0.302991315535542,3.1568538005761715,1.0,0.014899220756133723,1.297001217813894,0.7362163113761189,0.14921590369079676,0.22899070080635084,0.26509913099497795
"frozenset({'Water, tap water', 'Vegetable oil, olive oil'})","frozenset({'Parsley, raw', 'Garlic, raw'})",0.09597888742273769,0.07197259068916823,0.02180706993541218,0.2272069464544139,3.1568538005761715,1.0,0.014899220756133723,1.200874419164391,0.7557665486273297,0.14921590369079676,0.16727346003769997,0.26509913099497795
"frozenset({'Garlic, raw'})","frozenset({'Tomato, sauce type, red ripe, raw', 'Vegetable oil, olive oil'})",0.14417667893603722,0.05282774266731486,0.023983146977799383,0.16634553628773283,3.148829154698157,1.0,0.016366618484338333,1.1361688787881286,0.7973861226315986,0.13861386138613863,0.11984915388051313,0.31016663317454124
"frozenset({'Tomato, sauce type, red ripe, raw', 'Vegetable oil, olive oil'})","frozenset({'Garlic, raw'})",0.05282774266731486,0.14417667893603722,0.023983146977799383,0.4539877300613497,3.148829154698157,1.0,0.016366618484338333,1.5674067565553476,0.7204831374206908,0.13861386138613863,0.3620035157959405,0.31016663317454124
"frozenset({'Sugar', 'Vegetable oil, olive oil'})","frozenset({'Alcoholic beverage, wine, red wine, table type'})",0.07238928629302961,0.08921915873787531,0.020279186054587124,0.2801407099456348,3.1399165146656944,1.0,0.013820674829887813,1.2652206533214854,0.7347049626623728,0.14348894348894348,0.20962403089549822,0.2537185127309907
"frozenset({'Alcoholic beverage, wine, red wine, table type'})","frozenset({'Sugar', 'Vegetable oil, olive oil'})",0.08921915873787531,0.07238928629302961,0.020279186054587124,0.22729631551634666,3.1399165146656944,1.0,0.013820674829887813,1.2004740398343396,0.7482812153084736,0.14348894348894348,0.1669957310047324,0.2537185127309907
"frozenset({'Tomato, peeled tomato, canned'})","frozenset({'Cheese, Parmesan, hard type'})",0.09803921568627451,0.11905919392550408,0.0366460633840313,0.3737898465171193,3.1395294575150694,1.0,0.02497359339133482,1.4067814154319342,0.7555549452058556,0.20307889672867221,0.28915751300783105,0.34079342607792573
"frozenset({'Cheese, Parmesan, hard type'})","frozenset({'Tomato, peeled tomato, canned'})",0.11905919392550408,0.09803921568627451,0.0366460633840313,0.30779700563873225,3.139529457515069,1.0,0.02497359339133482,1.3030293016082837,0.7735831128162756,0.20307889672867221,0.2325575497298988,0.34079342607792573
frozenset({'Butter'}),"frozenset({'Milk, cow, whole'})",0.05234159779614325,0.12382804361413988,0.020325485566127278,0.38832375055285273,3.1359919709537443,1.0,0.013844127911392685,1.432411275045864,0.7187417227313662,0.13042186571598338,0.30187648099322495,0.27623329049422407
"frozenset({'Milk, cow, whole'})",frozenset({'Butter'}),0.12382804361413988,0.05234159779614325,0.020325485566127278,0.16414283043559544,3.1359919709537443,1.0,0.013844127911392685,1.1337563841172957,0.7773835119882481,0.13042186571598338,0.11797630072128239,0.27623329049422407
"frozenset({'Parsley, raw'})","frozenset({'Vegetable oil, olive oil', 'Onion, raw'})",0.1149848369099706,0.14605180915341343,0.052596245109614095,0.4574189651701228,3.1318952351329523,1.0,0.035802501653702704,1.5738629550779204,0.769144468892876,0.25233229675699687,0.36462066358853273,0.40876971400049966
"frozenset({'Vegetable oil, olive oil', 'Onion, raw'})","frozenset({'Parsley, raw'})",0.14605180915341343,0.1149848369099706,0.052596245109614095,0.36012046283087656,3.1318952351329523,1.0,0.035802501653702704,1.3830965231446606,0.7971262482589094,0.25233229675699687,0.27698466212151124,0.40876971400049966
"frozenset({'Parsley, raw'})","frozenset({'Sugar', 'Vegetable oil, olive oil'})",0.1149848369099706,0.07238928629302961,0.026020325485566126,0.2262935373464868,3.1260639375619412,1.0,0.017696655207132945,1.1989181407708878,0.7684714776549131,0.16126255380200857,0.16591469759810806,0.29287174468859356
"frozenset({'Sugar', 'Vegetable oil, olive oil'})","frozenset({'Parsley, raw'})",0.07238928629302961,0.1149848369099706,0.026020325485566126,0.3594499520307003,3.126063937561941,1.0,0.017696655207132945,1.3816487343896762,0.7331835435674403,0.16126255380200857,0.2762270357800199,0.29287174468859356
"frozenset({'Tomato, peeled tomato, canned', 'Vegetable oil, olive oil', 'Pasta, unenriched, dry, raw'})","frozenset({'Cheese, Parmesan, hard type'})",0.0677361853832442,0.11905919392550408,0.025210084033613446,0.37218045112781956,3.1260118505480112,1.0,0.01714546840229588,1.4031751761426101,0.7295183716181457,0.15601719197707736,0.28733060775131186,0.291962284673379
"frozenset({'Cheese, Parmesan, hard type'})","frozenset({'Tomato, peeled tomato, canned', 'Vegetable oil, olive oil', 'Pasta, unenriched, dry, raw'})",0.11905919392550408,0.0677361853832442,0.025210084033613446,0.21174411821893838,3.1260118505480112,1.0,0.01714546840229588,1.1826918595397076,0.7720196127459491,0.15601719197707736,0.15447122432280008,0.291962284673379
"frozenset({'Pasta, unenriched, dry, raw'})","frozenset({'Sugar', 'Coffee, brewed, espresso, homemade, without sugar', 'Vegetable oil, olive oil'})",0.1468620506053661,0.044887376438178576,0.020603282635368196,0.14029003783102142,3.125378424026113,1.0,0.014011030485362296,1.1109707524525478,0.7971029144944827,0.12038414716623833,0.099886295123046,0.2996447610506319
"frozenset({'Sugar', 'Coffee, brewed, espresso, homemade, without sugar', 'Vegetable oil, olive oil'})","frozenset({'Pasta, unenriched, dry, raw'})",0.044887376438178576,0.1468620506053661,0.020603282635368196,0.4589994842702424,3.125378424026113,1.0,0.014011030485362296,1.5769632830087654,0.7119984901804539,0.12038414716623833,0.36586982666327467,0.2996447610506319
"frozenset({'Cheese, Parmesan, hard type'})","frozenset({'Pasta, unenriched, dry, raw'})",0.11905919392550408,0.1468620506053661,0.054587124105840684,0.45848726424265995,3.1218906610167374,1.0,0.03710184674251921,1.5754716243219398,0.7715402463879618,0.2582977325008216,0.3652694313486062,0.4150885249334359
"frozenset({'Pasta, unenriched, dry, raw'})","frozenset({'Cheese, Parmesan, hard type'})",0.1468620506053661,0.11905919392550408,0.054587124105840684,0.37168978562421184,3.121890661016737,1.0,0.03710184674251921,1.402079396321275,0.796683920876116,0.2582977325008216,0.28677362878039314,0.4150885249334359
"frozenset({'Alcoholic beverage, wine, red wine, table type'})","frozenset({'Vegetable oil, extra-virgin olive oil', 'Vegetable oil, olive oil'})",0.08921915873787531,0.07650994282010325,0.02127462555270042,0.23845355474831345,3.116634857628713,1.0,0.014448472819207863,1.2126509984229377,0.7456690781560471,0.14727564102564106,0.17536042826789575,0.2582585474195425
"frozenset({'Vegetable oil, extra-virgin olive oil', 'Vegetable oil, olive oil'})","frozenset({'Alcoholic beverage, wine, red wine, table type'})",0.07650994282010325,0.08921915873787531,0.02127462555270042,0.27806354009077155,3.116634857628713,1.0,0.014448472819207863,1.2615803354448123,0.7354070626163983,0.14727564102564106,0.2073433836082927,0.2582585474195425
"frozenset({'Pasta, unenriched, dry, raw'})","frozenset({'Coffee, brewed, espresso, homemade, without sugar', 'Vegetable oil, olive oil'})",0.1468620506053661,0.05796698844827187,0.02641387133365743,0.17985498108448927,3.10271390491481,1.0,0.017900720542726654,1.1486176100872887,0.7943633413115133,0.14804722979109902,0.129388239203467,0.3177629538010306
"frozenset({'Coffee, brewed, espresso, homemade, without sugar', 'Vegetable oil, olive oil'})","frozenset({'Pasta, unenriched, dry, raw'})",0.05796698844827187,0.1468620506053661,0.02641387133365743,0.4556709265175719,3.10271390491481,1.0,0.017900720542726654,1.5673201946325481,0.7194031459305826,0.14804722979109902,0.3619682797270115,0.3177629538010306
"frozenset({'Cheese, Parmesan, hard type'})","frozenset({'Carrots, raw'})",0.11905919392550408,0.06826862976595596,0.025210084033613446,0.21174411821893838,3.101631290167339,1.0,0.017082076003280055,1.1820163880398837,0.7691652039779343,0.15550478366414394,0.15398804101330454,0.2905109197401915
"frozenset({'Carrots, raw'})","frozenset({'Cheese, Parmesan, hard type'})",0.06826862976595596,0.11905919392550408,0.025210084033613446,0.3692777212614446,3.1016312901673384,1.0,0.017082076003280055,1.3967174393084347,0.7272364508093896,0.15550478366414394,0.2840355737985658,0.2905109197401915
"frozenset({'Pasta, unenriched, dry, raw', 'Garlic, raw', 'Vegetable oil, olive oil', 'Onion, raw'})","frozenset({'Cheese, Parmesan, hard type'})",0.05787438942519156,0.11905919392550408,0.021367224575780726,0.36920000000000003,3.100978495041805,1.0,0.014476746421886701,1.3965453488815724,0.7191409888542631,0.1373511904761905,0.28394734850475645,0.27433361851059695
"frozenset({'Cheese, Parmesan, hard type'})","frozenset({'Pasta, unenriched, dry, raw', 'Garlic, raw', 'Vegetable oil, olive oil', 'Onion, raw'})",0.11905919392550408,0.05787438942519156,0.021367224575780726,0.17946723702119385,3.1009784950418045,1.0,0.014476746421886701,1.1481876813237535,0.7690881595470109,0.1373511904761905,0.12906224629836377,0.27433361851059695
"frozenset({'Tomato, sauce type, red ripe, raw'})","frozenset({'Parsley, raw'})",0.07218093849109893,0.1149848369099706,0.025719378660555132,0.35631815266196276,3.0988273083428237,1.0,0.017419665220147505,1.3749263968683165,0.7299885381636795,0.15930599369085172,0.2726883400611772,0.2899972079999969
"frozenset({'Parsley, raw'})","frozenset({'Tomato, sauce type, red ripe, raw'})",0.1149848369099706,0.07218093849109893,0.025719378660555132,0.223676263338031,3.0988273083428237,1.0,0.017419665220147505,1.195144522436388,0.7652945493346093,0.15930599369085172,0.16328110849604344,0.2899972079999969
"frozenset({'Garlic, raw', 'Onion, raw', 'Pasta, unenriched, dry, raw'})","frozenset({'Cheese, Parmesan, hard type'})",0.058082737227122254,0.11905919392550408,0.02141352408732088,0.3686727779992029,3.096550260787783,1.0,0.014498240212072836,1.3953790924500697,0.718810460086512,0.13750557455031964,0.2833488724242279,0.2742644465535583
"frozenset({'Cheese, Parmesan, hard type'})","frozenset({'Garlic, raw', 'Onion, raw', 'Pasta, unenriched, dry, raw'})",0.11905919392550408,0.058082737227122254,0.02141352408732088,0.1798561151079137,3.096550260787783,1.0,0.014498240212072836,1.148478066012544,0.7685646712566353,0.13750557455031964,0.1292824568500921,0.2742644465535583
"frozenset({'Alcoholic beverage, wine, red wine, table type', 'Vegetable oil, olive oil'})","frozenset({'Pasta, unenriched, dry, raw'})",0.06792138342940482,0.1468620506053661,0.030557677616501147,0.4498977505112475,3.063403708832654,1.0,0.020582603966105423,1.5508715883047435,0.7226490371263489,0.16587082181452628,0.3552012896869823,0.32898418420896547
"frozenset({'Pasta, unenriched, dry, raw'})","frozenset({'Alcoholic beverage, wine, red wine, table type', 'Vegetable oil, olive oil'})",0.1468620506053661,0.06792138342940482,0.030557677616501147,0.2080706179066835,3.063403708832654,1.0,0.020582603966105423,1.176971883663188,0.7895155938951561,0.16587082181452628,0.15036203168454926,0.32898418420896547
"frozenset({'Alcoholic beverage, wine, white wine, table type'})","frozenset({'Vegetable oil, olive oil', 'Onion, raw'})",0.062249693265736046,0.14605180915341343,0.027826006435632104,0.4470063220528077,3.060601060978782,1.0,0.0187343261149263,1.5442277640796715,0.7179595550814146,0.15418163160595177,0.35242713331476727,0.3187638996537616
"frozenset({'Vegetable oil, olive oil', 'Onion, raw'})","frozenset({'Alcoholic beverage, wine, white wine, table type'})",0.14605180915341343,0.062249693265736046,0.027826006435632104,0.1905214772547155,3.060601060978782,1.0,0.0187343261149263,1.1584622449944137,0.7884164405020044,0.15418163160595177,0.13678671504324938,0.3187638996537616
"frozenset({'Cheese, Parmesan, hard type', 'Vegetable oil, olive oil'})","frozenset({'Garlic, raw'})",0.09660393082852976,0.14417667893603722,0.04250295159386069,0.4399712437095615,3.0516117235905473,1.0,0.0285749176748366,1.5281774577663316,0.744196633142802,0.21436077057793346,0.34562573546814707,0.3673844657854166
"frozenset({'Garlic, raw'})","frozenset({'Cheese, Parmesan, hard type', 'Vegetable oil, olive oil'})",0.14417667893603722,0.09660393082852976,0.04250295159386069,0.2947976878612717,3.051611723590547,1.0,0.0285749176748366,1.2810452456283963,0.7855643758761315,0.21436077057793346,0.2193874467646411,0.3673844657854166
"frozenset({'Onion, raw', 'Pasta, unenriched, dry, raw'})","frozenset({'Cheese, Parmesan, hard type'})",0.09044609579368938,0.11905919392550408,0.03284950343773873,0.3631942667007934,3.050535239874426,1.0,0.022081064178833147,1.3833744892817748,0.7390311575209797,0.1859520377407941,0.2771299400503015,0.3195516346142505
"frozenset({'Cheese, Parmesan, hard type'})","frozenset({'Onion, raw', 'Pasta, unenriched, dry, raw'})",0.11905919392550408,0.09044609579368938,0.03284950343773873,0.27590900252770756,3.050535239874426,1.0,0.022081064178833147,1.2561320433225176,0.7630350075944525,0.1859520377407941,0.2039053495085106,0.3195516346142505
"frozenset({'Parsley, raw'})","frozenset({'Vegetable oil, extra-virgin olive oil', 'Vegetable oil, olive oil'})",0.1149848369099706,0.07650994282010325,0.02683056693751881,0.23334004429232935,3.0498002702861577,1.0,0.01803308364035806,1.2045627925453117,0.759432949427165,0.16294109377196683,0.16982327016183071,0.29201041548958373
"frozenset({'Vegetable oil, extra-virgin olive oil', 'Vegetable oil, olive oil'})","frozenset({'Parsley, raw'})",0.07650994282010325,0.1149848369099706,0.02683056693751881,0.3506807866868381,3.0498002702861577,1.0,0.01803308364035806,1.3629893355137683,0.7277930827384066,0.16294109377196683,0.26631854414102396,0.29201041548958373
"frozenset({'Onion, raw'})","frozenset({'Vegetable oil, olive oil', 'Alcoholic beverage, wine, white wine, table type'})",0.16524295668680694,0.05523531726740283,0.027826006435632104,0.16839450826562063,3.048674590758598,1.0,0.018698759296832616,1.1360731646471156,0.8050110054888321,0.14443643354962749,0.11977500118963061,0.33608325580925624
"frozenset({'Vegetable oil, olive oil', 'Alcoholic beverage, wine, white wine, table type'})","frozenset({'Onion, raw'})",0.05523531726740283,0.16524295668680694,0.027826006435632104,0.5037720033528919,3.0486745907585977,1.0,0.018698759296832616,1.6822046497848635,0.7112761717900026,0.14443643354962749,0.4055420069562348,0.33608325580925624
"frozenset({'Apple, peeled, fresh', 'Vegetable oil, olive oil'})","frozenset({'Garlic, raw'})",0.04893858369794199,0.14417667893603722,0.021506123110401187,0.43945127719962157,3.0480052699409206,1.0,0.01445032064099862,1.5267599162271874,0.70649125937838,0.1253203831107514,0.3450181725551693,0.2943081691071968
"frozenset({'Garlic, raw'})","frozenset({'Apple, peeled, fresh', 'Vegetable oil, olive oil'})",0.14417667893603722,0.04893858369794199,0.021506123110401187,0.149165061014772,3.0480052699409206,1.0,0.01445032064099862,1.1177977921738473,0.7851113205399655,0.1253203831107514,0.10538381181157915,0.2943081691071968
"frozenset({'Water, tap water', 'Vegetable oil, olive oil'})","frozenset({'Garlic, raw'})",0.09597888742273769,0.14417667893603722,0.04203995647845915,0.4380125422093584,3.038026298300844,1.0,0.028202039241873037,1.5228512828889225,0.7420611271130026,0.21219911194204252,0.3433370603970261,0.3647994631406458
"frozenset({'Garlic, raw'})","frozenset({'Water, tap water', 'Vegetable oil, olive oil'})",0.14417667893603722,0.09597888742273769,0.04203995647845915,0.2915863840719332,3.038026298300844,1.0,0.028202039241873037,1.2761204644449662,0.7838521213689812,0.21219911194204252,0.21637492081522364,0.3647994631406458
"frozenset({'Potato, raw', 'Vegetable oil, olive oil'})","frozenset({'Onion, raw'})",0.06907887121790865,0.16524295668680694,0.03465518438780471,0.5016756032171582,3.035987816219051,1.0,0.023240387463170316,1.6751277856399247,0.7203810218269745,0.17356521739130437,0.4030306173818349,0.3556991072964469
"frozenset({'Onion, raw'})","frozenset({'Potato, raw', 'Vegetable oil, olive oil'})",0.16524295668680694,0.06907887121790865,0.03465518438780471,0.20972261137573553,3.035987816219051,1.0,0.023240387463170316,1.1779675620008099,0.8033689794705379,0.17356521739130437,0.15108018908307383,0.3556991072964469
"frozenset({'Cheese, Parmesan, hard type'})","frozenset({'Onion, raw'})",0.11905919392550408,0.16524295668680694,0.05970322013102762,0.5014582928251994,3.0346727199734014,1.0,0.0400295269060294,1.6743976106707303,0.7610899272483402,0.2658214801071945,0.40277028966887984,0.43138199034647473
"frozenset({'Onion, raw'})","frozenset({'Cheese, Parmesan, hard type'})",0.16524295668680694,0.11905919392550408,0.05970322013102762,0.36130568786775014,3.0346727199734014,1.0,0.0400295269060294,1.3792839380916324,0.8031979836242917,0.2658214801071945,0.2749861196936775,0.43138199034647473
"frozenset({'Parsley, raw', 'Garlic, raw'})","frozenset({'Vegetable oil, olive oil', 'Onion, raw'})",0.07197259068916823,0.14605180915341343,0.031877213695395513,0.44290768735927954,3.0325381789283243,1.0,0.021365486615784378,1.5328665850704606,0.7222235265422606,0.17124735729386892,0.34762750408964427,0.3305836582302817
"frozenset({'Vegetable oil, olive oil', 'Onion, raw'})","frozenset({'Parsley, raw', 'Garlic, raw'})",0.14605180915341343,0.07197259068916823,0.031877213695395513,0.21825962910128388,3.0325381789283243,1.0,0.021365486615784378,1.187129952421338,0.7848757517899086,0.17124735729386892,0.15763223903133505,0.3305836582302817
"frozenset({'Cheese, Parmesan, hard type'})","frozenset({'Vegetable oil, olive oil', 'Onion, raw'})",0.11905919392550408,0.14605180915341343,0.0526888441326944,0.4425432626871476,3.030043004960646,1.0,0.03530003346352744,1.531864508379489,0.7605183869227367,0.2480383609415868,0.3472007514177162,0.4016488702086871
"frozenset({'Vegetable oil, olive oil', 'Onion, raw'})","frozenset({'Cheese, Parmesan, hard type'})",0.14605180915341343,0.11905919392550408,0.0526888441326944,0.3607544777302267,3.0300430049606457,1.0,0.03530003346352744,1.3780946058824683,0.7845577612220186,0.2480383609415868,0.27436041347854634,0.4016488702086871
"frozenset({'Vegetable oil, olive oil', 'Pasta, unenriched, dry, raw'})","frozenset({'Cheese, Parmesan, hard type'})",0.1292450864643378,0.11905919392550408,0.046484709586313865,0.35966326347841665,3.0208776963789936,1.0,0.031096893773037728,1.3757461595283667,0.7682648334719822,0.230328056893783,0.2731217215661209,0.3750484312725546
"frozenset({'Cheese, Parmesan, hard type'})","frozenset({'Vegetable oil, olive oil', 'Pasta, unenriched, dry, raw'})",0.11905919392550408,0.1292450864643378,0.046484709586313865,0.3904335990666926,3.0208776963789936,1.0,0.031096893773037728,1.4284824626200674,0.7593817587169586,0.230328056893783,0.29995640396883927,0.3750484312725546
"frozenset({'Wheat flour, white, 9% protein, pastry flour, Italian ""tipo 00"" flour'})","frozenset({'Vegetable oil, olive oil', 'Egg, chicken, whole, raw, fresh'})",0.08285297590110424,0.08252887932032317,0.02064958214690835,0.24923162894663314,3.0199323073233413,1.0,0.013811818897436474,1.2220428511025545,0.7292906506011332,0.14267434420985287,0.18169808931186193,0.24972100381413004
"frozenset({'Vegetable oil, olive oil', 'Egg, chicken, whole, raw, fresh'})","frozenset({'Wheat flour, white, 9% protein, pastry flour, Italian ""tipo 00"" flour'})",0.08252887932032317,0.08285297590110424,0.02064958214690835,0.25021037868162693,3.0199323073233413,1.0,0.013811818897436474,1.2232058140338808,0.7290330287524145,0.14267434420985287,0.18247608985587963,0.24972100381413004
"frozenset({'Vegetable oil, olive oil', 'Pasta, unenriched, dry, raw'})","frozenset({'Parsley, raw'})",0.1292450864643378,0.1149848369099706,0.044841076926638426,0.3469460863335125,3.01732033246401,1.0,0.029979851738121496,1.3551946394765866,0.7678166273341638,0.22489260420294904,0.26209861604365,0.36845995679671395
"frozenset({'Parsley, raw'})","frozenset({'Vegetable oil, olive oil', 'Pasta, unenriched, dry, raw'})",0.1149848369099706,0.1292450864643378,0.044841076926638426,0.3899738272599154,3.01732033246401,1.0,0.029979851738121496,1.42740582690813,0.7554447978170872,0.22489260420294904,0.29942838879530403,0.36845995679671395
frozenset({'Meat extract'}),"frozenset({'Water, tap water'})",0.047989443711368845,0.18343866472208717,0.026506470356737737,0.5523396044380126,3.0110315362075757,1.0,0.01770335088156847,1.8240642758955963,0.7015551432689036,0.12934929959331226,0.4517737048991815,0.3484186664290012
"frozenset({'Water, tap water'})",frozenset({'Meat extract'}),0.18343866472208717,0.047989443711368845,0.026506470356737737,0.14449772841998992,3.0110315362075757,1.0,0.01770335088156847,1.1128089169539923,0.8179274150707451,0.12934929959331226,0.10137312456371717,0.3484186664290012
"frozenset({'Onion, raw'})","frozenset({'Alcoholic beverage, wine, red wine, table type'})",0.16524295668680694,0.08921915873787531,0.04437808181123689,0.26856262258335667,3.0101452017989776,1.0,0.02963524422828081,1.245193189988325,0.7999814047293355,0.21123966942148764,0.19691176594904453,0.3829839578926124
"frozenset({'Alcoholic beverage, wine, red wine, table type'})","frozenset({'Onion, raw'})",0.08921915873787531,0.16524295668680694,0.04437808181123689,0.4974052932018682,3.0101452017989776,1.0,0.02963524422828081,1.660895015451237,0.7332061478060928,0.21123966942148764,0.39791498517543755,0.3829839578926124
"frozenset({'Onion, raw', 'Vegetable oil, olive oil', 'Pasta, unenriched, dry, raw'})","frozenset({'Cheese, Parmesan, hard type'})",0.08428826075884899,0.11905919392550408,0.030071532745329536,0.3567701180994233,2.9965776378652125,1.0,0.02003624036199828,1.369558272808386,0.727615407077062,0.17354709418837677,0.2698375674447046,0.304673217711971
"frozenset({'Cheese, Parmesan, hard type'})","frozenset({'Onion, raw', 'Vegetable oil, olive oil', 'Pasta, unenriched, dry, raw'})",0.11905919392550408,0.08428826075884899,0.030071532745329536,0.25257631732451874,2.996577637865212,1.0,0.02003624036199828,1.225157511685026,0.7563345520139871,0.17354709418837677,0.18377841994810487,0.304673217711971
"frozenset({'Onion, raw', 'Vegetable oil, olive oil', 'Pasta, unenriched, dry, raw'})","frozenset({'Alcoholic beverage, wine, red wine, table type'})",0.08428826075884899,0.08921915873787531,0.02250156260851448,0.26695962647624283,2.9921782524375358,1.0,0.014981434892131308,1.2424702296872971,0.7270795854561768,0.1490111911697072,0.19515174198445115,0.25958256362732746
"frozenset({'Alcoholic beverage, wine, red wine, table type'})","frozenset({'Onion, raw', 'Vegetable oil, olive oil', 'Pasta, unenriched, dry, raw'})",0.08921915873787531,0.08428826075884899,0.02250156260851448,0.2522055007784121,2.9921782524375358,1.0,0.014981434892131308,1.2245499802343498,0.7310159388532784,0.1490111911697072,0.18337347095573533,0.25958256362732746
"frozenset({'Vegetable oil, olive oil'})","frozenset({'Pasta, unenriched, dry, raw', 'Garlic, raw', 'Tomato, peeled tomato, canned', 'Onion, raw'})",0.33428247331990646,0.04780424566520823,0.04780424566520823,0.14300554016620498,2.991481994459834,1.0,0.03182412418905001,1.1110874095025771,1.0,0.14300554016620498,0.09998080128755121,0.5715027700831025
"frozenset({'Pasta, unenriched, dry, raw', 'Garlic, raw', 'Tomato, peeled tomato, canned', 'Onion, raw'})","frozenset({'Vegetable oil, olive oil'})",0.04780424566520823,0.33428247331990646,0.04780424566520823,1.0,2.991481994459834,1.0,0.03182412418905001,inf,0.6991393562190023,0.14300554016620498,1.0,0.5715027700831025
"frozenset({'Garlic, raw', 'Tomato, peeled tomato, canned', 'Onion, raw'})","frozenset({'Vegetable oil, olive oil'})",0.05324443827117624,0.33428247331990646,0.05319813875963609,0.9991304347826088,2.9888807057689997,1.0,0.03539945624381821,765.5751556821706,0.7028494156061207,0.15911923556294144,0.9986937925132785,0.5791358545104179
"frozenset({'Vegetable oil, olive oil'})","frozenset({'Garlic, raw', 'Tomato, peeled tomato, canned', 'Onion, raw'})",0.33428247331990646,0.05324443827117624,0.05319813875963609,0.15914127423822716,2.9888807057689992,1.0,0.03539945624381821,1.1259389154475554,0.9995629777112883,0.15911923556294144,0.11185235159715134,0.5791358545104179
"frozenset({'Potato, raw'})","frozenset({'Parsley, raw', 'Vegetable oil, olive oil'})",0.08421881149153876,0.11139662476560873,0.028034354237562793,0.33287520615722926,2.988198312629641,1.0,0.018652662895634314,1.3319897318099365,0.7265383887917553,0.16728829948887966,0.24924346177865916,0.2922688582739596
"frozenset({'Parsley, raw', 'Vegetable oil, olive oil'})","frozenset({'Potato, raw'})",0.11139662476560873,0.08421881149153876,0.028034354237562793,0.25166251039068993,2.988198312629641,1.0,0.018652662895634314,1.223754256901615,0.7487594665159059,0.16728829948887966,0.18284247481854024,0.2922688582739596
"frozenset({'Onion, raw'})","frozenset({'Tomato, sauce type, red ripe, raw'})",0.16524295668680694,0.07218093849109893,0.035627474130147926,0.21560661249649762,2.987029775500708,1.0,0.02370008243745019,1.1828491625380488,0.796901659310392,0.17655156590570154,0.15458366825547562,0.3545961221558819
"frozenset({'Tomato, sauce type, red ripe, raw'})","frozenset({'Onion, raw'})",0.07218093849109893,0.16524295668680694,0.035627474130147926,0.49358563181526616,2.987029775500708,1.0,0.02370008243745019,1.6483676130782365,0.7169709057879046,0.17655156590570154,0.3933392090053538,0.3545961221558819
"frozenset({'Garlic, raw', 'Tomato, peeled tomato, canned', 'Pasta, unenriched, dry, raw'})","frozenset({'Vegetable oil, olive oil'})",0.05164710512304095,0.33428247331990646,0.051554506099960644,0.9982070820259973,2.9861185126230616,1.0,0.0342897840596173,371.3039505058165,0.7013392511572949,0.15418166712821935,0.9973067886871719,0.5762157293786496
"frozenset({'Vegetable oil, olive oil'})","frozenset({'Garlic, raw', 'Tomato, peeled tomato, canned', 'Pasta, unenriched, dry, raw'})",0.33428247331990646,0.05164710512304095,0.051554506099960644,0.15422437673130193,2.986118512623061,1.0,0.0342897840596173,1.1212818965056324,0.9990980896098252,0.15418166712821935,0.10816360888693183,0.5762157293786496
"frozenset({'Cheese, Parmesan, hard type', 'Garlic, raw', 'Tomato, peeled tomato, canned'})","frozenset({'Vegetable oil, olive oil'})",0.022339514318123945,0.33428247331990646,0.02229321480658379,0.9979274611398964,2.9852820317770155,1.0,0.014825506707555856,321.2087066231474,0.6802190373227883,0.06668051516410471,0.9968867593580729,0.5323086059162085
"frozenset({'Vegetable oil, olive oil'})","frozenset({'Cheese, Parmesan, hard type', 'Garlic, raw', 'Tomato, peeled tomato, canned'})",0.33428247331990646,0.022339514318123945,0.02229321480658379,0.06668975069252078,2.9852820317770155,1.0,0.014825506707555856,1.0475192856901603,0.9989571368437595,0.06668051516410471,0.045363638015363236,0.5323086059162085
"frozenset({'Cheese, Parmesan, hard type', 'Pasta, unenriched, dry, raw', 'Garlic, raw', 'Onion, raw'})","frozenset({'Vegetable oil, olive oil'})",0.02141352408732088,0.33428247331990646,0.021367224575780726,0.9978378378378379,2.9850139252826238,1.0,0.01420905878137571,307.8943560895464,0.6795446329933249,0.0639108156764991,0.9967521327357194,0.5308787527139328
"frozenset({'Vegetable oil, olive oil'})","frozenset({'Cheese, Parmesan, hard type', 'Pasta, unenriched, dry, raw', 'Garlic, raw', 'Onion, raw'})",0.33428247331990646,0.02141352408732088,0.021367224575780726,0.0639196675900277,2.9850139252826233,1.0,0.01420905878137571,1.045408649269741,0.9989119423407805,0.0639108156764991,0.0434362670535207,0.5308787527139328
"frozenset({'Vegetable oil, olive oil'})","frozenset({'Cheese, Parmesan, hard type', 'Garlic, raw', 'Tomato, peeled tomato, canned', 'Onion, raw'})",0.33428247331990646,0.020927379216149268,0.020881079704609118,0.062465373961218845,2.9848636714632417,1.0,0.013885423620131135,1.044305557993707,0.9988866106214417,0.062456723445506165,0.04242585673758709,0.530126492290344
"frozenset({'Cheese, Parmesan, hard type', 'Garlic, raw', 'Tomato, peeled tomato, canned', 'Onion, raw'})","frozenset({'Vegetable oil, olive oil'})",0.020927379216149268,0.33428247331990646,0.020881079704609118,0.9977876106194692,2.9848636714632417,1.0,0.013885423620131135,300.9043220594245,0.6791899903445204,0.062456723445506165,0.9966766844917485,0.530126492290344
"frozenset({'Garlic, raw', 'Pasta, unenriched, dry, raw'})","frozenset({'Water, tap water', 'Vegetable oil, olive oil'})",0.08292242516841447,0.09597888742273769,0.02375164942009862,0.2864321608040201,2.984324662385735,1.0,0.015792847310038976,1.2669028267808113,0.7250376983731575,0.153088630259624,0.21067347955881427,0.2669497996494775
"frozenset({'Water, tap water', 'Vegetable oil, olive oil'})","frozenset({'Garlic, raw', 'Pasta, unenriched, dry, raw'})",0.09597888742273769,0.08292242516841447,0.02375164942009862,0.24746743849493488,2.9843246623857347,1.0,0.015792847310038976,1.2186550080935108,0.7355091654772639,0.153088630259624,0.17942322202866848,0.2669497996494775
"frozenset({'Celery, raw', 'Onion, raw'})","frozenset({'Vegetable oil, olive oil', 'Pasta, unenriched, dry, raw'})",0.0519943514595921,0.1292450864643378,0.02004768849688636,0.38557435440783616,2.9832805637390827,1.0,0.013327674046834211,1.4171851708703604,0.7012601045253036,0.12437167887404854,0.2943759075704604,0.27034404627072806
"frozenset({'Vegetable oil, olive oil', 'Pasta, unenriched, dry, raw'})","frozenset({'Celery, raw', 'Onion, raw'})",0.1292450864643378,0.0519943514595921,0.02004768849688636,0.15511373813361992,2.9832805637390827,1.0,0.013327674046834211,1.1220512053850111,0.7634737741377069,0.12437167887404854,0.10877507621689285,0.27034404627072806
"frozenset({'Garlic, raw', 'Tomato, peeled tomato, canned'})","frozenset({'Vegetable oil, olive oil'})",0.05852258258675371,0.33428247331990646,0.0583373845405931,0.9968354430379747,2.9820152792874928,1.0,0.038774310888424576,210.36673843090844,0.7059715933551041,0.17441860465116282,0.9952463968046525,0.5856753392475191
"frozenset({'Vegetable oil, olive oil'})","frozenset({'Garlic, raw', 'Tomato, peeled tomato, canned'})",0.33428247331990646,0.05852258258675371,0.0583373845405931,0.1745152354570637,2.9820152792874923,1.0,0.038774310888424576,1.140514589550946,0.998405909175461,0.17441860465116282,0.12320279884036442,0.5856753392475191
"frozenset({'Garlic, raw', 'Onion, raw', 'Pasta, unenriched, dry, raw'})","frozenset({'Vegetable oil, olive oil'})",0.058082737227122254,0.33428247331990646,0.05787438942519156,0.9964129135113591,2.9807512898164945,1.0,0.03845834836771893,185.58725271559342,0.7054909555642941,0.1730223544881999,0.9946116988889724,0.5847715537085881
"frozenset({'Vegetable oil, olive oil'})","frozenset({'Garlic, raw', 'Onion, raw', 'Pasta, unenriched, dry, raw'})",0.33428247331990646,0.058082737227122254,0.05787438942519156,0.17313019390581716,2.980751289816494,1.0,0.03845834836771893,1.1391361201373833,0.9981923010049726,0.1730223544881999,0.12214178593564647,0.5847715537085881
"frozenset({'Parsley, raw', 'Tomato, sauce type, red ripe, raw', 'Onion, raw'})","frozenset({'Vegetable oil, olive oil'})",0.020140287519966663,0.33428247331990646,0.02004768849688636,0.9954022988505749,2.9777280542554214,1.0,0.013315143371337858,144.79356205292473,0.6778250889601367,0.05995569094433676,0.9930936155874494,0.527687299009775
"frozenset({'Vegetable oil, olive oil'})","frozenset({'Parsley, raw', 'Tomato, sauce type, red ripe, raw', 'Onion, raw'})",0.33428247331990646,0.020140287519966663,0.02004768849688636,0.05997229916897508,2.9777280542554214,1.0,0.013315143371337858,1.0423732317822072,0.9976806530728416,0.05995569094433676,0.040650729019354466,0.527687299009775
"frozenset({'Garlic, raw', 'Onion, raw'})","frozenset({'Water, tap water', 'Vegetable oil, olive oil'})",0.08056115007986665,0.09597888742273769,0.023010857235456168,0.285632183908046,2.9759897366801407,1.0,0.01527868768129437,1.265484099665677,0.7221549707642335,0.14987937273823887,0.2097885700308792,0.2626906698604388
"frozenset({'Water, tap water', 'Vegetable oil, olive oil'})","frozenset({'Garlic, raw', 'Onion, raw'})",0.09597888742273769,0.08056115007986665,0.023010857235456168,0.23974915581283165,2.9759897366801407,1.0,0.01527868768129437,1.2093887918048454,0.7344710500075046,0.14987937273823887,0.17313604460676507,0.2626906698604388
"frozenset({'Garlic, raw'})","frozenset({'Bread, white, pastry flour (9% protein, Italian ""tipo 00"")', 'Vegetable oil, olive oil'})",0.14417667893603722,0.065259161515846,0.02798805472602264,0.1941233140655106,2.9746522872252084,1.0,0.018579205548517514,1.1599055473359854,0.775658057548988,0.15424853278897677,0.1378608350509649,0.3114994009135641
"frozenset({'Bread, white, pastry flour (9% protein, Italian ""tipo 00"")', 'Vegetable oil, olive oil'})","frozenset({'Garlic, raw'})",0.065259161515846,0.14417667893603722,0.02798805472602264,0.4288754877616176,2.974652287225208,1.0,0.018579205548517514,1.4984881627821809,0.7101714480541022,0.15424853278897677,0.3326607277675511,0.3114994009135641
"frozenset({'Cheese, Parmesan, hard type', 'Garlic, raw', 'Pasta, unenriched, dry, raw'})","frozenset({'Vegetable oil, olive oil'})",0.02840475032988402,0.33428247331990646,0.028242702039493483,0.9942950285248574,2.974415675013038,1.0,0.018747491845185427,116.69077217663985,0.6832058027396619,0.0844465979096006,0.9914303420797811,0.5393912815754481
"frozenset({'Vegetable oil, olive oil'})","frozenset({'Cheese, Parmesan, hard type', 'Garlic, raw', 'Pasta, unenriched, dry, raw'})",0.33428247331990646,0.02840475032988402,0.028242702039493483,0.08448753462603878,2.9744156750130375,1.0,0.018747491845185427,1.0612583513794611,0.9971188768294194,0.0844465979096006,0.0577223739156778,0.5393912815754481
"frozenset({'Alcoholic beverage, wine, red wine, table type'})","frozenset({'Vegetable oil, extra-virgin olive oil'})",0.08921915873787531,0.1275551542931222,0.033844942935852024,0.3793461338868708,2.9739773040855098,1.0,0.022464579377139776,1.4056866368538075,0.7287702218932283,0.1850164515312579,0.2886038937965653,0.32234094353145715
"frozenset({'Vegetable oil, extra-virgin olive oil'})","frozenset({'Alcoholic beverage, wine, red wine, table type'})",0.1275551542931222,0.08921915873787531,0.033844942935852024,0.2653357531760436,2.9739773040855098,1.0,0.022464579377139776,1.2397239217772498,0.7607930278330798,0.1850164515312579,0.19336879571831214,0.32234094353145715
"frozenset({'Onion, raw'})","frozenset({'Vegetable oil, extra-virgin olive oil', 'Vegetable oil, olive oil'})",0.16524295668680694,0.07650994282010325,0.03759520337060444,0.2275147100028019,2.9736620054435807,1.0,0.02495247420307204,1.1954791491023038,0.7950987755835845,0.1841478625694523,0.16351531454905832,0.3594457059847595
"frozenset({'Vegetable oil, extra-virgin olive oil', 'Vegetable oil, olive oil'})","frozenset({'Onion, raw'})",0.07650994282010325,0.16524295668680694,0.03759520337060444,0.49137670196671707,2.9736620054435807,1.0,0.02495247420307204,1.6412088210292102,0.7187021645635334,0.1841478625694523,0.39069301408403667,0.3594457059847595
"frozenset({'Vegetable oil, olive oil'})","frozenset({'Parsley, raw', 'Pasta, unenriched, dry, raw', 'Onion, raw'})",0.33428247331990646,0.026367571822117276,0.02620552353172674,0.07839335180055403,2.973097118286683,1.0,0.017391306407589104,1.0564511769528575,0.99689490259001,0.07835536789644909,0.05343472389862885,0.5361238049608564
"frozenset({'Parsley, raw', 'Pasta, unenriched, dry, raw', 'Onion, raw'})","frozenset({'Vegetable oil, olive oil'})",0.026367571822117276,0.33428247331990646,0.02620552353172674,0.9938542581211589,2.973097118286683,1.0,0.017391306407589104,108.32175184123228,0.6816231564454067,0.07835536789644909,0.9907682438383594,0.5361238049608564
"frozenset({'Parsley, raw', 'Tomato, sauce type, red ripe, raw'})","frozenset({'Vegetable oil, olive oil'})",0.025719378660555132,0.33428247331990646,0.025557330370164593,0.9936993699369936,2.972633773072598,1.0,0.016959792859263002,105.6588817345102,0.6811158586937582,0.07641724925590088,0.9905355803167337,0.5350768317829012
"frozenset({'Vegetable oil, olive oil'})","frozenset({'Parsley, raw', 'Tomato, sauce type, red ripe, raw'})",0.33428247331990646,0.025719378660555132,0.025557330370164593,0.07645429362880886,2.9726337730725976,1.0,0.016959792859263002,1.0549349259254337,0.9968161501194668,0.07641724925590088,0.05207423185581087,0.5350768317829012
"frozenset({'Parsley, raw', 'Garlic, raw', 'Onion, raw'})","frozenset({'Vegetable oil, olive oil'})",0.03213186100886636,0.33428247331990646,0.031877213695395513,0.9920749279538905,2.9677742841291006,1.0,0.0211360957249802,84.00144791199754,0.6850593839852649,0.09528752335478516,0.9880954432946486,0.5437175193786074
"frozenset({'Vegetable oil, olive oil'})","frozenset({'Parsley, raw', 'Garlic, raw', 'Onion, raw'})",0.33428247331990646,0.03213186100886636,0.031877213695395513,0.0953601108033241,2.9677742841291,1.0,0.0211360957249802,1.069893280795527,0.9959887257029572,0.09528752335478516,0.0653273387636918,0.5437175193786074
"frozenset({'Cheese, Parmesan, hard type'})","frozenset({'Alcoholic beverage, wine, red wine, table type', 'Vegetable oil, olive oil'})",0.11905919392550408,0.06792138342940482,0.023983146977799383,0.2014388489208633,2.9657648114637123,1.0,0.015896481816389356,1.1671975468766913,0.7523988467516086,0.1471381905979264,0.14324699989654352,0.27727020837317873
"frozenset({'Alcoholic beverage, wine, red wine, table type', 'Vegetable oil, olive oil'})","frozenset({'Cheese, Parmesan, hard type'})",0.06792138342940482,0.11905919392550408,0.023983146977799383,0.3531015678254942,2.9657648114637123,1.0,0.015896481816389356,1.3617915305703745,0.7111190352006982,0.1471381905979264,0.2656732124180867,0.27727020837317873
"frozenset({'Vegetable oil, olive oil'})","frozenset({'Garlic, raw', 'Onion, raw'})",0.33428247331990646,0.08056115007986665,0.07982035789522421,0.23878116343490308,2.963974114051008,1.0,0.0528901773930302,1.2078508909067254,0.9953397808841781,0.23825317855168607,0.17208323682296017,0.6147928805680263
"frozenset({'Garlic, raw', 'Onion, raw'})","frozenset({'Vegetable oil, olive oil'})",0.08056115007986665,0.33428247331990646,0.07982035789522421,0.9908045977011495,2.963974114051008,1.0,0.0528901773930302,72.39678102646062,0.7206734163931392,0.23825317855168607,0.9861872311748985,0.6147928805680263
"frozenset({'Garlic, raw', 'Pasta, unenriched, dry, raw'})","frozenset({'Vegetable oil, olive oil'})",0.08292242516841447,0.33428247331990646,0.08213533347223187,0.9905080960357343,2.963087134657591,1.0,0.05441582009324942,70.13529942847399,0.7224188678488171,0.24512919718115242,0.9857418445754291,0.618107233613435
"frozenset({'Vegetable oil, olive oil'})","frozenset({'Garlic, raw', 'Pasta, unenriched, dry, raw'})",0.33428247331990646,0.08292242516841447,0.08213533347223187,0.24570637119113575,2.963087134657591,1.0,0.05441582009324942,1.21580978521558,0.9951880742021383,0.24512919718115242,0.17750291849914152,0.618107233613435
"frozenset({'Vegetable oil, olive oil'})","frozenset({'Garlic, raw', 'Tomato, sauce type, red ripe, raw'})",0.33428247331990646,0.02421464453550015,0.023983146977799383,0.07174515235457064,2.962882740210696,1.0,0.015888615711910033,1.051204157931019,0.995153102222685,0.0716955017301038,0.04871000323267272,0.5310924614545319
"frozenset({'Garlic, raw', 'Tomato, sauce type, red ripe, raw'})","frozenset({'Vegetable oil, olive oil'})",0.02421464453550015,0.33428247331990646,0.023983146977799383,0.9904397705544933,2.962882740210696,1.0,0.015888615711910033,69.6340532907376,0.6789309330886042,0.0716955017301038,0.9856392102320286,0.5310924614545319
"frozenset({'Vegetable oil, olive oil'})","frozenset({'Lettuce, raw', 'Garlic, raw'})",0.33428247331990646,0.02578882792786536,0.025534180614394518,0.07638504155124654,2.961943123778453,1.0,0.016913427430646208,1.054780634679585,0.9949922713444898,0.0763268977925403,0.05193557113060373,0.5332553574003989
"frozenset({'Lettuce, raw', 'Garlic, raw'})","frozenset({'Vegetable oil, olive oil'})",0.02578882792786536,0.33428247331990646,0.025534180614394518,0.9901256732495511,2.961943123778453,1.0,0.016913427430646208,67.41902952014748,0.6799180844296627,0.0763268977925403,0.985167392543063,0.5332553574003989
"frozenset({'Parsley, raw', 'Garlic, raw', 'Pasta, unenriched, dry, raw'})","frozenset({'Vegetable oil, olive oil'})",0.036460865337870685,0.33428247331990646,0.036067319489779384,0.9892063492063493,2.9591929824561407,1.0,0.023879091245251925,61.67677085418573,0.6871231325834953,0.1077678633188075,0.9837864404029165,0.5485505430242272
"frozenset({'Vegetable oil, olive oil'})","frozenset({'Parsley, raw', 'Garlic, raw', 'Pasta, unenriched, dry, raw'})",0.33428247331990646,0.036460865337870685,0.036067319489779384,0.10789473684210527,2.9591929824561403,1.0,0.023879091245251925,1.0800733662879327,0.9945209522686735,0.1077678633188075,0.07413696956821923,0.5485505430242272
"frozenset({'Vegetable oil, olive oil'})","frozenset({'Garlic, raw', 'Bread, white, pastry flour (9% protein, Italian ""tipo 00"")'})",0.33428247331990646,0.02831215130680371,0.02798805472602264,0.0837257617728532,2.957237719788994,1.0,0.01852379876217687,1.0604771018917507,0.994185326272773,0.08364466583644665,0.05702820153671176,0.5361392504694192
"frozenset({'Garlic, raw', 'Bread, white, pastry flour (9% protein, Italian ""tipo 00"")'})","frozenset({'Vegetable oil, olive oil'})",0.02831215130680371,0.33428247331990646,0.02798805472602264,0.9885527391659853,2.957237719788994,1.0,0.01852379876217687,58.155181080696806,0.681130876914903,0.08364466583644665,0.9828046275255787,0.5361392504694192
"frozenset({'Parsley, raw', 'Potato, raw'})","frozenset({'Vegetable oil, olive oil'})",0.028381600574113944,0.33428247331990646,0.028034354237562793,0.9877650897226753,2.9548814806613857,1.0,0.018546882600870306,54.41131251398598,0.6809020407921548,0.0837772397094431,0.9816214688858506,0.5358146778253265
"frozenset({'Vegetable oil, olive oil'})","frozenset({'Parsley, raw', 'Potato, raw'})",0.33428247331990646,0.028381600574113944,0.028034354237562793,0.08386426592797784,2.9548814806613857,1.0,0.018546882600870306,1.0605616212646303,0.9937802814649487,0.0837772397094431,0.05710334981989609,0.5358146778253265
"frozenset({'Cheese, Parmesan, hard type', 'Garlic, raw', 'Onion, raw'})","frozenset({'Vegetable oil, olive oil'})",0.027895455702942332,0.33428247331990646,0.027548209366391185,0.9875518672199171,2.9542436293835705,1.0,0.018223247439625733,53.479307976634374,0.6804863591464402,0.08232445520581115,0.9813011791319942,0.534980919759543
"frozenset({'Vegetable oil, olive oil'})","frozenset({'Cheese, Parmesan, hard type', 'Garlic, raw', 'Onion, raw'})",0.33428247331990646,0.027895455702942332,0.027548209366391185,0.08240997229916898,2.9542436293835705,1.0,0.018223247439625733,1.0594105373320386,0.9936705217260949,0.08232445520581115,0.05607886200722049,0.534980919759543
"frozenset({'Coffee, brewed, espresso, homemade, without sugar', 'Vegetable oil, olive oil'})","frozenset({'Garlic, raw'})",0.05796698844827187,0.14417667893603722,0.024654489895131606,0.4253194888178914,2.949988111507138,1.0,0.016297002012736136,1.4892158415178338,0.7016904661943104,0.13890700404330247,0.3285056657866443,0.2981607078000825
"frozenset({'Garlic, raw'})","frozenset({'Coffee, brewed, espresso, homemade, without sugar', 'Vegetable oil, olive oil'})",0.14417667893603722,0.05796698844827187,0.024654489895131606,0.1710019267822736,2.949988111507138,1.0,0.016297002012736136,1.136351267856704,0.7723738846288802,0.13890700404330247,0.1199904217239789,0.2981607078000825
"frozenset({'Alcoholic beverage, wine, red wine, table type', 'Garlic, raw'})","frozenset({'Vegetable oil, olive oil'})",0.029006643979906013,0.33428247331990646,0.028589948376044633,0.985634477254589,2.9485077918259335,1.0,0.01889353568373168,46.34133671834201,0.680586936428058,0.08541983676857104,0.9784209936351664,0.5355803965220314
"frozenset({'Vegetable oil, olive oil'})","frozenset({'Alcoholic beverage, wine, red wine, table type', 'Garlic, raw'})",0.33428247331990646,0.029006643979906013,0.028589948376044633,0.08552631578947369,2.9485077918259335,1.0,0.01889353568373168,1.061805684280966,0.9926813805869341,0.08541983676857104,0.058208093247136536,0.5355803965220314
"frozenset({'Vegetable oil, olive oil'})","frozenset({'Parsley, raw', 'Pasta, unenriched, dry, raw'})",0.33428247331990646,0.04558186911128088,0.044841076926638426,0.13414127423822717,2.942864714712391,1.0,0.029603856981575208,1.102279277775982,0.991704473148501,0.1338446655610835,0.0927888964603837,0.5589446848590831
"frozenset({'Parsley, raw', 'Pasta, unenriched, dry, raw'})","frozenset({'Vegetable oil, olive oil'})",0.04558186911128088,0.33428247331990646,0.044841076926638426,0.983748095479939,2.942864714712391,1.0,0.029603856981575208,40.96243156353442,0.6917251754713166,0.1338446655610835,0.9755873867387741,0.5589446848590831
"frozenset({'Vegetable oil, olive oil'})","frozenset({'Parsley, raw', 'Onion, raw'})",0.33428247331990646,0.05349908558464708,0.052596245109614095,0.15734072022160667,2.9409983087030476,1.0,0.03471243846002492,1.1232308681917895,0.9913805432308705,0.1569169141515298,0.1097110769312905,0.5702324544422616
"frozenset({'Parsley, raw', 'Onion, raw'})","frozenset({'Vegetable oil, olive oil'})",0.05349908558464708,0.33428247331990646,0.052596245109614095,0.9831241886629165,2.9409983087030476,1.0,0.03471243846002492,39.44803087583842,0.6972834290879554,0.1569169141515298,0.9746501922200509,0.5702324544422616
"frozenset({'Parsley, raw', 'Bread, white, pastry flour (9% protein, Italian ""tipo 00"")'})","frozenset({'Vegetable oil, olive oil'})",0.02180706993541218,0.33428247331990646,0.02141352408732088,0.9819532908704884,2.937495589039646,1.0,0.014123802813451124,36.88858294897953,0.6742779840543419,0.06398284568029329,0.9728913414379973,0.5230057313078204
"frozenset({'Vegetable oil, olive oil'})","frozenset({'Parsley, raw', 'Bread, white, pastry flour (9% protein, Italian ""tipo 00"")'})",0.33428247331990646,0.02180706993541218,0.02141352408732088,0.06405817174515235,2.9374955890396457,1.0,0.014123802813451124,1.0451428716339364,0.9907715066319929,0.06398284568029329,0.04319301490652813,0.5230057313078204
"frozenset({'Vegetable oil, olive oil'})","frozenset({'Garlic, raw', 'Water, tap water', 'Pasta, unenriched, dry, raw'})",0.33428247331990646,0.024191494779730073,0.02375164942009862,0.07105263157894738,2.937091412742383,1.0,0.015664856711824843,1.0504454163844266,0.9907011368568553,0.07095926412614981,0.048022882100868046,0.5264354066985647
"frozenset({'Garlic, raw', 'Water, tap water', 'Pasta, unenriched, dry, raw'})","frozenset({'Vegetable oil, olive oil'})",0.024191494779730073,0.33428247331990646,0.02375164942009862,0.9818181818181819,2.9370914127423826,1.0,0.015664856711824843,36.61446396740536,0.6758775999381428,0.07095926412614981,0.9726883889140037,0.5264354066985647
"frozenset({'Vegetable oil, olive oil'})","frozenset({'Garlic, raw', 'Bread, white, high gluten flour (12% protein, Italian ""tipo 1"")'})",0.33428247331990646,0.03025673079149015,0.02970113665300831,0.08885041551246538,2.9365504199632495,1.0,0.01958684184945441,1.064307426265173,0.990606916107938,0.08870298672566372,0.06042185244430573,0.5352438764631952
"frozenset({'Garlic, raw', 'Bread, white, high gluten flour (12% protein, Italian ""tipo 1"")'})","frozenset({'Vegetable oil, olive oil'})",0.03025673079149015,0.33428247331990646,0.02970113665300831,0.981637337413925,2.9365504199632495,1.0,0.01958684184945441,36.25386697378673,0.6800401787184526,0.08870298672566372,0.9724167355520158,0.5352438764631952
"frozenset({'Parsley, raw', 'Juice, lemon juice'})","frozenset({'Vegetable oil, olive oil'})",0.021251475796930343,0.33428247331990646,0.02085792994883904,0.9814814814814814,2.9360841797476147,1.0,0.013753934057743035,35.94874644072489,0.673728025019781,0.0623227502248046,0.9721826183383369,0.521938801682569
"frozenset({'Vegetable oil, olive oil'})","frozenset({'Parsley, raw', 'Juice, lemon juice'})",0.33428247331990646,0.021251475796930343,0.02085792994883904,0.062396121883656515,2.9360841797476147,1.0,0.013753934057743035,1.0438827601368141,0.9905256866088716,0.0623227502248046,0.04203801596556944,0.521938801682569
"frozenset({'Onion, raw'})","frozenset({'Coffee, brewed, espresso, homemade, without sugar', 'Vegetable oil, olive oil'})",0.16524295668680694,0.05796698844827187,0.028103803504873022,0.17007565144298123,2.934008752149545,1.0,0.018525166943450595,1.1350829906239426,0.7896541787888995,0.1440436639772188,0.11900714902765736,0.32744996629657047
"frozenset({'Coffee, brewed, espresso, homemade, without sugar', 'Vegetable oil, olive oil'})","frozenset({'Onion, raw'})",0.05796698844827187,0.16524295668680694,0.028103803504873022,0.48482428115015974,2.934008752149545,1.0,0.018525166943450595,1.6203346019040583,0.6997306670176425,0.1440436639772188,0.38284351958854795,0.32744996629657047
"frozenset({'Vegetable oil, olive oil'})","frozenset({'Garlic, raw', 'Egg, chicken, whole, raw, fresh'})",0.33428247331990646,0.02435354307012061,0.023867398198949,0.07139889196675901,2.9317660991331644,1.0,0.015726435587366215,1.0506626025853874,0.9897721524691311,0.07129520780029044,0.04821966867453053,0.5257184573902236
"frozenset({'Garlic, raw', 'Egg, chicken, whole, raw, fresh'})","frozenset({'Vegetable oil, olive oil'})",0.02435354307012061,0.33428247331990646,0.023867398198949,0.9800380228136882,2.9317660991331644,1.0,0.015726435587366215,33.34927800321235,0.675355980271795,0.07129520780029044,0.9700143433418955,0.5257184573902236
"frozenset({'Cheese, Parmesan, hard type', 'Garlic, raw'})","frozenset({'Vegetable oil, olive oil'})",0.043382642313123596,0.33428247331990646,0.04250295159386069,0.9797225186766276,2.93082227418797,1.0,0.028000894622276902,32.8303853946974,0.6886753841106282,0.12681309573145463,0.9695404123960873,0.5534346665405299
"frozenset({'Vegetable oil, olive oil'})","frozenset({'Cheese, Parmesan, hard type', 'Garlic, raw'})",0.33428247331990646,0.043382642313123596,0.04250295159386069,0.12714681440443215,2.93082227418797,1.0,0.028000894622276902,1.0959659350205089,0.989607152957662,0.12681309573145463,0.08756288124841506,0.5534346665405299
"frozenset({'Potato, raw'})","frozenset({'Parsley, raw'})",0.08421881149153876,0.1149848369099706,0.028381600574113944,0.33699835074216605,2.9308068767886746,1.0,0.0186977142700078,1.334861178823187,0.7193825795628452,0.16614717441387725,0.25085842942739595,0.29191371130826843
"frozenset({'Parsley, raw'})","frozenset({'Potato, raw'})",0.1149848369099706,0.08421881149153876,0.028381600574113944,0.24682907187437084,2.9308068767886746,1.0,0.0186977142700078,1.2159008723126241,0.7443906739452417,0.16614717441387725,0.1775645344360878,0.29191371130826843
"frozenset({'Vegetable oil, olive oil'})","frozenset({'Garlic, raw', 'Water, tap water', 'Onion, raw'})",0.33428247331990646,0.023497002106627776,0.023010857235456168,0.06883656509695292,2.9295892635399756,1.0,0.015156221255649582,1.0486913051896694,0.9893914378226099,0.0687366018947514,0.046430541522286164,0.5240734549622696
"frozenset({'Garlic, raw', 'Water, tap water', 'Onion, raw'})","frozenset({'Vegetable oil, olive oil'})",0.023497002106627776,0.33428247331990646,0.023010857235456168,0.9793103448275863,2.9295892635399756,1.0,0.015156221255649582,32.1763471228713,0.6745040438448815,0.0687366018947514,0.9689212701435214,0.5240734549622696
"frozenset({'Vegetable oil, olive oil'})","frozenset({'Lettuce, raw', 'Parsley, raw'})",0.33428247331990646,0.023034006991226243,0.022547862120054635,0.06745152354570638,2.928345188546612,1.0,0.01484799729255951,1.0476302494465093,0.989173602870302,0.06735357167554112,0.0454647519691929,0.5231729979537577
"frozenset({'Lettuce, raw', 'Parsley, raw'})","frozenset({'Vegetable oil, olive oil'})",0.023034006991226243,0.33428247331990646,0.022547862120054635,0.978894472361809,2.9283451885466114,1.0,0.01484799729255951,31.542330430794905,0.674035953218835,0.06735357167554112,0.9682965720559539,0.5231729979537577
"frozenset({'Garlic, raw'})","frozenset({'Vegetable oil, olive oil'})",0.14417667893603722,0.33428247331990646,0.1411209111743871,0.978805394990366,2.9280787151938257,1.0,0.09292517434459852,31.409763304269745,0.7694101229312578,0.41833653582212454,0.968162765497056,0.7004830299051553
"frozenset({'Vegetable oil, olive oil'})","frozenset({'Garlic, raw'})",0.33428247331990646,0.14417667893603722,0.1411209111743871,0.4221606648199446,2.9280787151938257,1.0,0.09292517434459852,1.4810748748997629,0.9891269198680553,0.41833653582212454,0.3248146890158551,0.7004830299051553
"frozenset({'Vegetable oil, olive oil'})","frozenset({'Parsley, raw', 'Garlic, raw'})",0.33428247331990646,0.07197259068916823,0.07044470680834317,0.21073407202216066,2.9279767478743244,1.0,0.046385531181526746,1.1758108090241652,0.9891090541432248,0.20977526540741762,0.14952304203605252,0.594752690562383
"frozenset({'Parsley, raw', 'Garlic, raw'})","frozenset({'Vegetable oil, olive oil'})",0.07197259068916823,0.33428247331990646,0.07044470680834317,0.9787713091026053,2.9279767478743244,1.0,0.046385531181526746,31.359330158309266,0.7095342513968448,0.20977526540741762,0.9681115637690039,0.594752690562383
"frozenset({'Parsley, raw', 'Alcoholic beverage, wine, red wine, table type'})","frozenset({'Vegetable oil, olive oil'})",0.026089774752876358,0.33428247331990646,0.025534180614394518,0.9787045252883761,2.9277769652965366,1.0,0.01681282618164376,31.260985523685953,0.6760827753080013,0.07625829646017698,0.9680112452231451,0.5275447834198114
"frozenset({'Vegetable oil, olive oil'})","frozenset({'Parsley, raw', 'Alcoholic beverage, wine, red wine, table type'})",0.33428247331990646,0.026089774752876358,0.025534180614394518,0.07638504155124654,2.927776965296536,1.0,0.01681282618164376,1.054454798872945,0.9890740465697957,0.07625829646017698,0.05164261088398376,0.5275447834198114
"frozenset({'Vegetable oil, extra-virgin olive oil', 'Vegetable oil, olive oil'})","frozenset({'Pasta, unenriched, dry, raw'})",0.07650994282010325,0.1468620506053661,0.03287265319350881,0.4296520423600605,2.9255484353448193,1.0,0.021636246099249138,1.495820118169371,0.7127134107159754,0.17256045692064648,0.33147041689489415,0.32674279293286757
"frozenset({'Pasta, unenriched, dry, raw'})","frozenset({'Vegetable oil, extra-virgin olive oil', 'Vegetable oil, olive oil'})",0.1468620506053661,0.07650994282010325,0.03287265319350881,0.22383354350567464,2.9255484353448193,1.0,0.021636246099249138,1.189809285692377,0.7714857238293136,0.17256045692064648,0.15952916822457203,0.32674279293286757
"frozenset({'Vegetable oil, olive oil'})","frozenset({'Parsley, raw', 'Bread, white, high gluten flour (12% protein, Italian ""tipo 1"")'})",0.33428247331990646,0.024122045512419844,0.023589601129708083,0.07056786703601109,2.925451201875788,1.0,0.015526024094281027,1.0499722571194887,0.9886661550306325,0.0704556454400885,0.04759388334372129,0.5242474651878712
"frozenset({'Parsley, raw', 'Bread, white, high gluten flour (12% protein, Italian ""tipo 1"")'})","frozenset({'Vegetable oil, olive oil'})",0.024122045512419844,0.33428247331990646,0.023589601129708083,0.9779270633397313,2.925451201875788,1.0,0.015526024094281027,30.159898382637355,0.6744412909551868,0.0704556454400885,0.96684338961249,0.5242474651878712
"frozenset({'Alcoholic beverage, wine, red wine, table type', 'Vegetable oil, olive oil'})","frozenset({'Garlic, raw'})",0.06792138342940482,0.14417667893603722,0.028589948376044633,0.42092706203135655,2.9195225270662344,1.0,0.018797268884451858,1.4779197316078085,0.7053892519035521,0.1557966443799672,0.3233732667523738,0.3096125355115036
"frozenset({'Garlic, raw'})","frozenset({'Alcoholic beverage, wine, red wine, table type', 'Vegetable oil, olive oil'})",0.14417667893603722,0.06792138342940482,0.028589948376044633,0.19829800899165062,2.9195225270662344,1.0,0.018797268884451858,1.162624799519661,0.7682406191509837,0.1557966443799672,0.13987728421658424,0.3096125355115036
"frozenset({'Garlic, raw', 'Apple, peeled, fresh'})","frozenset({'Vegetable oil, olive oil'})",0.02203856749311295,0.33428247331990646,0.021506123110401187,0.9758403361344539,2.919208795013851,1.0,0.014139016260375701,27.55491675649788,0.6722570081414213,0.06423287008227892,0.9637088361094691,0.5200877580949278
"frozenset({'Vegetable oil, olive oil'})","frozenset({'Garlic, raw', 'Apple, peeled, fresh'})",0.33428247331990646,0.02203856749311295,0.021506123110401187,0.06433518005540168,2.919208795013851,1.0,0.014139016260375701,1.0452048764265747,0.9875681506740738,0.06423287008227892,0.04324977566228397,0.5200877580949278
"frozenset({'Parsley, raw', 'Egg, chicken, whole, raw, fresh'})","frozenset({'Vegetable oil, olive oil'})",0.025372132324003982,0.33428247331990646,0.024747088918211913,0.9753649635036497,2.917786726348141,1.0,0.016265629771543916,27.023200342273444,0.6743850576797935,0.07389230662887952,0.9629947605267293,0.5246977172088886
"frozenset({'Vegetable oil, olive oil'})","frozenset({'Parsley, raw', 'Egg, chicken, whole, raw, fresh'})",0.33428247331990646,0.025372132324003982,0.024747088918211913,0.07403047091412743,2.9177867263481407,1.0,0.016265629771543916,1.0525485310927667,0.9873173597168338,0.07389230662887952,0.0499250433974861,0.5246977172088886
"frozenset({'Celery, raw'})","frozenset({'Vegetable oil, olive oil', 'Pasta, unenriched, dry, raw'})",0.054216728013519455,0.1292450864643378,0.02044123434497766,0.3770281810418446,2.9171567860405805,1.0,0.013433988645056853,1.3977436651819883,0.6948742708412884,0.1253905140585061,0.2845612361478322,0.26759343854169965
"frozenset({'Vegetable oil, olive oil', 'Pasta, unenriched, dry, raw'})","frozenset({'Celery, raw'})",0.1292450864643378,0.054216728013519455,0.02044123434497766,0.15815869604155472,2.9171567860405805,1.0,0.013433988645056853,1.1234697888298981,0.7547479219232422,0.1253905140585061,0.10990040858908431,0.26759343854169965
"frozenset({'Alcoholic beverage, wine, white wine, table type'})","frozenset({'Garlic, raw'})",0.062249693265736046,0.14417667893603722,0.026159224020186587,0.4202305689847527,2.9146916969226657,1.0,0.017184269980345765,1.4761442657735702,0.7005175422575767,0.14511365095672274,0.3225594386765767,0.30083461654118815
"frozenset({'Garlic, raw'})","frozenset({'Alcoholic beverage, wine, white wine, table type'})",0.14417667893603722,0.062249693265736046,0.026159224020186587,0.18143866409762363,2.9146916969226657,1.0,0.017184269980345765,1.145607867858179,0.7675772837179776,0.14511365095672274,0.12710096704416532,0.30083461654118815
"frozenset({'Garlic, raw', 'Onion, raw'})","frozenset({'Cheese, Parmesan, hard type'})",0.08056115007986665,0.11905919392550408,0.027895455702942332,0.34626436781609193,2.9083379149429756,1.0,0.018303910112721852,1.3475490132480201,0.713653768461659,0.16244270692909138,0.2579119644860389,0.29028170753238974
"frozenset({'Cheese, Parmesan, hard type'})","frozenset({'Garlic, raw', 'Onion, raw'})",0.11905919392550408,0.08056115007986665,0.027895455702942332,0.23429904724868753,2.9083379149429756,1.0,0.018303910112721852,1.2007806005940187,0.7448411920426684,0.16244270692909138,0.16720839801600207,0.29028170753238974
"frozenset({'Vegetable oil, olive oil'})","frozenset({'Garlic, raw', 'Potato, raw'})",0.33428247331990646,0.021135727018079958,0.020533833368057967,0.06142659279778394,2.906291926709609,1.0,0.013468530265039828,1.042927772586064,0.9852811681477172,0.061316189686160656,0.04116082984310549,0.5164745231239741
"frozenset({'Garlic, raw', 'Potato, raw'})","frozenset({'Vegetable oil, olive oil'})",0.021135727018079958,0.33428247331990646,0.020533833368057967,0.9715224534501644,2.906291926709609,1.0,0.013468530265039828,23.376926994574152,0.6700816042101955,0.061316189686160656,0.9572227778171142,0.5164745231239741
"frozenset({'Tomato, sauce type, red ripe, raw', 'Onion, raw'})","frozenset({'Vegetable oil, olive oil'})",0.035627474130147926,0.33428247331990646,0.03460888487626455,0.9714100064977258,2.905955543676057,1.0,0.022699244705897723,23.28498349001509,0.6801097036210287,0.1032173432753383,0.9570538669083096,0.5374709312267022
"frozenset({'Vegetable oil, olive oil'})","frozenset({'Tomato, sauce type, red ripe, raw', 'Onion, raw'})",0.33428247331990646,0.035627474130147926,0.03460888487626455,0.10353185595567867,2.9059555436760567,1.0,0.022699244705897723,1.0757465641993562,0.9852213385765141,0.1032173432753383,0.07041301986935165,0.5374709312267022
"frozenset({'Sugar', 'Vegetable oil, olive oil', 'Pasta, unenriched, dry, raw'})","frozenset({'Coffee, brewed, espresso, homemade, without sugar'})",0.029423339583767392,0.24122045512419843,0.020603282635368196,0.7002360346184107,2.9028882905385305,1.0,0.013505771269697982,2.531256696947884,0.6753876680529151,0.082399777798352,0.6049393168200715,0.39282435128233395
"frozenset({'Coffee, brewed, espresso, homemade, without sugar'})","frozenset({'Sugar', 'Vegetable oil, olive oil', 'Pasta, unenriched, dry, raw'})",0.24122045512419843,0.029423339583767392,0.020603282635368196,0.0854126679462572,2.9028882905385305,1.0,0.013505771269697982,1.0612181323753562,0.8639077209868663,0.082399777798352,0.05768666262640062,0.39282435128233395
"frozenset({'Parsley, raw', 'Carrots, raw'})","frozenset({'Vegetable oil, olive oil'})",0.021043127994999654,0.33428247331990646,0.020418084589207585,0.9702970297029703,2.9026260936342942,1.0,0.013383735716651735,22.412490064896463,0.6695743280286006,0.06096633718117095,0.9553820214931741,0.5156886810564713
"frozenset({'Vegetable oil, olive oil'})","frozenset({'Parsley, raw', 'Carrots, raw'})",0.33428247331990646,0.021043127994999654,0.020418084589207585,0.06108033240997231,2.9026260936342942,1.0,0.013383735716651735,1.0426417784151207,0.9846284099062304,0.06096633718117095,0.04089782252917077,0.5156886810564713
"frozenset({'Vegetable oil, olive oil', 'Bread, white, high gluten flour (12% protein, Italian ""tipo 1"")'})","frozenset({'Garlic, raw'})",0.07100030094682501,0.14417667893603722,0.02970113665300831,0.4183240952070427,2.9014685196947054,1.0,0.0194645490590359,1.4713061242730794,0.7054328887079578,0.16013479780329506,0.32033178989582145,0.3121646166465528
"frozenset({'Garlic, raw'})","frozenset({'Vegetable oil, olive oil', 'Bread, white, high gluten flour (12% protein, Italian ""tipo 1"")'})",0.14417667893603722,0.07100030094682501,0.02970113665300831,0.20600513808606294,2.9014685196947054,1.0,0.0194645490590359,1.1700323813353233,0.7657502724945318,0.16013479780329506,0.14532279964873315,0.3121646166465528
"frozenset({'Vegetable oil, olive oil'})","frozenset({'Parsley, raw', 'Coffee, brewed, espresso, homemade, without sugar'})",0.33428247331990646,0.02194596847003264,0.02127462555270042,0.0636426592797784,2.8999704144605354,1.0,0.013938472933137224,1.0445307458984343,0.9841544943610835,0.0635151012509503,0.042632297874709166,0.5165259709901001
"frozenset({'Parsley, raw', 'Coffee, brewed, espresso, homemade, without sugar'})","frozenset({'Vegetable oil, olive oil'})",0.02194596847003264,0.33428247331990646,0.02127462555270042,0.9694092827004219,2.8999704144605354,1.0,0.013938472933137224,21.762076389404427,0.669869838205441,0.0635151012509503,0.9540485024449743,0.5165259709901001
"frozenset({'Garlic, raw', 'Vegetable oil, olive oil', 'Onion, raw'})","frozenset({'Cheese, Parmesan, hard type'})",0.07982035789522421,0.11905919392550408,0.027548209366391185,0.3451276102088167,2.8987900793681227,1.0,0.018044861896540546,1.3452098757063162,0.7118484879171423,0.16078908255641128,0.2566215740313832,0.28825503590355284
"frozenset({'Cheese, Parmesan, hard type'})","frozenset({'Garlic, raw', 'Vegetable oil, olive oil', 'Onion, raw'})",0.11905919392550408,0.07982035789522421,0.027548209366391185,0.23138246159828896,2.8987900793681227,1.0,0.018044861896540546,1.1971879330495476,0.7435556195463943,0.16078908255641128,0.16470925541928824,0.28825503590355284
"frozenset({'Parsley, raw'})","frozenset({'Vegetable oil, olive oil'})",0.1149848369099706,0.33428247331990646,0.11139662476560873,0.9687940406684116,2.8981299289995412,1.0,0.07295920908905767,21.33302551625826,0.7400437131949965,0.3297019527235355,0.953124323634363,0.6510175189491643
"frozenset({'Vegetable oil, olive oil'})","frozenset({'Parsley, raw'})",0.33428247331990646,0.1149848369099706,0.11139662476560873,0.33324099722991696,2.8981299289995412,1.0,0.07295920908905767,1.3273389026817641,0.9838255435353034,0.3297019527235355,0.24661290497883137,0.6510175189491643
"frozenset({'Pasta, unenriched, dry, raw'})","frozenset({'Alcoholic beverage, wine, red wine, table type'})",0.1468620506053661,0.08921915873787531,0.037965599462925666,0.25851197982345525,2.8974940302111567,1.0,0.02486269085739563,1.2283149780967089,0.7676064363823841,0.19163355924281375,0.18587657251439385,0.34202194735853614
"frozenset({'Alcoholic beverage, wine, red wine, table type'})","frozenset({'Pasta, unenriched, dry, raw'})",0.08921915873787531,0.1468620506053661,0.037965599462925666,0.425531914893617,2.8974940302111563,1.0,0.02486269085739563,1.4850919859832514,0.7190249853849477,0.19163355924281375,0.32664103675846135,0.34202194735853614
"frozenset({'Vegetable oil, olive oil'})","frozenset({'Garlic, raw', 'Sugar'})",0.33428247331990646,0.030904923953052294,0.029909484454939,0.08947368421052632,2.8951271437019517,1.0,0.01957851003814906,1.0643240719590756,0.9832879564873208,0.089208037008907,0.06043654715116587,0.5286319731914055
"frozenset({'Garlic, raw', 'Sugar'})","frozenset({'Vegetable oil, olive oil'})",0.030904923953052294,0.33428247331990646,0.029909484454939,0.9677902621722847,2.8951271437019517,1.0,0.01957851003814906,20.668206932975032,0.6754672916895009,0.089208037008907,0.9516165091997142,0.5286319731914055
"frozenset({'Garlic, raw', 'Coffee, brewed, espresso, homemade, without sugar'})","frozenset({'Vegetable oil, olive oil'})",0.025487881102854364,0.33428247331990646,0.024654489895131606,0.9673024523160763,2.8936678693003843,1.0,0.016134337960385742,20.359861024299505,0.6715338113821661,0.07357004697430229,0.9508837511804968,0.5205279574599772
"frozenset({'Vegetable oil, olive oil'})","frozenset({'Garlic, raw', 'Coffee, brewed, espresso, homemade, without sugar'})",0.33428247331990646,0.025487881102854364,0.024654489895131606,0.07375346260387812,2.8936678693003843,1.0,0.016134337960385742,1.052108784813068,0.9830263005161756,0.07357004697430229,0.04952794384501433,0.5205279574599772
"frozenset({'Alcoholic beverage, wine, red wine, table type'})","frozenset({'Cheese, Parmesan, hard type'})",0.08921915873787531,0.11905919392550408,0.030719725906891683,0.34431759211209134,2.891986588852034,1.0,0.020097364784848654,1.3435480279426621,0.7183033510795372,0.17301173402868317,0.25570208194844196,0.30116910132534375
"frozenset({'Cheese, Parmesan, hard type'})","frozenset({'Alcoholic beverage, wine, red wine, table type'})",0.11905919392550408,0.08921915873787531,0.030719725906891683,0.25802061053859615,2.891986588852034,1.0,0.020097364784848654,1.2275015373718834,0.7426343811825887,0.17301173402868317,0.18533706919746176,0.30116910132534375
"frozenset({'Vegetable oil, olive oil'})","frozenset({'Parsley, raw', 'Alcoholic beverage, wine, white wine, table type'})",0.33428247331990646,0.0263444220663472,0.02546473134708429,0.07617728531855956,2.891590680057836,1.0,0.016658252780562224,1.0539420198921998,0.9826533934820612,0.07597734493714602,0.05118120245145671,0.5213926848385416
"frozenset({'Parsley, raw', 'Alcoholic beverage, wine, white wine, table type'})","frozenset({'Vegetable oil, olive oil'})",0.0263444220663472,0.33428247331990646,0.02546473134708429,0.9666080843585237,2.891590680057836,1.0,0.016658252780562224,19.936488035840707,0.6718696030900315,0.07597734493714602,0.9498407142620979,0.5213926848385416
"frozenset({'Cheese, Parmesan, hard type', 'Parsley, raw'})","frozenset({'Vegetable oil, olive oil'})",0.03125217028960345,0.33428247331990646,0.03018728152417992,0.9659259259259259,2.8895500153893505,1.0,0.019740228743156382,19.537362196046182,0.6750212320341366,0.0900179483639376,0.9488160177425399,0.5281153175336001
"frozenset({'Vegetable oil, olive oil'})","frozenset({'Cheese, Parmesan, hard type', 'Parsley, raw'})",0.33428247331990646,0.03125217028960345,0.03018728152417992,0.09030470914127425,2.8895500153893505,1.0,0.019740228743156382,1.0649146361920012,0.9822865214359118,0.0900179483639376,0.06095759602302731,0.5281153175336001
"frozenset({'Vegetable oil, olive oil', 'Bread, white, high gluten flour (12% protein, Italian ""tipo 1"")'})","frozenset({'Parsley, raw'})",0.07100030094682501,0.1149848369099706,0.023589601129708083,0.3322464949462015,2.889480942659768,1.0,0.015425643104778577,1.3253620630845313,0.7038937486534806,0.1452601568068425,0.2454891928378516,0.26870025572758033
"frozenset({'Parsley, raw'})","frozenset({'Vegetable oil, olive oil', 'Bread, white, high gluten flour (12% protein, Italian ""tipo 1"")'})",0.1149848369099706,0.07100030094682501,0.023589601129708083,0.20515401650895912,2.8894809426597674,1.0,0.015425643104778577,1.1687795099283487,0.7388766971871352,0.1452601568068425,0.14440662973180932,0.26870025572758033
"frozenset({'Vegetable oil, olive oil'})","frozenset({'Alcoholic beverage, wine, white wine, table type', 'Onion, raw'})",0.33428247331990646,0.028821445933745398,0.027826006435632104,0.0832409972299169,2.8881617328037916,1.0,0.01819150220424373,1.0593608038009303,0.9820366387534263,0.08299385486432369,0.05603454799153128,0.5243514223097375
"frozenset({'Alcoholic beverage, wine, white wine, table type', 'Onion, raw'})","frozenset({'Vegetable oil, olive oil'})",0.028821445933745398,0.33428247331990646,0.027826006435632104,0.9654618473895582,2.888161732803791,1.0,0.01819150220424373,19.2748446678306,0.6731604600646519,0.08299385486432369,0.9481189074551152,0.5243514223097375
"frozenset({'Garlic, raw', 'Vegetable oil, olive oil', 'Pasta, unenriched, dry, raw'})","frozenset({'Cheese, Parmesan, hard type'})",0.08213533347223187,0.11905919392550408,0.028242702039493483,0.34385569334836524,2.8881070164435805,1.0,0.018463735443487082,1.3426022250654257,0.7122536321797545,0.16329808593227144,0.2551777575437361,0.2905356631237257
"frozenset({'Cheese, Parmesan, hard type'})","frozenset({'Garlic, raw', 'Vegetable oil, olive oil', 'Pasta, unenriched, dry, raw'})",0.11905919392550408,0.08213533347223187,0.028242702039493483,0.23721563289908615,2.8881070164435805,1.0,0.018463735443487082,1.2033081774030874,0.7421071178403081,0.16329808593227144,0.16895769614219336,0.2905356631237257
"frozenset({'Onion, raw'})","frozenset({'Cheese, Parmesan, hard type', 'Vegetable oil, olive oil', 'Egg, chicken, whole, raw, fresh'})",0.16524295668680694,0.04206310623422923,0.020070838252656435,0.12146259456430374,2.887627791631386,1.0,0.013120206211081134,1.0903769012438322,0.7830960939864255,0.10719584569732937,0.08288592792156184,0.2993113743322344
"frozenset({'Cheese, Parmesan, hard type', 'Vegetable oil, olive oil', 'Egg, chicken, whole, raw, fresh'})","frozenset({'Onion, raw'})",0.04206310623422923,0.16524295668680694,0.020070838252656435,0.4771601541001651,2.887627791631386,1.0,0.013120206211081134,1.5965826817895492,0.682398792968983,0.10719584569732937,0.3736622528818002,0.2993113743322344
"frozenset({'Cheese, Parmesan, hard type', 'Egg, chicken, whole, raw, fresh'})","frozenset({'Vegetable oil, olive oil', 'Onion, raw'})",0.04768849688635785,0.14605180915341343,0.020070838252656435,0.42087378640776696,2.881674584158553,1.0,0.013105847006596947,1.474545912107266,0.6856785323545015,0.11556918155158624,0.32182511796400753,0.2791482579209543
"frozenset({'Vegetable oil, olive oil', 'Onion, raw'})","frozenset({'Cheese, Parmesan, hard type', 'Egg, chicken, whole, raw, fresh'})",0.14605180915341343,0.04768849688635785,0.020070838252656435,0.13742272943414172,2.881674584158553,1.0,0.013105847006596947,1.1040303699272267,0.7646594498337435,0.11556918155158624,0.09422781543055206,0.2791482579209543
"frozenset({'Garlic, raw', 'Alcoholic beverage, wine, white wine, table type'})","frozenset({'Vegetable oil, olive oil'})",0.026159224020186587,0.33428247331990646,0.025163784522073292,0.9619469026548673,2.877646838918442,1.0,0.016419214416475814,17.49443732903502,0.6700210723118368,0.07505351101291169,0.9428389732580694,0.5186119554825583
"frozenset({'Vegetable oil, olive oil'})","frozenset({'Garlic, raw', 'Alcoholic beverage, wine, white wine, table type'})",0.33428247331990646,0.026159224020186587,0.025163784522073292,0.07527700831024932,2.877646838918442,1.0,0.016419214416475814,1.0531162139705315,0.9801361911514428,0.07505351101291169,0.05043718182846031,0.5186119554825583
"frozenset({'Garlic, raw', 'Pasta, unenriched, dry, raw'})","frozenset({'Cheese, Parmesan, hard type'})",0.08292242516841447,0.11905919392550408,0.02840475032988402,0.3425460636515913,2.87710719649189,1.0,0.018532073230984658,1.3399277993031187,0.711421453494777,0.1636436383035476,0.2536911313280546,0.2905613849270984
"frozenset({'Cheese, Parmesan, hard type'})","frozenset({'Garlic, raw', 'Pasta, unenriched, dry, raw'})",0.11905919392550408,0.08292242516841447,0.02840475032988402,0.2385767062026055,2.87710719649189,1.0,0.018532073230984658,1.2044254257811147,0.7406044273977925,0.1636436383035476,0.169728587096654,0.2905613849270984
"frozenset({'Garlic, raw', 'Water, tap water'})","frozenset({'Vegetable oil, olive oil'})",0.043729888649674746,0.33428247331990646,0.04203995647845915,0.961355214399153,2.875876814155139,1.0,0.027421821142641772,17.226580930119113,0.6821084885478339,0.12512919451526217,0.9419501754842372,0.5435584936261693
"frozenset({'Vegetable oil, olive oil'})","frozenset({'Garlic, raw', 'Water, tap water'})",0.33428247331990646,0.043729888649674746,0.04203995647845915,0.1257617728531856,2.875876814155139,1.0,0.027421821142641772,1.0938324150743581,0.9798149127146059,0.12512919451526217,0.08578317279798242,0.5435584936261693
"frozenset({'Onion, raw'})","frozenset({'Sugar', 'Coffee, brewed, espresso, homemade, without sugar', 'Vegetable oil, olive oil'})",0.16524295668680694,0.044887376438178576,0.021320925064240572,0.12902773886242647,2.8744771715524684,1.0,0.013903602263682232,1.0966051000457264,0.7811981383267422,0.11292300147130947,0.08809470249746075,0.30200742280924314
"frozenset({'Sugar', 'Coffee, brewed, espresso, homemade, without sugar', 'Vegetable oil, olive oil'})","frozenset({'Onion, raw'})",0.044887376438178576,0.16524295668680694,0.021320925064240572,0.4749871067560598,2.874477171552468,1.0,0.013903602263682232,1.589974368353911,0.682757857141015,0.11292300147130947,0.3710590435270395,0.30200742280924314
"frozenset({'Vegetable oil, olive oil'})","frozenset({'Parsley, raw', 'Sugar'})",0.33428247331990646,0.027085214250989652,0.026020325485566126,0.0778393351800554,2.87386817245543,1.0,0.016966213075345727,1.0550382627076982,0.9794498433740471,0.07759215794560265,0.052167077397217335,0.519261547931908
"frozenset({'Parsley, raw', 'Sugar'})","frozenset({'Vegetable oil, olive oil'})",0.027085214250989652,0.33428247331990646,0.026020325485566126,0.9606837606837606,2.87386817245543,1.0,0.016966213075345727,16.93238056990669,0.6701891437863152,0.07759215794560265,0.9409415589336999,0.519261547931908
"frozenset({'Garlic, raw'})","frozenset({'Sugar', 'Vegetable oil, olive oil'})",0.14417667893603722,0.07238928629302961,0.029909484454939,0.20745022479126526,2.8657586697500115,1.0,0.01947263756665999,1.1704131938750024,0.7607320902367619,0.16023812476745625,0.1456008824633962,0.3103128962139889
"frozenset({'Sugar', 'Vegetable oil, olive oil'})","frozenset({'Garlic, raw'})",0.07238928629302961,0.14417667893603722,0.029909484454939,0.4131755676367125,2.865758669750011,1.0,0.01947263756665999,1.4583975612899245,0.7018593622151946,0.16023812476745625,0.3143159132030368,0.3103128962139889
"frozenset({'Garlic, raw', 'Vegetable oil, olive oil'})","frozenset({'Alcoholic beverage, wine, white wine, table type'})",0.1411209111743871,0.062249693265736046,0.025163784522073292,0.17831364829396326,2.86449039247093,1.0,0.016379051088086512,1.141250922310256,0.7578456302194261,0.14120550792413616,0.1237685066000378,0.29127657126486933
"frozenset({'Alcoholic beverage, wine, white wine, table type'})","frozenset({'Garlic, raw', 'Vegetable oil, olive oil'})",0.062249693265736046,0.1411209111743871,0.025163784522073292,0.4042394942357754,2.86449039247093,1.0,0.016379051088086512,1.4416516041523555,0.6941056267100555,0.14120550792413616,0.3063511342686932,0.29127657126486933
"frozenset({'Tomato, salad type, raw', 'Vegetable oil, olive oil'})","frozenset({'Vegetable oil, extra-virgin olive oil'})",0.05646225432321689,0.1275551542931222,0.020626432391138275,0.3653136531365314,2.863966220424455,1.0,0.013424380829202838,1.3746078673637436,0.6897804285556384,0.12623972796826297,0.2725198045622827,0.26350982112361965
"frozenset({'Vegetable oil, extra-virgin olive oil'})","frozenset({'Tomato, salad type, raw', 'Vegetable oil, olive oil'})",0.1275551542931222,0.05646225432321689,0.020626432391138275,0.16170598911070783,2.863966220424455,1.0,0.013424380829202838,1.1255451350246968,0.7459885559230159,0.12623972796826297,0.11154162646879745,0.26350982112361965
"frozenset({'Water, tap water', 'Vegetable oil, olive oil'})","frozenset({'Onion, raw', 'Pasta, unenriched, dry, raw'})",0.09597888742273769,0.09044609579368938,0.02483968794129222,0.25880366618427403,2.8614133524858163,1.0,0.016158772295283556,1.2271430155676422,0.719587569227165,0.15372492836676216,0.1850990574742195,0.2667194681062143
"frozenset({'Onion, raw', 'Pasta, unenriched, dry, raw'})","frozenset({'Water, tap water', 'Vegetable oil, olive oil'})",0.09044609579368938,0.09597888742273769,0.02483968794129222,0.2746352700281546,2.861413352485816,1.0,0.016158772295283556,1.2462986897810036,0.7152103376403671,0.15372492836676216,0.19762412638360588,0.2667194681062143
"frozenset({'Alcoholic beverage, wine, red wine, table type'})","frozenset({'Vegetable oil, olive oil', 'Tomato, peeled tomato, canned'})",0.08921915873787531,0.08526055050119222,0.021760770423872026,0.24390243902439024,2.8606716422852525,1.0,0.014153895834627523,1.2098166912726167,0.7141473705614722,0.14248901015613158,0.1734284977105984,0.2495645781871883
"frozenset({'Vegetable oil, olive oil', 'Tomato, peeled tomato, canned'})","frozenset({'Alcoholic beverage, wine, red wine, table type'})",0.08526055050119222,0.08921915873787531,0.021760770423872026,0.25522671734998637,2.860671642285252,1.0,0.014153895834627523,1.2228967693650765,0.7110568406134533,0.14248901015613158,0.18226948909252882,0.2495645781871883
"frozenset({'Onion, raw'})","frozenset({'Apple, peeled, fresh', 'Vegetable oil, olive oil'})",0.16524295668680694,0.04893858369794199,0.02312660601430655,0.1399551695152704,2.8598124207905085,1.0,0.015039849747993845,1.1058277226851425,0.7790610711102128,0.12104689203925846,0.09570000870314085,0.3062595147481745
"frozenset({'Apple, peeled, fresh', 'Vegetable oil, olive oil'})","frozenset({'Onion, raw'})",0.04893858369794199,0.16524295668680694,0.02312660601430655,0.4725638599810785,2.8598124207905085,1.0,0.015039849747993845,1.5826694076807981,0.6837904525755949,0.12104689203925846,0.3681561069248357,0.3062595147481745
"frozenset({'Coffee, brewed, espresso, homemade, without sugar'})","frozenset({'Sugar', 'Milk, cow, semi-skimmed'})",0.24122045512419843,0.03632196680325023,0.02504803574322291,0.10383877159309023,2.8588422029998206,1.0,0.016286434379936862,1.0753400199089884,0.8569129868071119,0.09920234711653067,0.07006157914160464,0.39672499446448645
"frozenset({'Sugar', 'Milk, cow, semi-skimmed'})","frozenset({'Coffee, brewed, espresso, homemade, without sugar'})",0.03632196680325023,0.24122045512419843,0.02504803574322291,0.6896112173358827,2.85884220299982,1.0,0.016286434379936862,2.4446100737374388,0.6747150227869874,0.09920234711653067,0.5909368079829797,0.39672499446448645
"frozenset({'Onion, raw'})","frozenset({'Parsley, raw', 'Vegetable oil, olive oil'})",0.16524295668680694,0.11139662476560873,0.052596245109614095,0.31829644158027465,2.857325724634897,1.0,0.034188737468414124,1.3035040880442017,0.7786965142026624,0.2347592477784666,0.23283708185340948,0.3952246962681091
"frozenset({'Parsley, raw', 'Vegetable oil, olive oil'})","frozenset({'Onion, raw'})",0.11139662476560873,0.16524295668680694,0.052596245109614095,0.47215295095594345,2.8573257246348964,1.0,0.034188737468414124,1.5814373592216868,0.7315101629707907,0.2347592477784666,0.3676638570798938,0.3952246962681091
"frozenset({'Coffee, brewed, espresso, homemade, without sugar'})","frozenset({'Sugar', 'Pasta, unenriched, dry, raw'})",0.24122045512419843,0.032988401972359194,0.022733060166215246,0.09424184261036468,2.856817456308718,1.0,0.014775582828622756,1.067626706023312,0.8565862617762555,0.09039860075485592,0.06334302583644362,0.39168232481395426
"frozenset({'Sugar', 'Pasta, unenriched, dry, raw'})","frozenset({'Coffee, brewed, espresso, homemade, without sugar'})",0.032988401972359194,0.24122045512419843,0.022733060166215246,0.6891228070175438,2.856817456308718,1.0,0.014775582828622756,2.440769416361212,0.6721327181423041,0.09039860075485592,0.5902931291679178,0.39168232481395426
"frozenset({'Pasta, unenriched, dry, raw'})","frozenset({'Water, tap water', 'Vegetable oil, olive oil'})",0.1468620506053661,0.09597888742273769,0.040234275528393176,0.2739596469104666,2.8543740635772856,1.0,0.02613861930666834,1.2451389357772802,0.761495247329319,0.19858318098720293,0.19687677313235064,0.3465794375410992
"frozenset({'Water, tap water', 'Vegetable oil, olive oil'})","frozenset({'Pasta, unenriched, dry, raw'})",0.09597888742273769,0.1468620506053661,0.040234275528393176,0.4191992281717318,2.854374063577285,1.0,0.02613861930666834,1.4688994759925882,0.7186342052656113,0.19858318098720293,0.3192182199368925,0.3465794375410992
"frozenset({'Parsley, raw'})","frozenset({'Bread, white, pastry flour (9% protein, Italian ""tipo 00"")', 'Vegetable oil, olive oil'})",0.1149848369099706,0.065259161515846,0.02141352408732088,0.18622911214012483,2.8536853342025448,1.0,0.013909710043539896,1.1486535736642238,0.7339715378470283,0.13481999708497303,0.12941549747676884,0.2571798274428897
"frozenset({'Bread, white, pastry flour (9% protein, Italian ""tipo 00"")', 'Vegetable oil, olive oil'})","frozenset({'Parsley, raw'})",0.065259161515846,0.1149848369099706,0.02141352408732088,0.3281305427456545,2.8536853342025443,1.0,0.013909710043539896,1.3172427374608198,0.6949262442887684,0.13481999708497303,0.2408384790736081,0.2571798274428897
"frozenset({'Egg, chicken, whole, raw, fresh', 'Bread, crumbs, dry, grated, plain'})","frozenset({'Vegetable oil, olive oil'})",0.03287265319350881,0.33428247331990646,0.03134476931268375,0.9535211267605633,2.852441282041278,1.0,0.020356017498570102,14.323013452814118,0.6714969956011431,0.09334068661243623,0.9301822899703047,0.523644219889977
"frozenset({'Vegetable oil, olive oil'})","frozenset({'Egg, chicken, whole, raw, fresh', 'Bread, crumbs, dry, grated, plain'})",0.33428247331990646,0.03287265319350881,0.03134476931268375,0.09376731301939058,2.852441282041278,1.0,0.020356017498570102,1.0671953910962657,0.9755235241933773,0.09334068661243623,0.06296446897811271,0.523644219889977
"frozenset({'Vegetable oil, olive oil'})","frozenset({'Parsley, raw', 'Garlic, raw', 'Water, tap water'})",0.33428247331990646,0.022871958700835707,0.02180706993541218,0.06523545706371191,2.852202468401987,1.0,0.014161375011226066,1.0453199671329036,0.9754794309473768,0.06502830318928621,0.04335511475706989,0.5093383763051352
"frozenset({'Parsley, raw', 'Garlic, raw', 'Water, tap water'})","frozenset({'Vegetable oil, olive oil'})",0.022871958700835707,0.33428247331990646,0.02180706993541218,0.9534412955465587,2.852202468401987,1.0,0.014161375011226066,14.298454703476777,0.664594328123237,0.06502830318928621,0.9300623724214867,0.5093383763051352
"frozenset({'Pasta, unenriched, dry, raw'})","frozenset({'Carrots, raw', 'Onion, raw'})",0.1468620506053661,0.05201750121536218,0.021760770423872026,0.148171500630517,2.8484932410932102,1.0,0.014121373528016814,1.1128795285510256,0.760647448661762,0.12285975689452358,0.10143014194716589,0.2832535295764957
"frozenset({'Carrots, raw', 'Onion, raw'})","frozenset({'Pasta, unenriched, dry, raw'})",0.05201750121536218,0.1468620506053661,0.021760770423872026,0.41833555852247434,2.84849324109321,1.0,0.014121373528016814,1.4667184179722588,0.6845455537370432,0.12285975689452358,0.3182058752746133,0.2832535295764957
"frozenset({'Bread, crumbs, dry, grated, plain'})","frozenset({'Vegetable oil, olive oil'})",0.04095191795726555,0.33428247331990646,0.03898418871680904,0.9519502543810063,2.847742045602239,1.0,0.02529468029486042,13.854756525848098,0.6765506455179545,0.11593803786574872,0.9278226219180141,0.5342853764979824
"frozenset({'Vegetable oil, olive oil'})","frozenset({'Bread, crumbs, dry, grated, plain'})",0.33428247331990646,0.04095191795726555,0.03898418871680904,0.11662049861495846,2.847742045602239,1.0,0.02529468029486042,1.0856580671603235,0.9746545238556809,0.11593803786574872,0.07889967361857586,0.5342853764979824
"frozenset({'Beef, meat, lean and fat, raw'})","frozenset({'Pasta, unenriched, dry, raw'})",0.05627705627705628,0.1468620506053661,0.02352015186239785,0.41793500617030027,2.8457658356775632,1.0,0.015255187975515774,1.4657090847903567,0.6872787690529509,0.13094470936976413,0.3177363704864858,0.2890431651280253
"frozenset({'Pasta, unenriched, dry, raw'})","frozenset({'Beef, meat, lean and fat, raw'})",0.1468620506053661,0.05627705627705628,0.02352015186239785,0.1601513240857503,2.845765835677563,1.0,0.015255187975515774,1.1236821236821237,0.7602530675715029,0.13094470936976413,0.11006860487985468,0.2890431651280253
"frozenset({'Water, tap water', 'Vegetable oil, olive oil'})","frozenset({'Onion, raw'})",0.09597888742273769,0.16524295668680694,0.044979975461258884,0.46864447660395564,2.836093507405586,1.0,0.02912014032401552,1.5709953252730362,0.7161362802378345,0.2080077079541805,0.36346086846171755,0.3704247880357968
"frozenset({'Onion, raw'})","frozenset({'Water, tap water', 'Vegetable oil, olive oil'})",0.16524295668680694,0.09597888742273769,0.044979975461258884,0.272205099467638,2.8360935074055855,1.0,0.02912014032401552,1.2421371899088542,0.7755577769646324,0.2080077079541805,0.19493594739452402,0.3704247880357968
"frozenset({'Egg, chicken, whole, raw, fresh', 'Pasta, unenriched, dry, raw'})","frozenset({'Vegetable oil, olive oil'})",0.02613607426441651,0.33428247331990646,0.024747088918211913,0.9468556244464127,2.8325015518844663,1.0,0.016010257370230006,12.52658479369708,0.6643178406060551,0.0737241379310345,0.9201697815909757,0.51044304768027
"frozenset({'Vegetable oil, olive oil'})","frozenset({'Egg, chicken, whole, raw, fresh', 'Pasta, unenriched, dry, raw'})",0.33428247331990646,0.02613607426441651,0.024747088918211913,0.07403047091412743,2.8325015518844663,1.0,0.016010257370230006,1.051723512648405,0.9718163549262971,0.0737241379310345,0.04917976257672251,0.51044304768027
"frozenset({'Vegetable oil, olive oil'})","frozenset({'Water, tap water', 'Onion, raw', 'Pasta, unenriched, dry, raw'})",0.33428247331990646,0.026298122554807048,0.02483968794129222,0.07430747922437674,2.8255811444149663,1.0,0.016048686490001303,1.0518631787468082,0.9705174907614373,0.07398469282217472,0.049306012221663816,0.5094248663727518
"frozenset({'Water, tap water', 'Onion, raw', 'Pasta, unenriched, dry, raw'})","frozenset({'Vegetable oil, olive oil'})",0.026298122554807048,0.33428247331990646,0.02483968794129222,0.9445422535211268,2.8255811444149663,1.0,0.016048686490001303,12.004049369977558,0.663540369506827,0.07398469282217472,0.9166947778054774,0.5094248663727518
"frozenset({'Vegetable oil, olive oil'})","frozenset({'Parsley, raw', 'Water, tap water'})",0.33428247331990646,0.03817394726485636,0.035997870222469155,0.1076869806094183,2.8209548219436273,1.0,0.023236988714389294,1.077902072293013,0.9696456403121533,0.10699050502270539,0.07227193851412925,0.5253413678062252
"frozenset({'Parsley, raw', 'Water, tap water'})","frozenset({'Vegetable oil, olive oil'})",0.03817394726485636,0.33428247331990646,0.035997870222469155,0.9429957550030321,2.8209548219436273,1.0,0.023236988714389294,11.678385122292275,0.671129769867541,0.10699050502270539,0.9143717226715575,0.5253413678062252
"frozenset({'Cheese, Parmesan, hard type', 'Egg, chicken, whole, raw, fresh', 'Onion, raw'})","frozenset({'Vegetable oil, olive oil'})",0.021297775308470497,0.33428247331990646,0.020070838252656435,0.942391304347826,2.819146618692039,1.0,0.012951365246329283,11.555851406522367,0.6593248804317131,0.05982198302628856,0.9134637540046959,0.5012164277971817
"frozenset({'Vegetable oil, olive oil'})","frozenset({'Cheese, Parmesan, hard type', 'Egg, chicken, whole, raw, fresh', 'Onion, raw'})",0.33428247331990646,0.021297775308470497,0.020070838252656435,0.0600415512465374,2.819146618692039,1.0,0.012951365246329283,1.0412186049175338,0.9693040988285124,0.05982198302628856,0.039586888596557845,0.5012164277971817
"frozenset({'Potato, raw'})","frozenset({'Vegetable oil, olive oil', 'Onion, raw'})",0.08421881149153876,0.14605180915341343,0.03465518438780471,0.41148982957669056,2.8174237071206694,1.0,0.02235487460471519,1.451033871228343,0.7043885794795437,0.1771597633136095,0.31083621145695894,0.32438495282923924
"frozenset({'Vegetable oil, olive oil', 'Onion, raw'})","frozenset({'Potato, raw'})",0.14605180915341343,0.08421881149153876,0.03465518438780471,0.23728007608178794,2.8174237071206694,1.0,0.02235487460471519,1.20067820413547,0.7553922092721553,0.1771597633136095,0.16713737573004864,0.32438495282923924
"frozenset({'Onion, raw'})","frozenset({'Parsley, raw'})",0.16524295668680694,0.1149848369099706,0.05349908558464708,0.3237601569066966,2.8156769675656474,1.0,0.03449865115949325,1.3087296942483178,0.7724949767106649,0.23596079232182973,0.2359002745984455,0.3945154720510934
"frozenset({'Parsley, raw'})","frozenset({'Onion, raw'})",0.1149848369099706,0.16524295668680694,0.05349908558464708,0.4652707871954902,2.8156769675656474,1.0,0.03449865115949325,1.5610836724912007,0.7286266378553458,0.23596079232182973,0.3594193459187329,0.3945154720510934
"frozenset({'Lettuce, raw', 'Onion, raw'})","frozenset({'Vegetable oil, olive oil'})",0.032224460031946664,0.33428247331990646,0.030279880547260225,0.939655172413793,2.810961529276913,1.0,0.019507808346382622,11.031890442127253,0.6657017234890256,0.09005783530707794,0.9093537045852703,0.5151184449326582
"frozenset({'Vegetable oil, olive oil'})","frozenset({'Lettuce, raw', 'Onion, raw'})",0.33428247331990646,0.032224460031946664,0.030279880547260225,0.09058171745152355,2.810961529276913,1.0,0.019507808346382622,1.0641698748963364,0.9677525663476272,0.09005783530707794,0.06030040542407517,0.5151184449326582
"frozenset({'Water, tap water', 'Tomato, peeled tomato, canned', 'Onion, raw'})","frozenset({'Vegetable oil, olive oil'})",0.023010857235456168,0.33428247331990646,0.021575572377711415,0.9376257545271629,2.804890562209824,1.0,0.013883446107831862,10.672955185806648,0.6586356216769162,0.0642669976554958,0.9063052376224869,0.5010843454076258
"frozenset({'Vegetable oil, olive oil'})","frozenset({'Water, tap water', 'Tomato, peeled tomato, canned', 'Onion, raw'})",0.33428247331990646,0.023010857235456168,0.021575572377711415,0.06454293628808865,2.804890562209824,1.0,0.013883446107831862,1.0443976326265927,0.9665959293956567,0.0642669976554958,0.042510276966958874,0.5010843454076258
"frozenset({'Onion, raw'})","frozenset({'Alcoholic beverage, wine, white wine, table type'})",0.16524295668680694,0.062249693265736046,0.028821445933745398,0.1744186046511628,2.8019191019398586,1.0,0.01853512256566836,1.135866568720376,0.7704059088345953,0.1450710790025635,0.11961490236783548,0.31870800072647393
"frozenset({'Alcoholic beverage, wine, white wine, table type'})","frozenset({'Onion, raw'})",0.062249693265736046,0.16524295668680694,0.028821445933745398,0.46299739680178503,2.8019191019398586,1.0,0.01853512256566836,1.5544748542030307,0.6857921069089233,0.1450710790025635,0.3566959302711309,0.31870800072647393
"frozenset({'Vegetable oil, olive oil'})","frozenset({'Egg, chicken, whole, raw, fresh', 'Onion, raw'})",0.33428247331990646,0.03747945459175406,0.03502558048012593,0.10477839335180056,2.7956221480035386,1.0,0.02249685570051326,1.0751757310818497,0.9648204278708794,0.10401484944314589,0.06991948284231393,0.5196529397271664
"frozenset({'Egg, chicken, whole, raw, fresh', 'Onion, raw'})","frozenset({'Vegetable oil, olive oil'})",0.03747945459175406,0.33428247331990646,0.03502558048012593,0.9345274861025323,2.795622148003538,1.0,0.02249685570051326,10.167893166934622,0.6673082169484554,0.10401484944314589,0.9016512089985426,0.5196529397271664
"frozenset({'Vegetable oil, olive oil'})","frozenset({'Lettuce, raw', 'Pasta, unenriched, dry, raw'})",0.33428247331990646,0.02757135912216126,0.025742528416325208,0.07700831024930749,2.793054557379795,1.0,0.016525906296177777,1.0535616427277905,0.9643264836612819,0.07658929678352504,0.0508386415711883,0.5053387479038309
"frozenset({'Lettuce, raw', 'Pasta, unenriched, dry, raw'})","frozenset({'Vegetable oil, olive oil'})",0.02757135912216126,0.33428247331990646,0.025742528416325208,0.9336691855583543,2.7930545573797945,1.0,0.016525906296177777,10.036323725012549,0.6601708491798192,0.07658929678352504,0.9003619226123807,0.5053387479038309
"frozenset({'Vegetable oil, extra-virgin olive oil'})","frozenset({'Lettuce, raw', 'Vegetable oil, olive oil'})",0.1275551542931222,0.07301432969882168,0.02599717572979605,0.20381125226860256,2.791387021004066,1.0,0.016683821639453957,1.1642787880919745,0.7355824978301732,0.14891924147990981,0.14109918498231463,0.2799335272122975
"frozenset({'Lettuce, raw', 'Vegetable oil, olive oil'})","frozenset({'Vegetable oil, extra-virgin olive oil'})",0.07301432969882168,0.1275551542931222,0.02599717572979605,0.35605580215599236,2.791387021004066,1.0,0.016683821639453957,1.3548454177053137,0.6923032139381599,0.14891924147990981,0.26190841631683076,0.2799335272122975
"frozenset({'Vegetable oil, olive oil'})","frozenset({'Onion, raw', 'Pasta, unenriched, dry, raw'})",0.33428247331990646,0.09044609579368938,0.08428826075884899,0.25214681440443215,2.787813140984964,1.0,0.05405371615480531,1.2162198700564057,0.9633153336478636,0.24758601931184548,0.17778024794676137,0.5920319431633114
"frozenset({'Onion, raw', 'Pasta, unenriched, dry, raw'})","frozenset({'Vegetable oil, olive oil'})",0.09044609579368938,0.33428247331990646,0.08428826075884899,0.9319170719221908,2.7878131409849636,1.0,0.05405371615480531,9.778039010297437,0.7050664049303033,0.24758601931184548,0.8977300050708653,0.5920319431633114
"frozenset({'Vegetable oil, olive oil', 'Onion, raw'})","frozenset({'Alcoholic beverage, wine, red wine, table type'})",0.14605180915341343,0.08921915873787531,0.03627566729171007,0.24837533682041527,2.783878937371946,1.0,0.023245047746897805,1.211749541864771,0.7503839041154188,0.18229409027454632,0.17474695434083518,0.32748294604383504
"frozenset({'Alcoholic beverage, wine, red wine, table type'})","frozenset({'Vegetable oil, olive oil', 'Onion, raw'})",0.08921915873787531,0.14605180915341343,0.03627566729171007,0.4065905552672548,2.783878937371946,1.0,0.023245047746897805,1.4390539254581307,0.7035600095317991,0.18229409027454632,0.30509900823789865,0.32748294604383504
"frozenset({'Pasta, unenriched, dry, raw'})","frozenset({'Apple, peeled, fresh', 'Vegetable oil, olive oil'})",0.1468620506053661,0.04893858369794199,0.020001388985346206,0.13619167717528374,2.7829100657240926,1.0,0.012814168229744103,1.101009785587638,0.7509499704029321,0.11377403213062945,0.09174285906435099,0.27244777803891906
"frozenset({'Apple, peeled, fresh', 'Vegetable oil, olive oil'})","frozenset({'Pasta, unenriched, dry, raw'})",0.04893858369794199,0.1468620506053661,0.020001388985346206,0.4087038789025544,2.782910065724092,1.0,0.012814168229744103,1.4428269000162046,0.6736304373891696,0.11377403213062945,0.3069161657654368,0.27244777803891906
"frozenset({'Alcoholic beverage, wine, red wine, table type'})","frozenset({'Cheese, Parmesan, hard type', 'Vegetable oil, olive oil'})",0.08921915873787531,0.09660393082852976,0.023983146977799383,0.26881162428645566,2.782615800216157,1.0,0.01536422553850606,1.2355175481145657,0.7033809765553658,0.1481905306823058,0.1906225844173336,0.25853713253623045
"frozenset({'Cheese, Parmesan, hard type', 'Vegetable oil, olive oil'})","frozenset({'Alcoholic beverage, wine, red wine, table type'})",0.09660393082852976,0.08921915873787531,0.023983146977799383,0.24826264078600524,2.782615800216157,1.0,0.01536422553850606,1.2115678835150927,0.7091307339231694,0.1481905306823058,0.17462321871827438,0.25853713253623045
"frozenset({'Vegetable oil, olive oil'})","frozenset({'Tomato, peeled tomato, canned', 'Pasta, unenriched, dry, raw'})",0.33428247331990646,0.07301432969882168,0.0677361853832442,0.2026315789473684,2.775230284016954,1.0,0.04332877466372699,1.1625562861862961,0.9608723161249503,0.19948186528497408,0.13982659430585803,0.5651712111604311
"frozenset({'Tomato, peeled tomato, canned', 'Pasta, unenriched, dry, raw'})","frozenset({'Vegetable oil, olive oil'})",0.07301432969882168,0.33428247331990646,0.0677361853832442,0.9277108433734939,2.775230284016954,1.0,0.04332877466372699,9.209092452407946,0.6900533225483904,0.19948186528497408,0.89141166676652,0.5651712111604311
"frozenset({'Vegetable oil, extra-virgin olive oil', 'Garlic, raw'})","frozenset({'Vegetable oil, olive oil'})",0.0377341019052249,0.33428247331990646,0.03500243072435586,0.9276073619631903,2.7749207212412696,1.0,0.022388581810971885,9.195928546513167,0.664711641039016,0.10386042038741587,0.8912562233447137,0.5161582516187142
"frozenset({'Vegetable oil, olive oil'})","frozenset({'Vegetable oil, extra-virgin olive oil', 'Garlic, raw'})",0.33428247331990646,0.0377341019052249,0.03500243072435586,0.10470914127423823,2.774920721241269,1.0,0.022388581810971885,1.0748081349387804,0.960811933896748,0.10386042038741587,0.06960138512818508,0.5161582516187142
"frozenset({'Alcoholic beverage, wine, red wine, table type', 'Vegetable oil, olive oil'})","frozenset({'Egg, chicken, whole, raw, fresh'})",0.06792138342940482,0.10810935944625784,0.02037178507766743,0.299931833674165,2.774337348870001,1.0,0.013028847822410806,1.2740054232642062,0.6861583949170568,0.13087447947650208,0.21507398497736407,0.24418433225464137
"frozenset({'Egg, chicken, whole, raw, fresh'})","frozenset({'Alcoholic beverage, wine, red wine, table type', 'Vegetable oil, olive oil'})",0.10810935944625784,0.06792138342940482,0.02037178507766743,0.18843683083511778,2.774337348870001,1.0,0.013028847822410806,1.1484979259590185,0.7170762180949842,0.13087447947650208,0.12929751338908135,0.24418433225464137
"frozenset({'Tomato, peeled tomato, canned', 'Onion, raw'})","frozenset({'Vegetable oil, extra-virgin olive oil'})",0.0815102900664398,0.1275551542931222,0.028821445933745398,0.3535927293382562,2.772077155939139,1.0,0.018424388307843525,1.3496829093734257,0.6959900292773069,0.15990238890315953,0.2590852317569627,0.2897727712027034
"frozenset({'Vegetable oil, extra-virgin olive oil'})","frozenset({'Tomato, peeled tomato, canned', 'Onion, raw'})",0.1275551542931222,0.0815102900664398,0.028821445933745398,0.22595281306715065,2.7720771559391384,1.0,0.018424388307843525,1.186606870277589,0.7327221694909763,0.15990238890315953,0.15726090498189604,0.2897727712027034
"frozenset({'Tomato, peeled tomato, canned', 'Onion, raw', 'Pasta, unenriched, dry, raw'})","frozenset({'Vegetable oil, olive oil'})",0.06884737366020789,0.33428247331990646,0.06373127763502096,0.925689307330195,2.769182895342274,1.0,0.04071680728630688,8.958569793423525,0.6861202212124363,0.1877770956960644,0.8883750394249204,0.5581701384296405
"frozenset({'Vegetable oil, olive oil'})","frozenset({'Tomato, peeled tomato, canned', 'Onion, raw', 'Pasta, unenriched, dry, raw'})",0.33428247331990646,0.06884737366020789,0.06373127763502096,0.1906509695290859,2.769182895342274,1.0,0.04071680728630688,1.1504957580513904,0.9596902895930668,0.1877770956960644,0.13080948538766185,0.5581701384296405
"frozenset({'Sugar', 'Vegetable oil, olive oil'})","frozenset({'Pasta, unenriched, dry, raw'})",0.07238928629302961,0.1468620506053661,0.029423339583767392,0.406459865685961,2.767630330711926,1.0,0.018792100556914142,1.4373719653863255,0.6885216606579713,0.155,0.3042858605279477,0.3034033250245694
"frozenset({'Pasta, unenriched, dry, raw'})","frozenset({'Sugar', 'Vegetable oil, olive oil'})",0.1468620506053661,0.07238928629302961,0.029423339583767392,0.20034678436317782,2.767630330711926,1.0,0.018792100556914142,1.1600162364985256,0.7486246151619925,0.155,0.13794310067721968,0.3034033250245694
"frozenset({'Vegetable oil, olive oil', 'Egg, chicken, whole, raw, fresh'})","frozenset({'Alcoholic beverage, wine, red wine, table type'})",0.08252887932032317,0.08921915873787531,0.02037178507766743,0.2468443197755961,2.766718754890095,1.0,0.013008627893128562,1.2092862938917968,0.6960012226116636,0.1345771524697966,0.17306596043378555,0.23758925900559774
"frozenset({'Alcoholic beverage, wine, red wine, table type'})","frozenset({'Vegetable oil, olive oil', 'Egg, chicken, whole, raw, fresh'})",0.08921915873787531,0.08252887932032317,0.02037178507766743,0.2283341982355994,2.7667187548900944,1.0,0.013008627893128562,1.1889487892062793,0.7011138056209606,0.1345771524697966,0.15892088113603114,0.23758925900559774
"frozenset({'Tomato, peeled tomato, canned', 'Onion, raw'})","frozenset({'Vegetable oil, olive oil'})",0.0815102900664398,0.33428247331990646,0.07525985600851912,0.9233172394206193,2.7620868969011423,1.0,0.04801239464408662,8.681449672002271,0.6945694685550313,0.2210061182868797,0.8848118646330455,0.5742278717878719
"frozenset({'Vegetable oil, olive oil'})","frozenset({'Tomato, peeled tomato, canned', 'Onion, raw'})",0.33428247331990646,0.0815102900664398,0.07525985600851912,0.22513850415512468,2.762086896901142,1.0,0.04801239464408662,1.1853598544499606,0.9582967011297917,0.2210061182868797,0.15637433118229965,0.5742278717878719
"frozenset({'Vegetable oil, olive oil'})","frozenset({'Cheese, Parmesan, hard type', 'Tomato, peeled tomato, canned'})",0.33428247331990646,0.0366460633840313,0.03382179318008195,0.10117728531855957,2.76093189760317,1.0,0.021571656474629906,1.0717952727278364,0.9580691920691058,0.10032962505150392,0.06698599495135815,0.5120542143585849
"frozenset({'Cheese, Parmesan, hard type', 'Tomato, peeled tomato, canned'})","frozenset({'Vegetable oil, olive oil'})",0.0366460633840313,0.33428247331990646,0.03382179318008195,0.9229311433986103,2.76093189760317,1.0,0.021571656474629906,8.637957743726135,0.6620655490058941,0.10032962505150392,0.8842318948913227,0.5120542143585849
"frozenset({'Veal, raw'})","frozenset({'Vegetable oil, olive oil'})",0.03518762877051647,0.33428247331990646,0.03245595758964743,0.9223684210526316,2.7592485238372944,1.0,0.020693350013976486,8.575344411472395,0.6608357247231503,0.0963044374227229,0.8833866079288705,0.5097299168975069
"frozenset({'Vegetable oil, olive oil'})","frozenset({'Veal, raw'})",0.33428247331990646,0.03518762877051647,0.03245595758964743,0.09709141274238227,2.7592485238372944,1.0,0.020693350013976486,1.0685604111484692,0.9577372639457085,0.0963044374227229,0.0641614741040067,0.5097299168975069
"frozenset({'Water, tap water', 'Vegetable oil, olive oil'})","frozenset({'Tomato, peeled tomato, canned', 'Onion, raw'})",0.09597888742273769,0.0815102900664398,0.021575572377711415,0.22479498311625665,2.757872446939204,1.0,0.013752305423629896,1.1848345791488926,0.7050738535708174,0.13838158871566444,0.15600032477248055,0.2447462561136523
"frozenset({'Tomato, peeled tomato, canned', 'Onion, raw'})","frozenset({'Water, tap water', 'Vegetable oil, olive oil'})",0.0815102900664398,0.09597888742273769,0.021575572377711415,0.264697529111048,2.757872446939204,1.0,0.013752305423629896,1.2294547459963465,0.6939671099857343,0.13838158871566444,0.18663130688100021,0.2447462561136523
"frozenset({'Vegetable oil, olive oil'})","frozenset({'Cheese, Parmesan, hard type', 'Tomato, peeled tomato, canned', 'Onion, raw'})",0.33428247331990646,0.03127532004537352,0.028821445933745398,0.08621883656509695,2.7567691214674266,1.0,0.018366654595106287,1.0601276527885417,0.9572476364406751,0.0855905403547367,0.05671737043211998,0.5038792184305869
"frozenset({'Cheese, Parmesan, hard type', 'Tomato, peeled tomato, canned', 'Onion, raw'})","frozenset({'Vegetable oil, olive oil'})",0.03127532004537352,0.33428247331990646,0.028821445933745398,0.921539600296077,2.7567691214674266,1.0,0.018366654595106287,8.484758288158549,0.6578303847709337,0.0855905403547367,0.8821416042699043,0.5038792184305869
"frozenset({'Vegetable oil, olive oil'})","frozenset({'Egg, chicken, whole, raw, fresh', 'Beef, meat, lean and fat, raw'})",0.33428247331990646,0.023589601129708083,0.021714470912331876,0.06495844875346261,2.753690000788346,1.0,0.013828880702062998,1.0442427906744938,0.9566383503325009,0.0645961021968184,0.04236829889523744,0.492734376486643
"frozenset({'Egg, chicken, whole, raw, fresh', 'Beef, meat, lean and fat, raw'})","frozenset({'Vegetable oil, olive oil'})",0.023589601129708083,0.33428247331990646,0.021714470912331876,0.9205103042198234,2.7536900007883456,1.0,0.013828880702062998,8.374890860333526,0.6522369254234844,0.0645961021968184,0.8805954588929203,0.492734376486643
"frozenset({'Tomato, peeled tomato, canned', 'Onion, raw', 'Pasta, unenriched, dry, raw'})","frozenset({'Vegetable oil, extra-virgin olive oil'})",0.06884737366020789,0.1275551542931222,0.02414519526818992,0.35070611970410215,2.749446869847205,1.0,0.015363357898285865,1.343682532953006,0.6833363967120122,0.14016933207902166,0.25577658749324966,0.26999915785568085
"frozenset({'Vegetable oil, extra-virgin olive oil'})","frozenset({'Tomato, peeled tomato, canned', 'Onion, raw', 'Pasta, unenriched, dry, raw'})",0.1275551542931222,0.06884737366020789,0.02414519526818992,0.18929219600725952,2.749446869847205,1.0,0.015363357898285865,1.1485674885006167,0.7293188602156517,0.14016933207902166,0.12935024714530466,0.26999915785568085
"frozenset({'Pasta, unenriched, dry, raw'})","frozenset({'Parsley, raw', 'Vegetable oil, olive oil'})",0.1468620506053661,0.11139662476560873,0.044841076926638426,0.30532786885245905,2.740907720452966,1.0,0.028481140183044616,1.279169460514404,0.7444954988047016,0.2101095563510142,0.21824274979340036,0.3539315985991306
"frozenset({'Parsley, raw', 'Vegetable oil, olive oil'})","frozenset({'Pasta, unenriched, dry, raw'})",0.11139662476560873,0.1468620506053661,0.044841076926638426,0.40253532834580213,2.7409077204529657,1.0,0.028481140183044616,1.427930369560688,0.7147816234844253,0.2101095563510142,0.29968574006332227,0.3539315985991306
"frozenset({'Vegetable oil, olive oil'})","frozenset({'Water, tap water', 'Tomato, peeled tomato, canned'})",0.33428247331990646,0.025904576706715744,0.02372849966432854,0.07098337950138504,2.7401868135132528,1.0,0.015069053692502365,1.0485231391990326,0.9539502153028278,0.07052428787670291,0.046277604551578734,0.4934899024405942
"frozenset({'Water, tap water', 'Tomato, peeled tomato, canned'})","frozenset({'Vegetable oil, olive oil'})",0.025904576706715744,0.33428247331990646,0.02372849966432854,0.9159964253798034,2.7401868135132528,1.0,0.015069053692502365,7.924871408032179,0.6519498631461432,0.07052428787670291,0.873814987207684,0.4934899024405942
"frozenset({'Cheese, Parmesan, hard type'})","frozenset({'Sugar', 'Vegetable oil, olive oil'})",0.11905919392550408,0.07238928629302961,0.023612750885478158,0.1983278242271048,2.7397400137954095,1.0,0.01499414081058751,1.1570948097489566,0.7208223968622504,0.14068965517241377,0.1357665840563575,0.26225953091751786
"frozenset({'Sugar', 'Vegetable oil, olive oil'})","frozenset({'Cheese, Parmesan, hard type'})",0.07238928629302961,0.11905919392550408,0.023612750885478158,0.3261912376079309,2.7397400137954095,1.0,0.01499414081058751,1.3074047938276927,0.6845564135312223,0.14068965517241377,0.23512594972801262,0.26225953091751786
"frozenset({'Pasta, unenriched, dry, raw', 'Bread, white, high gluten flour (12% protein, Italian ""tipo 1"")'})","frozenset({'Vegetable oil, olive oil'})",0.029052943491446166,0.33428247331990646,0.026599069379818045,0.9155378486055777,2.7388149893500793,1.0,0.016887179572273942,7.881844301731301,0.6538755973633281,0.07899078784545581,0.8731261413295942,0.4975542428623457
"frozenset({'Vegetable oil, olive oil'})","frozenset({'Pasta, unenriched, dry, raw', 'Bread, white, high gluten flour (12% protein, Italian ""tipo 1"")'})",0.33428247331990646,0.029052943491446166,0.026599069379818045,0.07957063711911358,2.738814989350079,1.0,0.016887179572273942,1.05488492182556,0.9536756373965543,0.07899078784545581,0.052029297878841,0.4975542428623457
"frozenset({'Cheese, Parmesan, hard type', 'Onion, raw', 'Pasta, unenriched, dry, raw'})","frozenset({'Vegetable oil, olive oil'})",0.03284950343773873,0.33428247331990646,0.030071532745329536,0.9154334038054969,2.7385025446112223,1.0,0.01909051948883146,7.87210975299211,0.6563993204153882,0.08921703296703297,0.8729692507628073,0.5026959262794798
"frozenset({'Vegetable oil, olive oil'})","frozenset({'Cheese, Parmesan, hard type', 'Onion, raw', 'Pasta, unenriched, dry, raw'})",0.33428247331990646,0.03284950343773873,0.030071532745329536,0.08995844875346261,2.7385025446112223,1.0,0.01909051948883146,1.0627542173623812,0.9536130614568309,0.08921703296703297,0.059048664627395386,0.5026959262794798
"frozenset({'Onion, raw'})","frozenset({'Parsley, raw', 'Garlic, raw', 'Vegetable oil, olive oil'})",0.16524295668680694,0.07044470680834317,0.031877213695395513,0.19291117960212947,2.7384765774805087,1.0,0.020236722059449652,1.1517385319913291,0.7605008800734326,0.15640617900954112,0.13174737822566088,0.3227125730412882
"frozenset({'Parsley, raw', 'Garlic, raw', 'Vegetable oil, olive oil'})","frozenset({'Onion, raw'})",0.07044470680834317,0.16524295668680694,0.031877213695395513,0.45251396648044695,2.738476577480508,1.0,0.020236722059449652,1.5247092933985873,0.6829431995459457,0.15640617900954112,0.3441372697538997,0.3227125730412882
"frozenset({'Onion, raw'})","frozenset({'Bread, white, pastry flour (9% protein, Italian ""tipo 00"")', 'Vegetable oil, olive oil'})",0.16524295668680694,0.065259161515846,0.02949278885107762,0.17848136732978426,2.734962619561792,1.0,0.01870917205129734,1.1378206181957522,0.7599388286674601,0.1467234826672809,0.12112684195712246,0.31520733850703475
"frozenset({'Bread, white, pastry flour (9% protein, Italian ""tipo 00"")', 'Vegetable oil, olive oil'})","frozenset({'Onion, raw'})",0.065259161515846,0.16524295668680694,0.02949278885107762,0.45193330968428524,2.734962619561792,1.0,0.01870917205129734,1.5230939191585056,0.678652588610628,0.1467234826672809,0.3434416699972842,0.31520733850703475
"frozenset({'Vegetable oil, olive oil'})","frozenset({'Bread, white, pastry flour (9% protein, Italian ""tipo 00"")', 'Onion, raw'})",0.33428247331990646,0.03229390929925689,0.02949278885107762,0.08822714681440444,2.732005778452924,1.0,0.0186975009773533,1.061345583299311,0.9523086563757408,0.08749399079733536,0.05779981964838593,0.500744397779962
"frozenset({'Bread, white, pastry flour (9% protein, Italian ""tipo 00"")', 'Onion, raw'})","frozenset({'Vegetable oil, olive oil'})",0.03229390929925689,0.33428247331990646,0.02949278885107762,0.9132616487455197,2.7320057784529235,1.0,0.0186975009773533,7.67500784891513,0.6551251143820195,0.08749399079733536,0.8697069736363395,0.500744397779962
"frozenset({'Vegetable oil, olive oil'})","frozenset({'Cheese, Parmesan, hard type', 'Pasta, unenriched, dry, raw', 'Tomato, peeled tomato, canned', 'Onion, raw'})",0.33428247331990646,0.027015764983679424,0.02463134013936153,0.0736842105263158,2.7274523068596945,1.0,0.015600443401987851,1.0503807082562553,0.9513907172911938,0.07316234614591213,0.047964236071978666,0.49271185676272944
"frozenset({'Cheese, Parmesan, hard type', 'Pasta, unenriched, dry, raw', 'Tomato, peeled tomato, canned', 'Onion, raw'})","frozenset({'Vegetable oil, olive oil'})",0.027015764983679424,0.33428247331990646,0.02463134013936153,0.9117395029991431,2.727452306859694,1.0,0.015600443401987851,7.542644210055038,0.6509432038339962,0.07316234614591213,0.8674204997410712,0.49271185676272944
"frozenset({'Vegetable oil, olive oil'})","frozenset({'Cheese, Parmesan, hard type', 'Tomato, peeled tomato, canned', 'Pasta, unenriched, dry, raw'})",0.33428247331990646,0.027663958145241568,0.025210084033613446,0.07541551246537397,2.7261287798885014,1.0,0.015962507683003724,1.0516465017139323,0.9511233309170255,0.07486594252715524,0.0491101350403971,0.49335629179754054
"frozenset({'Cheese, Parmesan, hard type', 'Tomato, peeled tomato, canned', 'Pasta, unenriched, dry, raw'})","frozenset({'Vegetable oil, olive oil'})",0.027663958145241568,0.33428247331990646,0.025210084033613446,0.9112970711297071,2.7261287798885014,1.0,0.015962507683003724,7.505023060214265,0.6511940771196825,0.07486594252715524,0.8667559057478165,0.49335629179754054
"frozenset({'Sugar', 'Vegetable oil, olive oil', 'Onion, raw'})","frozenset({'Coffee, brewed, espresso, homemade, without sugar'})",0.03243280783387735,0.24122045512419843,0.021320925064240572,0.657387580299786,2.725256363359871,1.0,0.01349746839759701,2.2146877966062464,0.6542822544619548,0.0844954128440367,0.5484690882695138,0.37288764811534403
"frozenset({'Coffee, brewed, espresso, homemade, without sugar'})","frozenset({'Sugar', 'Vegetable oil, olive oil', 'Onion, raw'})",0.24122045512419843,0.03243280783387735,0.021320925064240572,0.08838771593090211,2.7252563633598705,1.0,0.01349746839759701,1.0613801602664488,0.834316170103788,0.0844954128440367,0.05783051404601346,0.37288764811534403
"frozenset({'Coffee, brewed, espresso, homemade, without sugar', 'Pasta, unenriched, dry, raw'})","frozenset({'Vegetable oil, olive oil'})",0.029052943491446166,0.33428247331990646,0.02641387133365743,0.9091633466135458,2.7197457814172674,1.0,0.016701981526113328,7.328732420908047,0.6512389861363159,0.07839769135632815,0.8635507557695635,0.49408998355608036
"frozenset({'Vegetable oil, olive oil'})","frozenset({'Coffee, brewed, espresso, homemade, without sugar', 'Pasta, unenriched, dry, raw'})",0.33428247331990646,0.029052943491446166,0.02641387133365743,0.07901662049861496,2.7197457814172674,1.0,0.016701981526113328,1.054250356867698,0.9498301476694148,0.07839769135632815,0.051458703821436046,0.49408998355608036
"frozenset({'Vegetable oil, olive oil'})","frozenset({'Parsley, raw', 'Vegetable oil, extra-virgin olive oil'})",0.33428247331990646,0.0295159386068477,0.02683056693751881,0.08026315789473684,2.719315789473684,1.0,0.016963905977663247,1.0551758035175904,0.9497428138665597,0.07962352294586425,0.052290626200537836,0.494641382868937
"frozenset({'Parsley, raw', 'Vegetable oil, extra-virgin olive oil'})","frozenset({'Vegetable oil, olive oil'})",0.0295159386068477,0.33428247331990646,0.02683056693751881,0.9090196078431372,2.719315789473684,1.0,0.016963905977663247,7.317153849285504,0.6514897690558813,0.07962352294586425,0.8633348402128176,0.494641382868937
"frozenset({'Parsley, raw'})","frozenset({'Cheese, Parmesan, hard type', 'Vegetable oil, olive oil'})",0.1149848369099706,0.09660393082852976,0.03018728152417992,0.2625327159251057,2.7176193936776394,1.0,0.019079294292999344,1.2249981642300551,0.7141469576297161,0.16641143440530884,0.18367224604901577,0.2875088693452511
"frozenset({'Cheese, Parmesan, hard type', 'Vegetable oil, olive oil'})","frozenset({'Parsley, raw'})",0.09660393082852976,0.1149848369099706,0.03018728152417992,0.3124850227653966,2.7176193936776394,1.0,0.019079294292999344,1.2872667394822908,0.6996165997894641,0.16641143440530884,0.22316022831276056,0.2875088693452511
"frozenset({'Onion, raw'})","frozenset({'Sugar', 'Vegetable oil, olive oil'})",0.16524295668680694,0.07238928629302961,0.03243280783387735,0.19627346595685066,2.711360700012177,1.0,0.020470988134369393,1.1541372275475605,0.7561259890132873,0.15805505415162457,0.13355190688640076,0.3221533623356367
"frozenset({'Sugar', 'Vegetable oil, olive oil'})","frozenset({'Onion, raw'})",0.07238928629302961,0.16524295668680694,0.03243280783387735,0.44803325871442273,2.711360700012177,1.0,0.020470988134369393,1.5123321404637047,0.6804379096039462,0.15805505415162457,0.3387695908562889,0.3221533623356367
"frozenset({'Sugar', 'Coffee, brewed, espresso, homemade, without sugar', 'Pasta, unenriched, dry, raw'})","frozenset({'Vegetable oil, olive oil'})",0.022733060166215246,0.33428247331990646,0.020603282635368196,0.9063136456211812,2.7112209522090143,1.0,0.01300401905687552,7.105810991302734,0.6458445065189301,0.061244150839526564,0.8592701098827473,0.4839739973258261
"frozenset({'Vegetable oil, olive oil'})","frozenset({'Sugar', 'Coffee, brewed, espresso, homemade, without sugar', 'Pasta, unenriched, dry, raw'})",0.33428247331990646,0.022733060166215246,0.020603282635368196,0.061634349030470915,2.7112209522090143,1.0,0.01300401905687552,1.041456428870838,0.9480935369717506,0.061244150839526564,0.03980620573419998,0.4839739973258261
"frozenset({'Vegetable oil, olive oil'})","frozenset({'Coffee, brewed, espresso, homemade, without sugar', 'Onion, raw'})",0.33428247331990646,0.03102067273190268,0.028103803504873022,0.08407202216066482,2.710193389010626,1.0,0.017734136300005213,1.0579208744708397,0.9478834721367747,0.08334477550459975,0.05474972265748235,0.495021085707198
"frozenset({'Coffee, brewed, espresso, homemade, without sugar', 'Onion, raw'})","frozenset({'Vegetable oil, olive oil'})",0.03102067273190268,0.33428247331990646,0.028103803504873022,0.9059701492537312,2.7101933890106253,1.0,0.017734136300005213,7.0798530615184445,0.6512240487430353,0.08334477550459975,0.8587541307268988,0.495021085707198
"frozenset({'Pasta, unenriched, dry, raw', 'Vegetable oil, olive oil', 'Onion, raw'})","frozenset({'Parsley, raw'})",0.08428826075884899,0.1149848369099706,0.02620552353172674,0.31090359791266137,2.703866059801335,1.0,0.016513651614945415,1.2843125583143868,0.6881632811486654,0.15141787051899414,0.2213733381907725,0.26940388270909893
"frozenset({'Parsley, raw'})","frozenset({'Pasta, unenriched, dry, raw', 'Vegetable oil, olive oil', 'Onion, raw'})",0.1149848369099706,0.08428826075884899,0.02620552353172674,0.22790416750553652,2.703866059801335,1.0,0.016513651614945415,1.1860078771344973,0.7120320886507091,0.15141787051899414,0.15683527969806504,0.26940388270909893
"frozenset({'Cheese, Parmesan, hard type', 'Egg, chicken, whole, raw, fresh'})","frozenset({'Onion, raw'})",0.04768849688635785,0.16524295668680694,0.021297775308470497,0.44660194174757284,2.702698806061909,1.0,0.013417587083019138,1.5084206221273488,0.6615476810783902,0.1111379560280261,0.3370549398948918,0.28774479267260966
"frozenset({'Onion, raw'})","frozenset({'Cheese, Parmesan, hard type', 'Egg, chicken, whole, raw, fresh'})",0.16524295668680694,0.04768849688635785,0.021297775308470497,0.12888764359764643,2.702698806061909,1.0,0.013417587083019138,1.0932131729213859,0.7547099741124751,0.1111379560280261,0.08526532174168104,0.28774479267260966
"frozenset({'Onion, raw'})","frozenset({'Parsley, raw', 'Garlic, raw'})",0.16524295668680694,0.07197259068916823,0.03213186100886636,0.19445222751471003,2.701753898987755,1.0,0.020238897322978847,1.1520451561149074,0.7545549548838189,0.15667682582684278,0.1319784691666566,0.3204490150117777
"frozenset({'Parsley, raw', 'Garlic, raw'})","frozenset({'Onion, raw'})",0.07197259068916823,0.16524295668680694,0.03213186100886636,0.4464458025088453,2.7017538989877545,1.0,0.020238897322978847,1.5079951468104111,0.6787192456135407,0.15667682582684278,0.33686789237013204,0.3204490150117777
"frozenset({'Onion, raw', 'Bread, white, high gluten flour (12% protein, Italian ""tipo 1"")'})","frozenset({'Vegetable oil, olive oil'})",0.03245595758964743,0.33428247331990646,0.02930759080491701,0.9029957203994294,2.7012954386491796,1.0,0.018458133027883676,6.862764502981556,0.650933929185313,0.08685510428100988,0.8542861263029576,0.4953344252966676
"frozenset({'Vegetable oil, olive oil'})","frozenset({'Onion, raw', 'Bread, white, high gluten flour (12% protein, Italian ""tipo 1"")'})",0.33428247331990646,0.03245595758964743,0.02930759080491701,0.08767313019390582,2.7012954386491796,1.0,0.018458133027883676,1.0605234531961052,0.9460577796814744,0.08685510428100988,0.057069415121094626,0.4953344252966676
"frozenset({'Milk, cow, whole', 'Sugar'})","frozenset({'Coffee, brewed, espresso, homemade, without sugar'})",0.06484246591198463,0.24122045512419843,0.042225154524619765,0.6511960014280614,2.699588644307867,1.0,0.02658382538595551,2.17537513326215,0.6732268849790581,0.16004211634640697,0.5403091702623172,0.41312199303648756
"frozenset({'Coffee, brewed, espresso, homemade, without sugar'})","frozenset({'Milk, cow, whole', 'Sugar'})",0.24122045512419843,0.06484246591198463,0.042225154524619765,0.17504798464491364,2.6995886443078665,1.0,0.02658382538595551,1.133590216984309,0.8297181940267271,0.16004211634640697,0.11784700942435722,0.41312199303648756
"frozenset({'Pasta, unenriched, dry, raw'})","frozenset({'Parsley, raw'})",0.1468620506053661,0.1149848369099706,0.04558186911128088,0.3103720050441362,2.6992429035416854,1.0,0.028694960174159005,1.2833225587755763,0.7378944364593373,0.21076857204024838,0.220772678574197,0.3533941764701253
"frozenset({'Parsley, raw'})","frozenset({'Pasta, unenriched, dry, raw'})",0.1149848369099706,0.1468620506053661,0.04558186911128088,0.39641634789611435,2.6992429035416854,1.0,0.028694960174159005,1.4134543677929108,0.7113163397027454,0.21076857204024838,0.2925134176340719,0.3533941764701253
"frozenset({'Sugar', 'Coffee, brewed, espresso, homemade, without sugar', 'Onion, raw'})","frozenset({'Vegetable oil, olive oil'})",0.023635900641248236,0.33428247331990646,0.021320925064240572,0.9020568070519098,2.6984866962757166,1.0,0.013419857738740548,6.796975947403751,0.6446590236003947,0.06334250343878955,0.8528757483124578,0.48291898524340643
"frozenset({'Vegetable oil, olive oil'})","frozenset({'Sugar', 'Coffee, brewed, espresso, homemade, without sugar', 'Onion, raw'})",0.33428247331990646,0.023635900641248236,0.021320925064240572,0.06378116343490305,2.6984866962757166,1.0,0.013419857738740548,1.042880212644454,0.9454789783138104,0.06334250343878955,0.04111710254404179,0.48291898524340643
"frozenset({'Vegetable oil, olive oil'})","frozenset({'Tomato, salad type, raw', 'Onion, raw'})",0.33428247331990646,0.023566451373938004,0.021251475796930343,0.06357340720221608,2.697623252371442,1.0,0.013373624144277039,1.0427230026741854,0.9453008050403263,0.06313617606602477,0.04097253303573171,0.4826707900451159
"frozenset({'Tomato, salad type, raw', 'Onion, raw'})","frozenset({'Vegetable oil, olive oil'})",0.023566451373938004,0.33428247331990646,0.021251475796930343,0.9017681728880158,2.697623252371442,1.0,0.013373624144277039,6.777004421603358,0.6444916961176098,0.06313617606602477,0.8524421797907855,0.4826707900451159
"frozenset({'Bread, white, pastry flour (9% protein, Italian ""tipo 00"")', 'Pasta, unenriched, dry, raw'})","frozenset({'Vegetable oil, olive oil'})",0.027432460587540803,0.33428247331990646,0.02470078940667176,0.90042194092827,2.693596023703496,1.0,0.015530598632217766,6.685383636575512,0.6464837198743858,0.07329303475752165,0.8504199527863991,0.4871569538436364
"frozenset({'Vegetable oil, olive oil'})","frozenset({'Bread, white, pastry flour (9% protein, Italian ""tipo 00"")', 'Pasta, unenriched, dry, raw'})",0.33428247331990646,0.027432460587540803,0.02470078940667176,0.07389196675900277,2.6935960237034955,1.0,0.015530598632217766,1.0501664001432671,0.9444682699642764,0.07329303475752165,0.047769953539194575,0.4871569538436364
"frozenset({'Courgette, squash, summer, all varieties, raw'})","frozenset({'Vegetable oil, olive oil'})",0.029122392758756395,0.33428247331990646,0.026182373775956665,0.8990461049284579,2.6894802350827285,1.0,0.016447268295565844,6.594272823335104,0.6470238268038192,0.07764124390746208,0.8483532564104252,0.4886851023257248
"frozenset({'Vegetable oil, olive oil'})","frozenset({'Courgette, squash, summer, all varieties, raw'})",0.33428247331990646,0.029122392758756395,0.026182373775956665,0.0783240997229917,2.6894802350827285,1.0,0.016447268295565844,1.0533828723843683,0.9436148510736648,0.07764124390746208,0.05067755873373406,0.4886851023257248
"frozenset({'Parsley, raw'})","frozenset({'Lettuce, raw', 'Vegetable oil, olive oil'})",0.1149848369099706,0.07301432969882168,0.022547862120054635,0.19609422186430442,2.6856950227876846,1.0,0.014152321327544801,1.153102385270712,0.7092046894378079,0.13628095704491394,0.13277432015264484,0.25245421302473303
"frozenset({'Lettuce, raw', 'Vegetable oil, olive oil'})","frozenset({'Parsley, raw'})",0.07301432969882168,0.1149848369099706,0.022547862120054635,0.3088142041851617,2.6856950227876846,1.0,0.014152321327544801,1.2804301946724552,0.6770945053369477,0.13628095704491394,0.21901248177312138,0.25245421302473303
"frozenset({'Carrots, raw'})","frozenset({'Parsley, raw', 'Vegetable oil, olive oil'})",0.06826862976595596,0.11139662476560873,0.020418084589207585,0.29908443540183116,2.6848608387474853,1.0,0.012813189655907123,1.26777520733731,0.6735216149667977,0.1282163105102486,0.21121663035177543,0.2411881029876986
"frozenset({'Parsley, raw', 'Vegetable oil, olive oil'})","frozenset({'Carrots, raw'})",0.11139662476560873,0.06826862976595596,0.020418084589207585,0.18329177057356608,2.6848608387474853,1.0,0.012813189655907123,1.140837494546112,0.7062107062442016,0.1282163105102486,0.12345096932683199,0.2411881029876986
"frozenset({'Carrots, raw'})","frozenset({'Parsley, raw'})",0.06826862976595596,0.1149848369099706,0.021043127994999654,0.3082400813835199,2.6807019922536557,1.0,0.013193270735294043,1.2793675078198514,0.6729014433941903,0.12972741544170116,0.2183637665583026,0.24562396660277264
"frozenset({'Parsley, raw'})","frozenset({'Carrots, raw'})",0.1149848369099706,0.06826862976595596,0.021043127994999654,0.18300785182202536,2.6807019922536557,1.0,0.013193270735294043,1.140441033995194,0.7084210644449221,0.12972741544170116,0.12314624764351098,0.24562396660277264
"frozenset({'Sugar', 'Water, tap water'})","frozenset({'Coffee, brewed, espresso, homemade, without sugar'})",0.037641502882144594,0.24122045512419843,0.024330393314350534,0.6463714637146372,2.679588111140229,1.0,0.015250492857560789,2.1456965912487886,0.6513251742842671,0.09558890404729424,0.5339508837929396,0.37361759366154124
"frozenset({'Coffee, brewed, espresso, homemade, without sugar'})","frozenset({'Sugar', 'Water, tap water'})",0.24122045512419843,0.037641502882144594,0.024330393314350534,0.1008637236084453,2.6795881111402284,1.0,0.015250492857560789,1.0703143921408957,0.826074345430371,0.09558890404729424,0.06569508235823078,0.37361759366154124
"frozenset({'Sugar', 'Onion, raw'})","frozenset({'Coffee, brewed, espresso, homemade, without sugar'})",0.03666921313980138,0.24122045512419843,0.023635900641248236,0.6445707070707071,2.6721229206653874,1.0,0.01479053635861911,2.1348255756363583,0.6495855084463382,0.09296185013202224,0.5315776560799748,0.3712776759921674
"frozenset({'Coffee, brewed, espresso, homemade, without sugar'})","frozenset({'Sugar', 'Onion, raw'})",0.24122045512419843,0.03666921313980138,0.023635900641248236,0.09798464491362766,2.6721229206653874,1.0,0.01479053635861911,1.0679760399067209,0.8247003009115378,0.09296185013202224,0.06364940538615274,0.3712776759921674
"frozenset({'Vegetable oil, olive oil'})","frozenset({'Sugar', 'Pasta, unenriched, dry, raw'})",0.33428247331990646,0.032988401972359194,0.029423339583767392,0.08801939058171745,2.668192010497157,1.0,0.01839589498157588,1.0603422792557624,0.9391586578297482,0.0870905851719885,0.05690830257010555,0.48997460757156047
"frozenset({'Sugar', 'Pasta, unenriched, dry, raw'})","frozenset({'Vegetable oil, olive oil'})",0.032988401972359194,0.33428247331990646,0.029423339583767392,0.8919298245614035,2.668192010497157,1.0,0.01839589498157588,6.1600485423320315,0.6465427923779103,0.0870905851719885,0.8376636169134105,0.48997460757156047
"frozenset({'Tomato, peeled tomato, canned', 'Pasta, unenriched, dry, raw'})","frozenset({'Vegetable oil, extra-virgin olive oil'})",0.07301432969882168,0.1275551542931222,0.024816538185522142,0.33988585922637915,2.664618776951343,1.0,0.015503184095180048,1.3216575616520136,0.6739174230985273,0.14120126448893572,0.24337435882404806,0.2672206065641878
"frozenset({'Vegetable oil, extra-virgin olive oil'})","frozenset({'Tomato, peeled tomato, canned', 'Pasta, unenriched, dry, raw'})",0.1275551542931222,0.07301432969882168,0.024816538185522142,0.19455535390199638,2.664618776951343,1.0,0.015503184095180048,1.1508992887245364,0.7160473206446342,0.14120126448893572,0.1311142427516554,0.2672206065641878
"frozenset({'Water, tap water', 'Onion, raw'})","frozenset({'Vegetable oil, olive oil'})",0.0505127670903072,0.33428247331990646,0.044979975461258884,0.8904674610449129,2.6638173763682205,1.0,0.02809444274407862,6.077806038560519,0.6578275813758057,0.13236596498399072,0.8354669442138298,0.512512123874257
"frozenset({'Vegetable oil, olive oil'})","frozenset({'Water, tap water', 'Onion, raw'})",0.33428247331990646,0.0505127670903072,0.044979975461258884,0.1345567867036011,2.6638173763682205,1.0,0.02809444274407862,1.097110958087218,0.938234108221604,0.13236596498399072,0.08851516555493008,0.512512123874257
"frozenset({'Cheese, Parmesan, hard type'})","frozenset({'Bread, white, pastry flour (9% protein, Italian ""tipo 00"")', 'Vegetable oil, olive oil'})",0.11905919392550408,0.065259161515846,0.02064958214690835,0.17343962667703675,2.6577054109854408,1.0,0.012879878980577446,1.130880294595155,0.7080334683707671,0.12616690240452616,0.11573311094080828,0.24493194530020695
"frozenset({'Bread, white, pastry flour (9% protein, Italian ""tipo 00"")', 'Vegetable oil, olive oil'})","frozenset({'Cheese, Parmesan, hard type'})",0.065259161515846,0.11905919392550408,0.02064958214690835,0.31642426392337714,2.6577054109854408,1.0,0.012879878980577446,1.2887245108064371,0.6672818268706019,0.12616690240452616,0.22403896906233572,0.24493194530020695
"frozenset({'Alcoholic beverage, wine, white wine, table type'})","frozenset({'Vegetable oil, olive oil'})",0.062249693265736046,0.33428247331990646,0.05523531726740283,0.8873187058386017,2.654397931863579,1.0,0.03442633583912706,5.9079684133424815,0.6646403955597939,0.16183951705894323,0.830737077445842,0.5262770814511568
"frozenset({'Vegetable oil, olive oil'})","frozenset({'Alcoholic beverage, wine, white wine, table type'})",0.33428247331990646,0.062249693265736046,0.05523531726740283,0.16523545706371193,2.654397931863579,1.0,0.03442633583912706,1.1233710327893456,0.9362330265095848,0.16183951705894323,0.10982215954332883,0.5262770814511568
"frozenset({'Alcoholic beverage, wine, red wine, table type'})","frozenset({'Vegetable oil, olive oil', 'Pasta, unenriched, dry, raw'})",0.08921915873787531,0.1292450864643378,0.030557677616501147,0.3425012973533991,2.650014068023425,1.0,0.019026539731148973,1.3243446869638686,0.6836370337336202,0.16262165824812125,0.2449095693564838,0.2894666615729919
"frozenset({'Vegetable oil, olive oil', 'Pasta, unenriched, dry, raw'})","frozenset({'Alcoholic beverage, wine, red wine, table type'})",0.1292450864643378,0.08921915873787531,0.030557677616501147,0.23643202579258465,2.650014068023425,1.0,0.019026539731148973,1.1927960208225292,0.7150617274999154,0.16262165824812125,0.16163368879247336,0.2894666615729919
"frozenset({'Vegetable oil, olive oil'})","frozenset({'Sugar', 'Onion, raw'})",0.33428247331990646,0.03666921313980138,0.03243280783387735,0.09702216066481995,2.645875173130194,1.0,0.020174932570809732,1.0668376840448859,0.934410160185186,0.09580797373999864,0.06265028414769969,0.49074592881725837
"frozenset({'Sugar', 'Onion, raw'})","frozenset({'Vegetable oil, olive oil'})",0.03666921313980138,0.33428247331990646,0.03243280783387735,0.8844696969696968,2.6458751731301935,1.0,0.020174932570809732,5.762276296509653,0.6457316938563765,0.09580797373999864,0.8264574712243973,0.49074592881725837
"frozenset({'Vegetable oil, olive oil'})","frozenset({'Onion, raw'})",0.33428247331990646,0.16524295668680694,0.14605180915341343,0.43691135734072023,2.6440543433800916,1.0,0.09081398489345342,1.4824611616581609,0.9340191936176878,0.41319012378020825,0.3254460718003021,0.6603861914190292
"frozenset({'Onion, raw'})","frozenset({'Vegetable oil, olive oil'})",0.16524295668680694,0.33428247331990646,0.14605180915341343,0.8838610254973382,2.6440543433800916,1.0,0.09081398489345342,5.732076846130893,0.7448789470274785,0.41319012378020825,0.8255431623051264,0.6603861914190292
"frozenset({'Cheese, Parmesan, hard type', 'Onion, raw'})","frozenset({'Vegetable oil, olive oil'})",0.05970322013102762,0.33428247331990646,0.0526888441326944,0.8825126017836371,2.640020558119652,1.0,0.032731104042131656,5.666288783194593,0.6606585114116945,0.15437834904700537,0.8235176429825007,0.5200651651577466
"frozenset({'Vegetable oil, olive oil'})","frozenset({'Cheese, Parmesan, hard type', 'Onion, raw'})",0.33428247331990646,0.05970322013102762,0.0526888441326944,0.15761772853185596,2.6400205581196516,1.0,0.032731104042131656,1.1162352434485334,0.9331511429050391,0.15437834904700537,0.10413149390394853,0.5200651651577466
"frozenset({'Cheese, Parmesan, hard type', 'Egg, chicken, whole, raw, fresh'})","frozenset({'Vegetable oil, olive oil'})",0.04768849688635785,0.33428247331990646,0.04206310623422923,0.8820388349514563,2.638603293171611,1.0,0.02612167754614887,5.643531296135771,0.6521097490138895,0.123748552748076,0.8228059795318725,0.5039349299411021
"frozenset({'Vegetable oil, olive oil'})","frozenset({'Cheese, Parmesan, hard type', 'Egg, chicken, whole, raw, fresh'})",0.33428247331990646,0.04768849688635785,0.04206310623422923,0.12583102493074794,2.638603293171611,1.0,0.02612167754614887,1.0893906444554378,0.9328455244004719,0.123748552748076,0.08205563808575052,0.5039349299411021
"frozenset({'Pasta, unenriched, dry, raw'})","frozenset({'Vegetable oil, olive oil'})",0.1468620506053661,0.33428247331990646,0.1292450864643378,0.8800441361916772,2.63263618774736,1.0,0.08015167695114275,5.549687239498705,0.7269077698885872,0.3672784685218078,0.8198096655100282,0.6333392426110741
"frozenset({'Vegetable oil, olive oil'})","frozenset({'Pasta, unenriched, dry, raw'})",0.33428247331990646,0.1468620506053661,0.1292450864643378,0.38663434903047095,2.63263618774736,1.0,0.08015167695114275,1.3909124973759188,0.9315551706959733,0.3672784685218078,0.2810475124160653,0.6333392426110741
"frozenset({'Cheese, Parmesan, hard type'})","frozenset({'Potato, raw'})",0.11905919392550408,0.08421881149153876,0.026321272310577123,0.2210771923002139,2.625033390817026,1.0,0.016294248501030537,1.1757021099598144,0.7027174363478016,0.14874411302982735,0.1494444115319482,0.26680577591921084
"frozenset({'Potato, raw'})","frozenset({'Cheese, Parmesan, hard type'})",0.08421881149153876,0.11905919392550408,0.026321272310577123,0.3125343595382078,2.6250333908170256,1.0,0.016294248501030537,1.2814324880044046,0.675982945038531,0.14874411302982735,0.2196233439052915,0.26680577591921084
"frozenset({'Parsley, raw'})","frozenset({'Vegetable oil, olive oil', 'Egg, chicken, whole, raw, fresh'})",0.1149848369099706,0.08252887932032317,0.024747088918211913,0.21522045500301992,2.6078199143802108,1.0,0.015257519189201908,1.1690813382288237,0.6966411021665676,0.14323998392067533,0.14462752308148594,0.257540101274301
"frozenset({'Vegetable oil, olive oil', 'Egg, chicken, whole, raw, fresh'})","frozenset({'Parsley, raw'})",0.08252887932032317,0.1149848369099706,0.024747088918211913,0.29985974754558203,2.6078199143802108,1.0,0.015257519189201908,1.2640541091410074,0.671997106778055,0.14323998392067533,0.20889462502554296,0.257540101274301
frozenset({'Sugar'}),"frozenset({'Coffee, brewed, espresso, homemade, without sugar', 'Pasta, unenriched, dry, raw'})",0.30015973331481355,0.029052943491446166,0.022733060166215246,0.07573654172451025,2.6068457313734417,1.0,0.014012536395812417,1.0505089731884103,0.8807647509290479,0.07417478661530326,0.04808047763277071,0.42910333062321127
"frozenset({'Coffee, brewed, espresso, homemade, without sugar', 'Pasta, unenriched, dry, raw'})",frozenset({'Sugar'}),0.029052943491446166,0.30015973331481355,0.022733060166215246,0.7824701195219123,2.606845731373441,1.0,0.014012536395812417,3.2172144127835476,0.6348385671960337,0.07417478661530326,0.6891720999301394,0.42910333062321127
"frozenset({'Tomato, peeled tomato, canned'})","frozenset({'Vegetable oil, olive oil'})",0.09803921568627451,0.33428247331990646,0.08526055050119222,0.8696576151121607,2.601565096952909,1.0,0.0524877589992406,5.1074524012503595,0.6825307818531678,0.24566435432230524,0.8042076711757139,0.5623565083871053
"frozenset({'Vegetable oil, olive oil'})","frozenset({'Tomato, peeled tomato, canned'})",0.33428247331990646,0.09803921568627451,0.08526055050119222,0.2550554016620499,2.6015650969529087,1.0,0.0524877589992406,1.2107756554327598,0.9247405613437816,0.24566435432230524,0.1740831627122727,0.5623565083871053
"frozenset({'Pasta, unenriched, dry, raw', 'Onion, raw'})","frozenset({'Parsley, raw', 'Vegetable oil, olive oil'})",0.09044609579368938,0.11139662476560873,0.02620552353172674,0.28973637061684154,2.6009438905934545,1.0,0.016130133737082823,1.2510895088435194,0.676731956899273,0.14920258336628445,0.200696678430004,0.26249079544973414
"frozenset({'Parsley, raw', 'Vegetable oil, olive oil'})","frozenset({'Pasta, unenriched, dry, raw', 'Onion, raw'})",0.11139662476560873,0.09044609579368938,0.02620552353172674,0.23524522028262676,2.6009438905934545,1.0,0.016130133737082823,1.189340594304556,0.6926872108003761,0.14920258336628445,0.15919795827306257,0.26249079544973414
frozenset({'Sugar'}),"frozenset({'Coffee, brewed, espresso, homemade, without sugar', 'Vegetable oil, olive oil', 'Pasta, unenriched, dry, raw'})",0.30015973331481355,0.02641387133365743,0.020603282635368196,0.0686410612370816,2.598674778490985,1.0,0.012674902060045783,1.045339329603163,0.8790412698625082,0.06733751986078534,0.0433728343698453,0.42432929486043386
"frozenset({'Coffee, brewed, espresso, homemade, without sugar', 'Vegetable oil, olive oil', 'Pasta, unenriched, dry, raw'})",frozenset({'Sugar'}),0.02641387133365743,0.30015973331481355,0.020603282635368196,0.7800175284837861,2.5986747784909845,1.0,0.012674902060045783,3.181345594772102,0.6318788431903528,0.06733751986078534,0.6856675987534026,0.42432929486043386
"frozenset({'Vegetable oil, olive oil'})","frozenset({'Apple, peeled, fresh', 'Pasta, unenriched, dry, raw'})",0.33428247331990646,0.023057156746996318,0.020001388985346206,0.05983379501385042,2.5950205253145553,1.0,0.012293785600235509,1.0391171668071135,0.9232843790690578,0.05929179247872633,0.037644616080502756,0.46365183726596143
"frozenset({'Apple, peeled, fresh', 'Pasta, unenriched, dry, raw'})","frozenset({'Vegetable oil, olive oil'})",0.023057156746996318,0.33428247331990646,0.020001388985346206,0.8674698795180724,2.5950205253145553,1.0,0.012293785600235509,5.023141337677075,0.6291530743084025,0.05929179247872633,0.8009213890719538,0.46365183726596143
"frozenset({'Tea, brewed, prepared with tap water, without sugar'})",frozenset({'Sugar'}),0.028358450818343865,0.30015973331481355,0.02201541773734287,0.7763265306122449,2.586377999603358,1.0,0.01350335270248752,3.128847907625377,0.6312604828034672,0.07182779456193353,0.6803935411616269,0.42483610195582167
frozenset({'Sugar'}),"frozenset({'Tea, brewed, prepared with tap water, without sugar'})",0.30015973331481355,0.028358450818343865,0.02201541773734287,0.07334567329939842,2.586377999603358,1.0,0.01350335270248752,1.04854800887968,0.876427011485797,0.07182779456193353,0.04630022513852363,0.42483610195582167
"frozenset({'Vegetable oil, olive oil'})","frozenset({'Cheese, Parmesan, hard type', 'Bread, white, high gluten flour (12% protein, Italian ""tipo 1"")'})",0.33428247331990646,0.02365905039701831,0.02044123434497766,0.06114958448753463,2.5846170265244948,1.0,0.012532428461862064,1.0399323827002327,0.9209543977888529,0.060566568351738806,0.03839901840208734,0.46257087834944244
"frozenset({'Cheese, Parmesan, hard type', 'Bread, white, high gluten flour (12% protein, Italian ""tipo 1"")'})","frozenset({'Vegetable oil, olive oil'})",0.02365905039701831,0.33428247331990646,0.02044123434497766,0.8639921722113503,2.5846170265244943,1.0,0.012532428461862064,4.894700088252198,0.6279522375154485,0.060566568351738806,0.795697390653187,0.46257087834944244
frozenset({'Sugar'}),"frozenset({'Coffee, brewed, espresso, homemade, without sugar', 'Vegetable oil, olive oil'})",0.30015973331481355,0.05796698844827187,0.044887376438178576,0.14954496375134968,2.5798297919996216,1.0,0.027488020644482414,1.1076811487965637,0.8750247130104897,0.14330056906363164,0.0972131275444684,0.4619529930577835
"frozenset({'Coffee, brewed, espresso, homemade, without sugar', 'Vegetable oil, olive oil'})",frozenset({'Sugar'}),0.05796698844827187,0.30015973331481355,0.044887376438178576,0.7743610223642172,2.579829791999621,1.0,0.027488020644482414,3.1015929695216045,0.6500595212695086,0.14330056906363164,0.6775850313607585,0.4619529930577835
"frozenset({'Pasta, unenriched, dry, raw'})","frozenset({'Bread, white, pastry flour (9% protein, Italian ""tipo 00"")', 'Vegetable oil, olive oil'})",0.1468620506053661,0.065259161515846,0.02470078940667176,0.1681904161412358,2.577269033718682,1.0,0.015116695125667823,1.1237437709576412,0.7173428279648283,0.13179347826086957,0.11011742548053305,0.27334671569743596
"frozenset({'Bread, white, pastry flour (9% protein, Italian ""tipo 00"")', 'Vegetable oil, olive oil'})","frozenset({'Pasta, unenriched, dry, raw'})",0.065259161515846,0.1468620506053661,0.02470078940667176,0.37850301525363605,2.577269033718682,1.0,0.015116695125667823,1.3727145430042653,0.6547187884240878,0.13179347826086957,0.27151642335525783,0.27334671569743596
"frozenset({'Rice, white, raw'})","frozenset({'Vegetable oil, olive oil'})",0.03430793805125356,0.33428247331990646,0.02949278885107762,0.8596491228070176,2.5716248724303834,1.0,0.01802424646479845,4.743237377595666,0.6328526664171602,0.08697433096668489,0.7891735284589748,0.473938134810711
"frozenset({'Vegetable oil, olive oil'})","frozenset({'Rice, white, raw'})",0.33428247331990646,0.03430793805125356,0.02949278885107762,0.08822714681440444,2.5716248724303834,1.0,0.01802424646479845,1.0591366682773735,0.9180181861665626,0.08697433096668489,0.05583478511187411,0.473938134810711
"frozenset({'Sugar', 'Vegetable oil, olive oil'})","frozenset({'Coffee, brewed, espresso, homemade, without sugar'})",0.07238928629302961,0.24122045512419843,0.044887376438178576,0.6200831467860569,2.5706076479575146,1.0,0.027425599852458075,1.9972252835241004,0.6586673810774415,0.16703997243280497,0.4993053571625622,0.40308379988055243
"frozenset({'Coffee, brewed, espresso, homemade, without sugar'})","frozenset({'Sugar', 'Vegetable oil, olive oil'})",0.24122045512419843,0.07238928629302961,0.044887376438178576,0.186084452975048,2.5706076479575146,1.0,0.027425599852458075,1.139689144773804,0.8052232345783044,0.16703997243280497,0.12256775930030318,0.40308379988055243
"frozenset({'Vegetable oil, olive oil'})","frozenset({'Apple, peeled, fresh', 'Onion, raw'})",0.33428247331990646,0.026923165960599117,0.02312660601430655,0.06918282548476455,2.5696393056452056,1.0,0.014126663507395162,1.045400601408299,0.9175668348391511,0.06840591618734594,0.04342890308953167,0.4640841040579455
"frozenset({'Apple, peeled, fresh', 'Onion, raw'})","frozenset({'Vegetable oil, olive oil'})",0.026923165960599117,0.33428247331990646,0.02312660601430655,0.8589853826311264,2.5696393056452056,1.0,0.014126663507395162,4.720911484932616,0.6277411017145518,0.06840591618734594,0.7881764987139399,0.4640841040579455
"frozenset({'Alcoholic beverage, wine, red wine, table type'})","frozenset({'Parsley, raw', 'Vegetable oil, olive oil'})",0.08921915873787531,0.11139662476560873,0.025534180614394518,0.28619615983393876,2.5691636567636436,1.0,0.01559546746656814,1.244884554036112,0.6705985107291156,0.14584159724976864,0.19671266162164,0.25770738997515724
"frozenset({'Parsley, raw', 'Vegetable oil, olive oil'})","frozenset({'Alcoholic beverage, wine, red wine, table type'})",0.11139662476560873,0.08921915873787531,0.025534180614394518,0.22921862011637573,2.5691636567636436,1.0,0.01559546746656814,1.1816331647757734,0.6873350842155944,0.14584159724976864,0.15371366528142447,0.25770738997515724
"frozenset({'Vegetable oil, olive oil', 'Egg, chicken, whole, raw, fresh'})","frozenset({'Onion, raw'})",0.08252887932032317,0.16524295668680694,0.03502558048012593,0.4244039270687237,2.568363188230269,1.0,0.021388264449187053,1.450247982169363,0.6655762259315778,0.16463547334058762,0.3104627537532283,0.31818403134047
"frozenset({'Onion, raw'})","frozenset({'Vegetable oil, olive oil', 'Egg, chicken, whole, raw, fresh'})",0.16524295668680694,0.08252887932032317,0.03502558048012593,0.2119641356122163,2.5683631882302684,1.0,0.021388264449187053,1.1642504638953837,0.7315265810510633,0.16463547334058762,0.14107828941362804,0.31818403134047
"frozenset({'Vegetable oil, olive oil', 'Bread, white, high gluten flour (12% protein, Italian ""tipo 1"")'})","frozenset({'Pasta, unenriched, dry, raw'})",0.07100030094682501,0.1468620506053661,0.026599069379818045,0.37463319204434303,2.5509189780484687,1.0,0.016171819589169207,1.3642200681925665,0.6544506029902382,0.13907044299201163,0.26698043569694424,0.2778746035883758
"frozenset({'Pasta, unenriched, dry, raw'})","frozenset({'Vegetable oil, olive oil', 'Bread, white, high gluten flour (12% protein, Italian ""tipo 1"")'})",0.1468620506053661,0.07100030094682501,0.026599069379818045,0.18111601513240858,2.5509189780484687,1.0,0.016171819589169207,1.1344704698350996,0.7126449053807903,0.13907044299201163,0.1185314853145939,0.2778746035883758
"frozenset({'Bread, white, pastry flour (9% protein, Italian ""tipo 00"")'})","frozenset({'Cheese, Parmesan, hard type', 'Vegetable oil, olive oil'})",0.08382526564344746,0.09660393082852976,0.02064958214690835,0.2463407898370616,2.550007931605931,1.0,0.01255173198300562,1.1986797971674215,0.6634589824788498,0.12923790205737468,0.16574884938990236,0.23004794104841336
"frozenset({'Cheese, Parmesan, hard type', 'Vegetable oil, olive oil'})","frozenset({'Bread, white, pastry flour (9% protein, Italian ""tipo 00"")'})",0.09660393082852976,0.08382526564344746,0.02064958214690835,0.21375509225976513,2.5500079316059305,1.0,0.01255173198300562,1.1652536319627838,0.6728437036332248,0.12923790205737468,0.14181773601033645,0.23004794104841336
"frozenset({'Vegetable oil, olive oil'})","frozenset({'Cheese, Parmesan, hard type', 'Pasta, unenriched, dry, raw'})",0.33428247331990646,0.054587124105840684,0.046484709586313865,0.13905817174515236,2.5474537085985354,1.0,0.028237190728792754,1.0981146981910923,0.912475839937534,0.13576741041244084,0.08934831521034664,0.4953136490617195
"frozenset({'Cheese, Parmesan, hard type', 'Pasta, unenriched, dry, raw'})","frozenset({'Vegetable oil, olive oil'})",0.054587124105840684,0.33428247331990646,0.046484709586313865,0.8515691263782866,2.5474537085985354,1.0,0.028237190728792754,4.4850340797476,0.6425247368712178,0.13576741041244084,0.7770362538568991,0.4953136490617195
"frozenset({'Parsley, raw'})","frozenset({'Alcoholic beverage, wine, red wine, table type'})",0.1149848369099706,0.08921915873787531,0.026089774752876358,0.22689752365613045,2.543147983750355,1.0,0.015830924336156987,1.1780855308721285,0.685622769391167,0.14647777488952432,0.15116519658830968,0.2596604899027928
"frozenset({'Alcoholic beverage, wine, red wine, table type'})","frozenset({'Parsley, raw'})",0.08921915873787531,0.1149848369099706,0.026089774752876358,0.29242345614945514,2.543147983750355,1.0,0.015830924336156987,1.2507695044183988,0.6662267359841475,0.14647777488952432,0.2004921798401259,0.2596604899027928
frozenset({'Sugar'}),"frozenset({'Coffee, brewed, espresso, homemade, without sugar', 'Onion, raw'})",0.30015973331481355,0.03102067273190268,0.023635900641248236,0.07874440845287675,2.5384494118947143,1.0,0.01432474378679422,1.0518029265264253,0.8659957893271759,0.07685359427926233,0.049251551997011665,0.42034235348016974
"frozenset({'Coffee, brewed, espresso, homemade, without sugar', 'Onion, raw'})",frozenset({'Sugar'}),0.03102067273190268,0.30015973331481355,0.023635900641248236,0.7619402985074627,2.5384494118947143,1.0,0.01432474378679422,2.939767891404858,0.6254609433822264,0.07685359427926233,0.6598370902261542,0.42034235348016974
"frozenset({'Cheese, Parmesan, hard type'})","frozenset({'Vegetable oil, extra-virgin olive oil', 'Vegetable oil, olive oil'})",0.11905919392550408,0.07650994282010325,0.02310345625853647,0.19405016527318686,2.5362738242982914,1.0,0.01399424413908857,1.145840618594984,0.6875840028193245,0.13395973154362414,0.12727827607805708,0.2480084411842485
"frozenset({'Vegetable oil, extra-virgin olive oil', 'Vegetable oil, olive oil'})","frozenset({'Cheese, Parmesan, hard type'})",0.07650994282010325,0.11905919392550408,0.02310345625853647,0.30196671709531014,2.5362738242982914,1.0,0.01399424413908857,1.2620326675666274,0.6559039818331137,0.13395973154362414,0.2076274840586039,0.2480084411842485
"frozenset({'Pasta, unenriched, dry, raw', 'Onion, raw'})","frozenset({'Parsley, raw'})",0.09044609579368938,0.1149848369099706,0.026367571822117276,0.29152802661888916,2.5353606132184727,1.0,0.015967642248136325,1.2491886713124076,0.6657975822383746,0.14725274725274726,0.19948041239487718,0.26042074775679713
"frozenset({'Parsley, raw'})","frozenset({'Pasta, unenriched, dry, raw', 'Onion, raw'})",0.1149848369099706,0.09044609579368938,0.026367571822117276,0.22931346889470505,2.5353606132184727,1.0,0.015967642248136325,1.1801865836449177,0.6842580958970897,0.14725274725274726,0.15267635316478934,0.26042074775679713
"frozenset({'Cheese, Parmesan, hard type', 'Beef, meat, lean and fat, raw'})","frozenset({'Vegetable oil, olive oil'})",0.025534180614394518,0.33428247331990646,0.02162187188925157,0.8467815049864007,2.533131625408418,1.0,0.013086242839274561,4.344890129752326,0.6210907697252269,0.06393319186802657,0.7698445829153789,0.455731472714807
"frozenset({'Vegetable oil, olive oil'})","frozenset({'Cheese, Parmesan, hard type', 'Beef, meat, lean and fat, raw'})",0.33428247331990646,0.025534180614394518,0.02162187188925157,0.0646814404432133,2.533131625408418,1.0,0.013086242839274561,1.0418544670463605,0.909141943207348,0.06393319186802657,0.04017304563181178,0.455731472714807
"frozenset({'Garlic, raw', 'Vegetable oil, olive oil'})","frozenset({'Cheese, Parmesan, hard type'})",0.1411209111743871,0.11905919392550408,0.04250295159386069,0.30118110236220474,2.52967530210775,1.0,0.025701209663405496,1.2606138858756166,0.7040482850822513,0.19525683292566204,0.20673569345509432,0.32908559298549667
"frozenset({'Cheese, Parmesan, hard type'})","frozenset({'Garlic, raw', 'Vegetable oil, olive oil'})",0.11905919392550408,0.1411209111743871,0.04250295159386069,0.35699008360878864,2.52967530210775,1.0,0.025701209663405496,1.335716708143371,0.6864165508182216,0.19525683292566204,0.2513382561561371,0.32908559298549667
"frozenset({'Coffee, brewed, espresso, homemade, without sugar', 'Vegetable oil, olive oil', 'Onion, raw'})",frozenset({'Sugar'}),0.028103803504873022,0.30015973331481355,0.021320925064240572,0.7586490939044481,2.527484568054176,1.0,0.012885294899085964,2.8996794667434007,0.6218253689002863,0.06946225205520777,0.6551342962320282,0.41484051178332076
frozenset({'Sugar'}),"frozenset({'Coffee, brewed, espresso, homemade, without sugar', 'Vegetable oil, olive oil', 'Onion, raw'})",0.30015973331481355,0.028103803504873022,0.021320925064240572,0.07103192966219342,2.5274845680541755,1.0,0.012885294899085964,1.0462105507476809,0.8635537846098613,0.06946225205520777,0.044169455865892604,0.41484051178332076
"frozenset({'Cheese, Parmesan, hard type'})","frozenset({'Garlic, raw'})",0.11905919392550408,0.14417667893603722,0.043382642313123596,0.3643787672564651,2.5273072590201546,1.0,0.0262170831361428,1.3464360172015786,0.6859960953089244,0.19732547120143204,0.257298536860005,0.33263896615873995
"frozenset({'Garlic, raw'})","frozenset({'Cheese, Parmesan, hard type'})",0.14417667893603722,0.11905919392550408,0.043382642313123596,0.3008991650610148,2.5273072590201546,1.0,0.0262170831361428,1.2601054984455582,0.7061293356835675,0.19732547120143204,0.20641565231357167,0.33263896615873995
"frozenset({'Vegetable oil, olive oil'})","frozenset({'Cheese, Parmesan, hard type', 'Bread, white, pastry flour (9% protein, Italian ""tipo 00"")'})",0.33428247331990646,0.024446142093200916,0.02064958214690835,0.06177285318559557,2.526895775623269,1.0,0.012477665304863272,1.0397843008690713,0.9076785515743409,0.06107915639550809,0.038262071119768676,0.45323491144128264
"frozenset({'Cheese, Parmesan, hard type', 'Bread, white, pastry flour (9% protein, Italian ""tipo 00"")'})","frozenset({'Vegetable oil, olive oil'})",0.024446142093200916,0.33428247331990646,0.02064958214690835,0.8446969696969697,2.526895775623269,1.0,0.012477665304863272,4.286571391305969,0.619399447275179,0.06107915639550809,0.7667133219737804,0.45323491144128264
"frozenset({'Potato, raw'})","frozenset({'Cheese, Parmesan, hard type', 'Vegetable oil, olive oil'})",0.08421881149153876,0.09660393082852976,0.020556983123828042,0.2440901594282573,2.5267104281865396,1.0,0.012421114884038445,1.1951108725984758,0.6597957002984937,0.12826809186768742,0.1632575496315711,0.22844335433670232
"frozenset({'Cheese, Parmesan, hard type', 'Vegetable oil, olive oil'})","frozenset({'Potato, raw'})",0.09660393082852976,0.08421881149153876,0.020556983123828042,0.21279654924514735,2.5267104281865396,1.0,0.012421114884038445,1.1633348248541275,0.6688411774320446,0.12826809186768742,0.14040224823030487,0.22844335433670232
"frozenset({'Water, tap water', 'Vegetable oil, olive oil'})","frozenset({'Tomato, peeled tomato, canned'})",0.09597888742273769,0.09803921568627451,0.02372849966432854,0.24722624216111913,2.521707670043415,1.0,0.0143188048189621,1.198183086114933,0.6675102164711437,0.139342033713975,0.16540300761341467,0.24462846936863514
"frozenset({'Tomato, peeled tomato, canned'})","frozenset({'Water, tap water', 'Vegetable oil, olive oil'})",0.09803921568627451,0.09597888742273769,0.02372849966432854,0.24203069657615112,2.521707670043415,1.0,0.0143188048189621,1.192688290269379,0.6690349946977731,0.139342033713975,0.16155796266420833,0.24462846936863514
"frozenset({'Vegetable oil, olive oil'})","frozenset({'Alcoholic beverage, wine, red wine, table type', 'Egg, chicken, whole, raw, fresh'})",0.33428247331990646,0.024237794291270227,0.02037178507766743,0.06094182825484765,2.5143306161649037,1.0,0.01226951525416251,1.0390860066691783,0.9047077865626393,0.060245087971520506,0.037615756942459166,0.45071924268520797
"frozenset({'Alcoholic beverage, wine, red wine, table type', 'Egg, chicken, whole, raw, fresh'})","frozenset({'Vegetable oil, olive oil'})",0.024237794291270227,0.33428247331990646,0.02037178507766743,0.8404966571155683,2.5143306161649033,1.0,0.01226951525416251,4.173690122359629,0.61724037528308,0.060245087971520506,0.7604038702723234,0.45071924268520797
"frozenset({'Egg, chicken, whole, raw, fresh'})","frozenset({'Alcoholic beverage, wine, red wine, table type'})",0.10810935944625784,0.08921915873787531,0.024237794291270227,0.22419700214132762,2.512879580046427,1.0,0.01459236818978453,1.1739846891234123,0.6750268960090481,0.1400294235656012,0.1482001347507544,0.24793140195286412
"frozenset({'Alcoholic beverage, wine, red wine, table type'})","frozenset({'Egg, chicken, whole, raw, fresh'})",0.08921915873787531,0.10810935944625784,0.024237794291270227,0.27166580176440064,2.512879580046427,1.0,0.01459236818978453,1.224562354361996,0.6610263890028873,0.1400294235656012,0.18338172291683275,0.24793140195286412
"frozenset({'Tomato, peeled tomato, canned'})","frozenset({'Vegetable oil, extra-virgin olive oil'})",0.09803921568627451,0.1275551542931222,0.031391068824223906,0.32018890200708383,2.5101996370235935,1.0,0.018885661540584475,1.2833636406976825,0.6670193664229832,0.16164024317558712,0.22079762252235519,0.28314345281842396
"frozenset({'Vegetable oil, extra-virgin olive oil'})","frozenset({'Tomato, peeled tomato, canned'})",0.1275551542931222,0.09803921568627451,0.031391068824223906,0.24609800362976408,2.5101996370235935,1.0,0.018885661540584475,1.1963899666751632,0.6895854951195975,0.16164024317558712,0.16415213445908627,0.28314345281842396
"frozenset({'Lettuce, raw', 'Vegetable oil, olive oil'})","frozenset({'Onion, raw'})",0.07301432969882168,0.16524295668680694,0.030279880547260225,0.4147114774889029,2.509707438090241,1.0,0.01821477682732159,1.426231698055152,0.6489282431172422,0.14559216384683882,0.2988516512684251,0.29897804191060445
"frozenset({'Onion, raw'})","frozenset({'Lettuce, raw', 'Vegetable oil, olive oil'})",0.16524295668680694,0.07301432969882168,0.030279880547260225,0.18324460633230596,2.509707438090241,1.0,0.01821477682732159,1.1349611860394186,0.7206254649087255,0.14559216384683882,0.11891260044793399,0.29897804191060445
"frozenset({'Vegetable oil, olive oil'})","frozenset({'Cheese, Parmesan, hard type', 'Sugar'})",0.33428247331990646,0.028219552283723408,0.023612750885478158,0.07063711911357341,2.503126853444652,1.0,0.014179449152094683,1.0456415547707179,0.9020337418272243,0.06967689049798484,0.043649331420006446,0.4536942773582633
"frozenset({'Cheese, Parmesan, hard type', 'Sugar'})","frozenset({'Vegetable oil, olive oil'})",0.028219552283723408,0.33428247331990646,0.023612750885478158,0.8367514356029532,2.503126853444652,1.0,0.014179449152094683,4.077938015191124,0.6179375938283266,0.06967689049798484,0.7547780284362335,0.4536942773582633
"frozenset({'Cheese, Parmesan, hard type'})","frozenset({'Potato, raw', 'Vegetable oil, olive oil'})",0.11905919392550408,0.06907887121790865,0.020556983123828042,0.1726618705035971,2.4994888807452695,1.0,0.012332508399340135,1.1252003208757453,0.6809971794467511,0.12266887691670118,0.11126936115544436,0.23512450093544465
"frozenset({'Potato, raw', 'Vegetable oil, olive oil'})","frozenset({'Cheese, Parmesan, hard type'})",0.06907887121790865,0.11905919392550408,0.020556983123828042,0.2975871313672922,2.4994888807452695,1.0,0.012332508399340135,1.2541638193350646,0.644435050025282,0.12266887691670118,0.2026559971007758,0.23512450093544465
"frozenset({'Vegetable oil, olive oil', 'Bread, white, high gluten flour (12% protein, Italian ""tipo 1"")'})","frozenset({'Onion, raw'})",0.07100030094682501,0.16524295668680694,0.02930759080491701,0.4127812194326704,2.498026104767871,1.0,0.017575291150810544,1.4215435046316285,0.6455157389353479,0.1416265801543797,0.29653929215544145,0.29507091232210714
"frozenset({'Onion, raw'})","frozenset({'Vegetable oil, olive oil', 'Bread, white, high gluten flour (12% protein, Italian ""tipo 1"")'})",0.16524295668680694,0.07100030094682501,0.02930759080491701,0.17736060521154387,2.498026104767871,1.0,0.017575291150810544,1.1292915279021736,0.7183933720700939,0.1416265801543797,0.11448906213115027,0.29507091232210714
"frozenset({'Coffee, brewed, espresso, homemade, without sugar'})","frozenset({'Milk, cow, semi-skimmed'})",0.24122045512419843,0.06241174155612658,0.037548903859064287,0.15566218809980806,2.4941170398172883,1.0,0.022493915155801583,1.110442106499791,0.7895000731129806,0.14111710457630067,0.09945777979179302,0.3786471177887764
"frozenset({'Milk, cow, semi-skimmed'})","frozenset({'Coffee, brewed, espresso, homemade, without sugar'})",0.06241174155612658,0.24122045512419843,0.037548903859064287,0.6016320474777448,2.4941170398172883,1.0,0.022493915155801583,1.9047203472859973,0.6389334558757603,0.14111710457630067,0.4749885454707918,0.3786471177887764
"frozenset({'Vegetable oil, extra-virgin olive oil'})","frozenset({'Onion, raw', 'Pasta, unenriched, dry, raw'})",0.1275551542931222,0.09044609579368938,0.028659397643354862,0.22468239564428313,2.4841580354865878,1.0,0.017122531939180303,1.1731371751350121,0.6847987288203707,0.1513632473407507,0.14758476570745988,0.27077477857463705
"frozenset({'Onion, raw', 'Pasta, unenriched, dry, raw'})","frozenset({'Vegetable oil, extra-virgin olive oil'})",0.09044609579368938,0.1275551542931222,0.028659397643354862,0.316867161504991,2.4841580354865878,1.0,0.017122531939180303,1.2771232717035486,0.6568594984233472,0.1513632473407507,0.21699022940353693,0.27077477857463705
frozenset({'Sugar'}),"frozenset({'Coffee, brewed, espresso, restaurant, bar-prepared, without sugar'})",0.30015973331481355,0.041762159409218236,0.03109012199921291,0.10357859015887706,2.4802019728896965,1.0,0.018554803368291233,1.0689591190828596,0.8527760665807017,0.10002234304014299,0.06451052977781298,0.42401767645416133
"frozenset({'Coffee, brewed, espresso, restaurant, bar-prepared, without sugar'})",frozenset({'Sugar'}),0.041762159409218236,0.30015973331481355,0.03109012199921291,0.7444567627494456,2.480201972889696,1.0,0.018554803368291233,2.7386373993494053,0.6228172219650953,0.10002234304014299,0.6348549098768749,0.42401767645416133
"frozenset({'Vegetable oil, olive oil'})","frozenset({'Lettuce, raw'})",0.33428247331990646,0.08840891728592264,0.07301432969882168,0.218421052631579,2.470577169553893,1.0,0.043460778164948435,1.1663454930348465,0.8941274015629931,0.2088050314465409,0.1426211135793163,0.5221458496988741
"frozenset({'Lettuce, raw'})","frozenset({'Vegetable oil, olive oil'})",0.08840891728592264,0.33428247331990646,0.07301432969882168,0.8258706467661692,2.4705771695538927,1.0,0.043460778164948435,3.823120653219966,0.6529641344595203,0.2088050314465409,0.7384335754201833,0.5221458496988741
"frozenset({'Onion, raw', 'Beef, meat, lean and fat, raw'})","frozenset({'Vegetable oil, olive oil'})",0.03305785123966942,0.33428247331990646,0.027293562052920342,0.8256302521008403,2.4698580332409974,1.0,0.01624290177788211,3.817849912044873,0.615464358466903,0.08026414323643542,0.7380724693118197,0.4536392257734118
"frozenset({'Vegetable oil, olive oil'})","frozenset({'Onion, raw', 'Beef, meat, lean and fat, raw'})",0.33428247331990646,0.03305785123966942,0.027293562052920342,0.08164819944598338,2.469858033240997,1.0,0.01624290177788211,1.0529103859512234,0.8939503699552829,0.08026414323643542,0.050251556691999905,0.4536392257734118
"frozenset({'Vegetable oil, extra-virgin olive oil'})","frozenset({'Alcoholic beverage, wine, red wine, table type', 'Vegetable oil, olive oil'})",0.1275551542931222,0.06792138342940482,0.02127462555270042,0.16678765880217786,2.4555986698287926,1.0,0.012610903009560373,1.1186567582888214,0.6794324409640337,0.12212624584717607,0.10607074726865054,0.24000596300708754
"frozenset({'Alcoholic beverage, wine, red wine, table type', 'Vegetable oil, olive oil'})","frozenset({'Vegetable oil, extra-virgin olive oil'})",0.06792138342940482,0.1275551542931222,0.02127462555270042,0.31322426721199725,2.4555986698287926,1.0,0.012610903009560373,1.2703489713667393,0.6359628046248798,0.12212624584717607,0.212814728441018,0.24000596300708754
"frozenset({'Vegetable oil, olive oil'})","frozenset({'Potato, raw'})",0.33428247331990646,0.08421881149153876,0.06907887121790865,0.2066481994459834,2.453705956973102,1.0,0.04092599861245411,1.1543191656828022,0.8899468328541246,0.19769444812508283,0.13368847219262733,0.5134395477713699
"frozenset({'Potato, raw'})","frozenset({'Vegetable oil, olive oil'})",0.08421881149153876,0.33428247331990646,0.06907887121790865,0.8202308960967565,2.453705956973102,1.0,0.04092599861245411,3.7031809817464536,0.6469375128892556,0.19769444812508283,0.729961888190409,0.5134395477713699
"frozenset({'Water, tap water', 'Vegetable oil, olive oil'})","frozenset({'Cheese, Parmesan, hard type'})",0.09597888742273769,0.11905919392550408,0.028034354237562793,0.2920887602508442,2.45330705357879,1.0,0.01660718526714494,1.2444226855144327,0.6552799816437718,0.14991334488734837,0.1964145208534114,0.26377722087984556
"frozenset({'Cheese, Parmesan, hard type'})","frozenset({'Water, tap water', 'Vegetable oil, olive oil'})",0.11905919392550408,0.09597888742273769,0.028034354237562793,0.23546568150884697,2.45330705357879,1.0,0.01660718526714494,1.1824467400775331,0.6724480623106883,0.14991334488734837,0.15429594745685546,0.26377722087984556
"frozenset({'Vegetable oil, olive oil'})","frozenset({'Lettuce, raw', 'Water, tap water'})",0.33428247331990646,0.02449244160474107,0.020070838252656435,0.0600415512465374,2.4514318423409036,1.0,0.011883444295380212,1.037819873515622,0.8893789221933187,0.059257740414189054,0.03644165474255859,0.43975612533971487
"frozenset({'Lettuce, raw', 'Water, tap water'})","frozenset({'Vegetable oil, olive oil'})",0.02449244160474107,0.33428247331990646,0.020070838252656435,0.8194706994328923,2.4514318423409036,1.0,0.011883444295380212,3.687587137316959,0.6069405934054739,0.059257740414189054,0.7288199674306308,0.43975612533971487
"frozenset({'Bread, white, pastry flour (9% protein, Italian ""tipo 00"")'})","frozenset({'Cheese, Parmesan, hard type'})",0.08382526564344746,0.11905919392550408,0.024446142093200916,0.29163214581607294,2.449471865218142,1.0,0.014465973535100811,1.2436205297449316,0.6458906884567324,0.13700051894135964,0.1958961949549825,0.2484798878020672
"frozenset({'Cheese, Parmesan, hard type'})","frozenset({'Bread, white, pastry flour (9% protein, Italian ""tipo 00"")'})",0.11905919392550408,0.08382526564344746,0.024446142093200916,0.20532762978806143,2.4494718652181415,1.0,0.014465973535100811,1.1528961729375458,0.6717236003143859,0.13700051894135964,0.13261920416300005,0.2484798878020672
"frozenset({'Vegetable oil, olive oil'})","frozenset({'Alcoholic beverage, wine, red wine, table type', 'Onion, raw'})",0.33428247331990646,0.04437808181123689,0.03627566729171007,0.1085180055401662,2.4453063564520394,1.0,0.02144085234265665,1.0719475257240534,0.8878439608133811,0.1059499661933739,0.0671185146637248,0.4629705311999214
"frozenset({'Alcoholic beverage, wine, red wine, table type', 'Onion, raw'})","frozenset({'Vegetable oil, olive oil'})",0.04437808181123689,0.33428247331990646,0.03627566729171007,0.8174230568596765,2.4453063564520394,1.0,0.02144085234265665,3.6462299961306828,0.6185011817129459,0.1059499661933739,0.7257441244624768,0.4629705311999214
"frozenset({'Beef, meat, lean and fat, raw'})","frozenset({'Vegetable oil, olive oil'})",0.05627705627705628,0.33428247331990646,0.04581336666898164,0.8140682846565199,2.435270615810782,1.0,0.027000933105523702,3.5804409454851926,0.6245138170978763,0.1328901423583132,0.720704791609267,0.4755590730761824
"frozenset({'Vegetable oil, olive oil'})","frozenset({'Beef, meat, lean and fat, raw'})",0.33428247331990646,0.05627705627705628,0.04581336666898164,0.1370498614958449,2.435270615810782,1.0,0.027000933105523702,1.0936007790192848,0.8853124549783367,0.1328901423583132,0.08558953213550535,0.4755590730761824
"frozenset({'Vegetable oil, olive oil'})","frozenset({'Cheese, Parmesan, hard type'})",0.33428247331990646,0.11905919392550408,0.09660393082852976,0.28898891966759005,2.427270924145613,1.0,0.05680452901163788,1.2389972961639935,0.8832795467438508,0.27079818299805325,0.19289573666055837,0.5501915238042403
"frozenset({'Cheese, Parmesan, hard type'})","frozenset({'Vegetable oil, olive oil'})",0.11905919392550408,0.33428247331990646,0.09660393082852976,0.8113941279408906,2.427270924145613,1.0,0.05680452901163788,3.5296755048615696,0.6674848879411605,0.27079818299805325,0.7166878375582519,0.5501915238042403
"frozenset({'Garlic, raw'})","frozenset({'Lettuce, raw', 'Vegetable oil, olive oil'})",0.14417667893603722,0.07301432969882168,0.025534180614394518,0.1771034039820167,2.4255978889699352,1.0,0.015007217043677537,1.126491074075266,0.6867428094602895,0.13322865080323712,0.11228768428467337,0.26340902602398236
"frozenset({'Lettuce, raw', 'Vegetable oil, olive oil'})","frozenset({'Garlic, raw'})",0.07301432969882168,0.14417667893603722,0.025534180614394518,0.349714648065948,2.4255978889699352,1.0,0.015007217043677537,1.3160735029915838,0.6340232980280559,0.13322865080323712,0.24016401992222552,0.26340902602398236
"frozenset({'Alcoholic beverage, wine, red wine, table type', 'Onion, raw', 'Pasta, unenriched, dry, raw'})","frozenset({'Vegetable oil, olive oil'})",0.02780285667986203,0.33428247331990646,0.02250156260851448,0.8093255620316403,2.4210828464737375,1.0,0.01320755491221132,3.4913831857763857,0.6037475840340664,0.06626218556138797,0.7135805648391962,0.43831929071111103
"frozenset({'Vegetable oil, olive oil'})","frozenset({'Alcoholic beverage, wine, red wine, table type', 'Onion, raw', 'Pasta, unenriched, dry, raw'})",0.33428247331990646,0.02780285667986203,0.02250156260851448,0.06731301939058172,2.4210828464737375,1.0,0.01320755491221132,1.0423616535152058,0.8816977966788835,0.06626218556138797,0.04064007283110198,0.43831929071111103
"frozenset({'Cheese, Parmesan, hard type'})","frozenset({'Vegetable oil, olive oil', 'Bread, white, high gluten flour (12% protein, Italian ""tipo 1"")'})",0.11905919392550408,0.07100030094682501,0.02044123434497766,0.1716896752867976,2.418154190858753,1.0,0.01198799574578047,1.121559965312319,0.6657217338108253,0.12051317046540194,0.10838472223682522,0.22979658201901015
"frozenset({'Vegetable oil, olive oil', 'Bread, white, high gluten flour (12% protein, Italian ""tipo 1"")'})","frozenset({'Cheese, Parmesan, hard type'})",0.07100030094682501,0.11905919392550408,0.02044123434497766,0.2879034887512227,2.4181541908587527,1.0,0.01198799574578047,1.237108723548754,0.6312827026772276,0.12051317046540194,0.19166360970164942,0.22979658201901015
"frozenset({'Vegetable oil, olive oil'})","frozenset({'Celery, raw', 'Tomato, peeled tomato, canned'})",0.33428247331990646,0.028844595689515477,0.02331180406046716,0.06973684210526315,2.4176744529863985,1.0,0.013669561271463215,1.0439577189193328,0.8808231105010691,0.06860140336535187,0.04210680003864157,0.43896151896595414
"frozenset({'Celery, raw', 'Tomato, peeled tomato, canned'})","frozenset({'Vegetable oil, olive oil'})",0.028844595689515477,0.33428247331990646,0.02331180406046716,0.8081861958266452,2.4176744529863985,1.0,0.013669561271463215,3.4706445114786453,0.603795623195615,0.06860140336535187,0.7118690788720518,0.43896151896595414
"frozenset({'Vegetable oil, olive oil'})","frozenset({'Tomato, peeled tomato, canned', 'Celery, raw', 'Onion, raw'})",0.33428247331990646,0.028798296177975323,0.023265504548927007,0.0695983379501385,2.416751932823258,1.0,0.013638738875154207,1.0438520731812457,0.8805859425617677,0.06846515430206418,0.042009853989753605,0.4387380757274808
"frozenset({'Tomato, peeled tomato, canned', 'Celery, raw', 'Onion, raw'})","frozenset({'Vegetable oil, olive oil'})",0.028798296177975323,0.33428247331990646,0.023265504548927007,0.8078778135048231,2.416751932823258,1.0,0.013638738875154207,3.465073653514796,0.6036042702607384,0.06846515430206418,0.7114058458798848,0.4387380757274808
"frozenset({'Vegetable oil, olive oil'})","frozenset({'Water, tap water', 'Pasta, unenriched, dry, raw'})",0.33428247331990646,0.04984142417297498,0.040234275528393176,0.12036011080332411,2.4148609876317657,1.0,0.023573160982064526,1.0801676771329114,0.8800992387584182,0.11699764389094582,0.07421780787377427,0.46380290723631135
"frozenset({'Water, tap water', 'Pasta, unenriched, dry, raw'})","frozenset({'Vegetable oil, olive oil'})",0.04984142417297498,0.33428247331990646,0.040234275528393176,0.8072457036692986,2.4148609876317653,1.0,0.023573160982064526,3.4537104456439542,0.6166312691008633,0.11699764389094582,0.7104563292903534,0.46380290723631135
"frozenset({'Coffee, brewed, espresso, homemade, without sugar'})",frozenset({'Sugar'}),0.24122045512419843,0.30015973331481355,0.17475750630830844,0.7244721689059501,2.413622110151961,1.0,0.10235283882815109,2.5399984600695378,0.7718776020746383,0.47666856096482924,0.6062989739085816,0.6533435964073171
frozenset({'Sugar'}),"frozenset({'Coffee, brewed, espresso, homemade, without sugar'})",0.30015973331481355,0.24122045512419843,0.17475750630830844,0.5822150239086842,2.4136221101519606,1.0,0.10235283882815109,1.8161963409377222,0.8368837340213828,0.47666856096482924,0.4493987365464634,0.6533435964073171
"frozenset({'Carrots, raw'})","frozenset({'Pasta, unenriched, dry, raw'})",0.06826862976595596,0.1468620506053661,0.024191494779730073,0.35435740929128523,2.412858923259087,1.0,0.014165423820283246,1.3213780529226762,0.6284578436659221,0.12669738118331716,0.24321431115935335,0.2595399909003715
"frozenset({'Pasta, unenriched, dry, raw'})","frozenset({'Carrots, raw'})",0.1468620506053661,0.06826862976595596,0.024191494779730073,0.16472257250945774,2.4128589232590865,1.0,0.014165423820283246,1.1154753373777648,0.6863531135013713,0.12669738118331716,0.10352119272239729,0.2595399909003715
frozenset({'Sugar'}),"frozenset({'Wheat flour, white, 9% protein, pastry flour, Italian ""tipo 00"" flour', 'Egg, chicken, whole, raw, fresh'})",0.30015973331481355,0.036044169734009306,0.026089774752876358,0.08691963597100108,2.411475603750375,1.0,0.015270766377962252,1.0557184977809642,0.8363567698200344,0.08412959092266349,0.05277779815176113,0.4053737550439463
"frozenset({'Wheat flour, white, 9% protein, pastry flour, Italian ""tipo 00"" flour', 'Egg, chicken, whole, raw, fresh'})",frozenset({'Sugar'}),0.036044169734009306,0.30015973331481355,0.026089774752876358,0.7238278741168915,2.411475603750375,1.0,0.015270766377962252,2.534072779601943,0.6072022456395163,0.08412959092266349,0.6053783427021059,0.4053737550439463
"frozenset({'Bread, white, pastry flour (9% protein, Italian ""tipo 00"")'})","frozenset({'Vegetable oil, olive oil', 'Onion, raw'})",0.08382526564344746,0.14605180915341343,0.02949278885107762,0.351836509251588,2.4089842590174113,1.0,0.01724995715108665,1.317488879018104,0.6384014549515287,0.147181146025878,0.240980310402864,0.276885127347303
"frozenset({'Vegetable oil, olive oil', 'Onion, raw'})","frozenset({'Bread, white, pastry flour (9% protein, Italian ""tipo 00"")'})",0.14605180915341343,0.08382526564344746,0.02949278885107762,0.20193374544301793,2.4089842590174113,1.0,0.01724995715108665,1.14799332652542,0.6849212747007617,0.147181146025878,0.12891479689463425,0.276885127347303
"frozenset({'Alcoholic beverage, wine, red wine, table type', 'Pasta, unenriched, dry, raw'})","frozenset({'Vegetable oil, olive oil'})",0.037965599462925666,0.33428247331990646,0.030557677616501147,0.8048780487804879,2.4077781906627935,1.0,0.017866443126961444,3.4118023242354805,0.6077530606009562,0.08943089430894309,0.7068997834673553,0.44814539558137967
"frozenset({'Vegetable oil, olive oil'})","frozenset({'Alcoholic beverage, wine, red wine, table type', 'Pasta, unenriched, dry, raw'})",0.33428247331990646,0.037965599462925666,0.030557677616501147,0.09141274238227147,2.407778190662793,1.0,0.017866443126961444,1.0588244469325727,0.8782694279442897,0.08943089430894309,0.055556373960752234,0.44814539558137967
"frozenset({'Alcoholic beverage, wine, red wine, table type', 'Sugar'})","frozenset({'Vegetable oil, olive oil'})",0.0252563835451536,0.33428247331990646,0.020279186054587124,0.8029330889092575,2.4019598782280607,1.0,0.011836419695996992,3.3781294028278226,0.598796752791986,0.059774820880245653,0.703978184150405,0.43179895442692795
"frozenset({'Vegetable oil, olive oil'})","frozenset({'Alcoholic beverage, wine, red wine, table type', 'Sugar'})",0.33428247331990646,0.0252563835451536,0.020279186054587124,0.06066481994459834,2.4019598782280607,1.0,0.011836419695996992,1.0376952094963126,0.8767582179316118,0.059774820880245653,0.03632589719153599,0.43179895442692795
"frozenset({'Pasta, unenriched, dry, raw'})","frozenset({'Lettuce, raw', 'Vegetable oil, olive oil'})",0.1468620506053661,0.07301432969882168,0.025742528416325208,0.17528373266078184,2.4006757767114117,1.0,0.015019494233179971,1.1240055604722239,0.6838877851670853,0.13260195564035296,0.11032468595629182,0.2639259500336249
"frozenset({'Lettuce, raw', 'Vegetable oil, olive oil'})","frozenset({'Pasta, unenriched, dry, raw'})",0.07301432969882168,0.1468620506053661,0.025742528416325208,0.35256816740646796,2.4006757767114117,1.0,0.015019494233179971,1.3177262940208987,0.6294063018945281,0.13260195564035296,0.2411170631280275,0.2639259500336249
"frozenset({'Carrots, raw', 'Tomato, peeled tomato, canned'})","frozenset({'Vegetable oil, olive oil'})",0.02826585179526356,0.33428247331990646,0.022663610898905017,0.8018018018018018,2.3985756532155427,1.0,0.013214832050290396,3.3588475209768363,0.6000467361766917,0.06668028878899332,0.7022788341076063,0.4347997928676599
"frozenset({'Vegetable oil, olive oil'})","frozenset({'Carrots, raw', 'Tomato, peeled tomato, canned'})",0.33428247331990646,0.02826585179526356,0.022663610898905017,0.06779778393351801,2.3985756532155427,1.0,0.013214832050290396,1.0424070351442236,0.875875849280273,0.06668028878899332,0.04068183896932003,0.4347997928676599
"frozenset({'Vegetable oil, olive oil'})","frozenset({'Vegetable oil, extra-virgin olive oil', 'Onion, raw', 'Pasta, unenriched, dry, raw'})",0.33428247331990646,0.028659397643354862,0.022964557723916014,0.06869806094182826,2.3970518081616765,1.0,0.013384223395836652,1.042992139948688,0.8754777237968429,0.0675473239820237,0.04122000377759612,0.4349952340250337
"frozenset({'Vegetable oil, extra-virgin olive oil', 'Onion, raw', 'Pasta, unenriched, dry, raw'})","frozenset({'Vegetable oil, olive oil'})",0.028659397643354862,0.33428247331990646,0.022964557723916014,0.8012924071082391,2.3970518081616765,1.0,0.013384223395836652,3.3502369838616093,0.600016990472266,0.0675473239820237,0.7015136526708142,0.4349952340250337
"frozenset({'Lettuce, raw'})","frozenset({'Bread, white, high gluten flour (12% protein, Italian ""tipo 1"")'})",0.08840891728592264,0.09965969859017987,0.02097367872768942,0.23723487824037703,2.380449485563198,1.0,0.01216287267829023,1.1803637525177146,0.6361528557143045,0.1255195344970906,0.15280353376914446,0.22384391995642544
"frozenset({'Bread, white, high gluten flour (12% protein, Italian ""tipo 1"")'})","frozenset({'Lettuce, raw'})",0.09965969859017987,0.08840891728592264,0.02097367872768942,0.21045296167247388,2.380449485563198,1.0,0.01216287267829023,1.154574760542543,0.6441023128745726,0.1255195344970906,0.13388025256147731,0.22384391995642544
frozenset({'Sugar'}),"frozenset({'Water, tap water', 'Coffee, brewed, espresso, homemade, without sugar'})",0.30015973331481355,0.034076440493552795,0.024330393314350534,0.08105815209008174,2.378715350431563,1.0,0.014102018023487614,1.0511258810373978,0.8281961531790372,0.0785090012698887,0.0486391610745419,0.3975263586537365
"frozenset({'Water, tap water', 'Coffee, brewed, espresso, homemade, without sugar'})",frozenset({'Sugar'}),0.034076440493552795,0.30015973331481355,0.024330393314350534,0.7139945652173912,2.378715350431563,1.0,0.014102018023487614,2.446947440761506,0.6000526760157092,0.0785090012698887,0.5913275523037825,0.3975263586537365
"frozenset({'Tomato, peeled tomato, canned', 'Vegetable oil, olive oil', 'Onion, raw'})","frozenset({'Vegetable oil, extra-virgin olive oil'})",0.07525985600851912,0.1275551542931222,0.022825659189295553,0.3032912949861581,2.3777266913824087,1.0,0.013225876644050737,1.2522376129770685,0.6265870690137568,0.12681672025723473,0.20142951334723036,0.2411193317036054
"frozenset({'Vegetable oil, extra-virgin olive oil'})","frozenset({'Tomato, peeled tomato, canned', 'Vegetable oil, olive oil', 'Onion, raw'})",0.1275551542931222,0.07525985600851912,0.022825659189295553,0.17894736842105266,2.3777266913824087,1.0,0.013225876644050737,1.126286072810137,0.6641453832574502,0.12681672025723473,0.1121261070866723,0.2411193317036054
"frozenset({'Vegetable oil, extra-virgin olive oil', 'Tomato, peeled tomato, canned', 'Onion, raw'})","frozenset({'Vegetable oil, olive oil'})",0.028821445933745398,0.33428247331990646,0.022825659189295553,0.7919678714859438,2.3691576277408806,1.0,0.01319115495790718,3.2000707363579797,0.5950595232569474,0.06707939315599701,0.6875069076947635,0.4301252099811991
"frozenset({'Vegetable oil, olive oil'})","frozenset({'Vegetable oil, extra-virgin olive oil', 'Tomato, peeled tomato, canned', 'Onion, raw'})",0.33428247331990646,0.028821445933745398,0.022825659189295553,0.06828254847645429,2.3691576277408806,1.0,0.01319115495790718,1.0423530786915949,0.8680994929817247,0.06707939315599701,0.04063218074316828,0.4301252099811991
"frozenset({'Garlic, raw', 'Vegetable oil, olive oil'})","frozenset({'Bread, white, pastry flour (9% protein, Italian ""tipo 00"")'})",0.1411209111743871,0.08382526564344746,0.02798805472602264,0.19832677165354332,2.3659545857824114,1.0,0.016158556858984287,1.1428281523710955,0.6721989461668681,0.1421015514809591,0.12497780359607112,0.2661062192981884
"frozenset({'Bread, white, pastry flour (9% protein, Italian ""tipo 00"")'})","frozenset({'Garlic, raw', 'Vegetable oil, olive oil'})",0.08382526564344746,0.1411209111743871,0.02798805472602264,0.3338856669428335,2.3659545857824114,1.0,0.016158556858984287,1.2893868908115855,0.6301610345092221,0.1421015514809591,0.2244375934591946,0.2661062192981884
"frozenset({'Lettuce, raw'})","frozenset({'Water, tap water', 'Vegetable oil, olive oil'})",0.08840891728592264,0.09597888742273769,0.020070838252656435,0.2270227808326787,2.365340825766817,1.0,0.011585448733304738,1.16953137836469,0.6332092937918191,0.12214708368554521,0.1449566736736376,0.21807000112545658
"frozenset({'Water, tap water', 'Vegetable oil, olive oil'})","frozenset({'Lettuce, raw'})",0.09597888742273769,0.08840891728592264,0.020070838252656435,0.20911722141823444,2.3653408257668165,1.0,0.011585448733304738,1.1526247724710474,0.6385115764240161,0.12214708368554521,0.1324149680939477,0.21807000112545658
"frozenset({'Onion, raw'})","frozenset({'Vegetable oil, extra-virgin olive oil'})",0.16524295668680694,0.1275551542931222,0.04984142417297498,0.30162510507144863,2.364664185802426,1.0,0.02876383333693761,1.2492500117664382,0.6913472317076673,0.20514530728918537,0.19951971936666135,0.34618460335242124
"frozenset({'Vegetable oil, extra-virgin olive oil'})","frozenset({'Onion, raw'})",0.1275551542931222,0.16524295668680694,0.04984142417297498,0.39074410163339385,2.3646641858024258,1.0,0.02876383333693761,1.370125501535804,0.6614824695026607,0.20514530728918537,0.27013985297034626,0.34618460335242124
"frozenset({'Butter', 'Egg, chicken, whole, raw, fresh'})",frozenset({'Sugar'}),0.029562238118387853,0.30015973331481355,0.020927379216149268,0.7079091620986686,2.3584414680839263,1.0,0.012053985706344954,2.3959678835307843,0.5935374691785448,0.06777119724117249,0.5826321350658658,0.38881498518322294
frozenset({'Sugar'}),"frozenset({'Butter', 'Egg, chicken, whole, raw, fresh'})",0.30015973331481355,0.029562238118387853,0.020927379216149268,0.06972080826777725,2.3584414680839263,1.0,0.012053985706344954,1.0431682988357638,0.8230323412379544,0.06777119724117249,0.04138191208833907,0.38881498518322294
"frozenset({'Vegetable oil, extra-virgin olive oil', 'Tomato, peeled tomato, canned'})","frozenset({'Vegetable oil, olive oil'})",0.031391068824223906,0.33428247331990646,0.024723939162441835,0.7876106194690264,2.3561229867869486,1.0,0.01423045503572486,3.1344200214521054,0.5942273706586921,0.07251493753394893,0.6809617112078289,0.43078591915279574
"frozenset({'Vegetable oil, olive oil'})","frozenset({'Vegetable oil, extra-virgin olive oil', 'Tomato, peeled tomato, canned'})",0.33428247331990646,0.031391068824223906,0.024723939162441835,0.07396121883656509,2.3561229867869486,1.0,0.01423045503572486,1.0459701590022588,0.8645918355784796,0.07251493753394893,0.043949780599964204,0.43078591915279574
"frozenset({'Tomato, sauce type, red ripe, raw'})","frozenset({'Garlic, raw', 'Vegetable oil, olive oil'})",0.07218093849109893,0.1411209111743871,0.023983146977799383,0.332264271969211,2.3544651831125343,1.0,0.013796907168513112,1.2862560033421042,0.6200293994650141,0.12668134018097332,0.22254978993164623,0.2511058892654454
"frozenset({'Garlic, raw', 'Vegetable oil, olive oil'})","frozenset({'Tomato, sauce type, red ripe, raw'})",0.1411209111743871,0.07218093849109893,0.023983146977799383,0.16994750656167978,2.354465183112534,1.0,0.013796907168513112,1.1177835966320673,0.669797533790418,0.12668134018097332,0.10537245043401486,0.2511058892654454
"frozenset({'Tomato, sauce type, red ripe, raw'})","frozenset({'Cheese, Parmesan, hard type'})",0.07218093849109893,0.11905919392550408,0.02023288654304697,0.2803078896728672,2.3543573615008446,1.0,0.011639082189510342,1.224052332148074,0.6200084352853915,0.11831596047109787,0.18304146502861315,0.2251238067847128
"frozenset({'Cheese, Parmesan, hard type'})","frozenset({'Tomato, sauce type, red ripe, raw'})",0.11905919392550408,0.07218093849109893,0.02023288654304697,0.16993972389655843,2.3543573615008446,1.0,0.011639082189510342,1.1177731162661695,0.6530014736375468,0.11831596047109787,0.10536406230593663,0.2251238067847128
"frozenset({'Vegetable oil, olive oil'})","frozenset({'Celery, raw', 'Pasta, unenriched, dry, raw'})",0.33428247331990646,0.02599717572979605,0.02044123434497766,0.06114958448753463,2.352162601164767,1.0,0.011750834142689192,1.037441969643855,0.8635183846714007,0.060149863760217984,0.03609066409440589,0.4237181582277388
"frozenset({'Celery, raw', 'Pasta, unenriched, dry, raw'})","frozenset({'Vegetable oil, olive oil'})",0.02599717572979605,0.33428247331990646,0.02044123434497766,0.786286731967943,2.3521626011647667,1.0,0.011750834142689192,3.11500326025727,0.5902029326423794,0.060149863760217984,0.6789730486775127,0.4237181582277388
"frozenset({'Lettuce, raw'})","frozenset({'Vegetable oil, olive oil', 'Onion, raw'})",0.08840891728592264,0.14605180915341343,0.030279880547260225,0.34249803613511387,2.345044803761058,1.0,0.01736759823235674,1.2987766391250952,0.6291953990049862,0.14829931972789115,0.230044666746056,0.274910454111304
"frozenset({'Vegetable oil, olive oil', 'Onion, raw'})","frozenset({'Lettuce, raw'})",0.14605180915341343,0.08840891728592264,0.030279880547260225,0.20732287208749406,2.345044803761058,1.0,0.01736759823235674,1.150015625043614,0.6716671118525902,0.14829931972789115,0.13044659722595053,0.274910454111304
"frozenset({'Onion, raw', 'Celery, raw', 'Pasta, unenriched, dry, raw'})","frozenset({'Vegetable oil, olive oil'})",0.02558048012593467,0.33428247331990646,0.02004768849688636,0.7837104072398191,2.3444555721287026,1.0,0.011496582331678206,3.0778990250272122,0.5885162688833588,0.05899584440356974,0.6751030518321962,0.4218413532043971
"frozenset({'Vegetable oil, olive oil'})","frozenset({'Onion, raw', 'Celery, raw', 'Pasta, unenriched, dry, raw'})",0.33428247331990646,0.02558048012593467,0.02004768849688636,0.05997229916897508,2.3444555721287026,1.0,0.011496582331678206,1.036585963384522,0.8614190211022826,0.05899584440356974,0.035294673743281775,0.4218413532043971
"frozenset({'Bread, white, pastry flour (9% protein, Italian ""tipo 00"")'})","frozenset({'Garlic, raw'})",0.08382526564344746,0.14417667893603722,0.02831215130680371,0.33775200220933443,2.342625760988539,1.0,0.016226502895400355,1.292300352615767,0.6255668838667802,0.1417806631115233,0.22618608129612972,0.267061614463691
"frozenset({'Garlic, raw'})","frozenset({'Bread, white, pastry flour (9% protein, Italian ""tipo 00"")'})",0.14417667893603722,0.08382526564344746,0.02831215130680371,0.19637122671804752,2.342625760988539,1.0,0.016226502895400355,1.140047201912609,0.6696809487925476,0.1417806631115233,0.122843336379106,0.267061614463691
"frozenset({'Vegetable oil, olive oil'})","frozenset({'Juice, lemon juice'})",0.33428247331990646,0.04787369493251846,0.03747945459175406,0.1121191135734072,2.3419774415040964,1.0,0.021476117442749115,1.072358150313894,0.860741052644421,0.10873799449257841,0.06747573121229476,0.44750056258941157
"frozenset({'Juice, lemon juice'})","frozenset({'Vegetable oil, olive oil'})",0.04787369493251846,0.33428247331990646,0.03747945459175406,0.7828820116054159,2.3419774415040964,1.0,0.021476117442749115,3.066155557181367,0.6018218398428267,0.10873799449257841,0.6738586867656275,0.44750056258941157
"frozenset({'Vegetable oil, olive oil'})","frozenset({'Water, tap water', 'Egg, chicken, whole, raw, fresh'})",0.33428247331990646,0.03032618005880038,0.023705349908558465,0.07091412742382272,2.3383798185701297,1.0,0.013567839432157848,1.0436858944507248,0.859754255485621,0.06953687355697406,0.041857319987749664,0.4262967583683999
"frozenset({'Water, tap water', 'Egg, chicken, whole, raw, fresh'})","frozenset({'Vegetable oil, olive oil'})",0.03032618005880038,0.33428247331990646,0.023705349908558465,0.7816793893129771,2.3383798185701297,1.0,0.013567839432157848,3.0492655942339946,0.590253613889751,0.06953687355697406,0.6720521813872334,0.4262967583683999
"frozenset({'Vegetable oil, olive oil'})","frozenset({'Cheese, Parmesan, hard type', 'Potato, raw'})",0.33428247331990646,0.026321272310577123,0.020556983123828042,0.06149584487534626,2.336355330765464,1.0,0.011758243114921553,1.0374793999288123,0.8591976195690074,0.060453400503778336,0.03612544011127752,0.4212492416988869
"frozenset({'Cheese, Parmesan, hard type', 'Potato, raw'})","frozenset({'Vegetable oil, olive oil'})",0.026321272310577123,0.33428247331990646,0.020556983123828042,0.7810026385224275,2.336355330765464,1.0,0.011758243114921553,3.039842682069343,0.5874452198275308,0.060453400503778336,0.6710356078955837,0.4212492416988869
"frozenset({'Vegetable oil, olive oil'})","frozenset({'Cheese, Parmesan, hard type', 'Alcoholic beverage, wine, red wine, table type'})",0.33428247331990646,0.030719725906891683,0.023983146977799383,0.07174515235457064,2.3354750160213924,1.0,0.013714081021934025,1.0441962964715372,0.8589552746801417,0.07032787998099246,0.04232565909387122,0.42622675854352493
"frozenset({'Cheese, Parmesan, hard type', 'Alcoholic beverage, wine, red wine, table type'})","frozenset({'Vegetable oil, olive oil'})",0.030719725906891683,0.33428247331990646,0.023983146977799383,0.7807083647324792,2.3354750160213924,1.0,0.013714081021934025,3.03576342922503,0.5899445147833015,0.07032787998099246,0.6705935678738708,0.42622675854352493
"frozenset({'Bread, white, pastry flour (9% protein, Italian ""tipo 00"")'})","frozenset({'Onion, raw'})",0.08382526564344746,0.16524295668680694,0.03229390929925689,0.3852526926263463,2.3314318525329623,1.0,0.01844237455927662,1.3578864572493585,0.6233298230055797,0.14897479709525846,0.2635614011309322,0.29034279349725833
"frozenset({'Onion, raw'})","frozenset({'Bread, white, pastry flour (9% protein, Italian ""tipo 00"")'})",0.16524295668680694,0.08382526564344746,0.03229390929925689,0.19543289436817038,2.3314318525329623,1.0,0.01844237455927662,1.1387176134140817,0.6841260455162046,0.14897479709525846,0.1218191514559798,0.29034279349725833
"frozenset({'Vegetable oil, olive oil'})","frozenset({'Alcoholic beverage, wine, red wine, table type', 'Tomato, peeled tomato, canned'})",0.33428247331990646,0.027941755214482486,0.021760770423872026,0.06509695290858726,2.329737427334088,1.0,0.012420331381875427,1.039742300348361,0.8573712672363213,0.06391514244917386,0.038223221595433295,0.42194367115189096
"frozenset({'Alcoholic beverage, wine, red wine, table type', 'Tomato, peeled tomato, canned'})","frozenset({'Vegetable oil, olive oil'})",0.027941755214482486,0.33428247331990646,0.021760770423872026,0.7787903893951946,2.3297374273340874,1.0,0.012420331381875427,3.009442152445216,0.587173744508571,0.06391514244917386,0.6677125030672262,0.42194367115189096
"frozenset({'Bread, white, pastry flour (9% protein, Italian ""tipo 00"")'})","frozenset({'Vegetable oil, olive oil'})",0.08382526564344746,0.33428247331990646,0.065259161515846,0.7785142225904446,2.3289112793102102,1.0,0.03723784438985621,3.0056897308087507,0.622823129500481,0.18494948169531555,0.6672976622470854,0.486867914619322
"frozenset({'Vegetable oil, olive oil'})","frozenset({'Bread, white, pastry flour (9% protein, Italian ""tipo 00"")'})",0.33428247331990646,0.08382526564344746,0.065259161515846,0.19522160664819943,2.3289112793102102,1.0,0.03723784438985621,1.1384186527931002,0.8571425452276328,0.18494948169531555,0.12158853199874346,0.486867914619322
"frozenset({'Wheat flour, white, 9% protein, pastry flour, Italian ""tipo 00"" flour'})","frozenset({'Milk, cow, whole'})",0.08285297590110424,0.12382804361413988,0.023890547954719076,0.28834870075440067,2.3286219529795935,1.0,0.01363102604127586,1.2311815594444417,0.6221046899048706,0.13069908814589665,0.1877721101904419,0.2406409796537006
"frozenset({'Milk, cow, whole'})","frozenset({'Wheat flour, white, 9% protein, pastry flour, Italian ""tipo 00"" flour'})",0.12382804361413988,0.08285297590110424,0.023890547954719076,0.19293325855300053,2.328621952979593,1.0,0.01363102604127586,1.1363955135290695,0.6511980449337128,0.13069908814589665,0.12002468498445061,0.2406409796537006
"frozenset({'Tomato, sauce type, red ripe, raw'})","frozenset({'Garlic, raw'})",0.07218093849109893,0.14417667893603722,0.02421464453550015,0.3354714560615779,2.32680804230764,1.0,0.01380783654136713,1.2878654030296504,0.6145882436680864,0.12602409638554216,0.22352134186729372,0.25171132212199
"frozenset({'Garlic, raw'})","frozenset({'Tomato, sauce type, red ripe, raw'})",0.14417667893603722,0.07218093849109893,0.02421464453550015,0.16795118818240207,2.32680804230764,1.0,0.01380783654136713,1.1151017203931755,0.6662901949734434,0.12602409638554216,0.10322082576699074,0.25171132212199
"frozenset({'Potato, raw', 'Onion, raw'})","frozenset({'Vegetable oil, olive oil'})",0.04465587888047781,0.33428247331990646,0.03465518438780471,0.776049766718507,2.321538903943168,1.0,0.019727506747364412,2.9726136781618067,0.5958598888190262,0.10065895642818719,0.6635957079298727,0.43986006341465517
"frozenset({'Vegetable oil, olive oil'})","frozenset({'Potato, raw', 'Onion, raw'})",0.33428247331990646,0.04465587888047781,0.03465518438780471,0.10367036011080333,2.321538903943168,1.0,0.019727506747364412,1.065840153671166,0.8550942689356876,0.10065895642818719,0.061773009249451664,0.43986006341465517
"frozenset({'Fennel, raw'})","frozenset({'Vegetable oil, olive oil'})",0.03328934879737019,0.33428247331990646,0.0256499293932449,0.7705146036161336,2.3049805631860196,1.0,0.01452188354205094,2.900914555654469,0.5856528647318985,0.07501692620176033,0.6552811257226456,0.4236229527775959
"frozenset({'Vegetable oil, olive oil'})","frozenset({'Fennel, raw'})",0.33428247331990646,0.03328934879737019,0.0256499293932449,0.07673130193905817,2.304980563186019,1.0,0.01452188354205094,1.0470523404864966,0.850446081939679,0.07501692620176033,0.0449379067952177,0.4236229527775959
"frozenset({'Vegetable oil, extra-virgin olive oil'})","frozenset({'Pasta, unenriched, dry, raw'})",0.1275551542931222,0.1468620506053661,0.043035395976572445,0.3373865698729583,2.297302594388742,1.0,0.02430238445180065,1.2875349496478863,0.6472694392401452,0.18599299649824913,0.22332205407435432,0.3152096783791021
"frozenset({'Pasta, unenriched, dry, raw'})","frozenset({'Vegetable oil, extra-virgin olive oil'})",0.1468620506053661,0.1275551542931222,0.043035395976572445,0.29303278688524587,2.2973025943887415,1.0,0.02430238445180065,1.2340669121882792,0.6619174383806843,0.18599299649824913,0.18967116764619008,0.3152096783791021
"frozenset({'Vegetable oil, olive oil'})","frozenset({'Water, tap water', 'Bread, white, high gluten flour (12% protein, Italian ""tipo 1"")'})",0.33428247331990646,0.027409310831770724,0.021043127994999654,0.06295013850415514,2.2966698758141804,1.0,0.011880675778161234,1.0379284274325054,0.8480878793446686,0.0617737003058104,0.03654243050874704,0.4153433124953208
"frozenset({'Water, tap water', 'Bread, white, high gluten flour (12% protein, Italian ""tipo 1"")'})","frozenset({'Vegetable oil, olive oil'})",0.027409310831770724,0.33428247331990646,0.021043127994999654,0.7677364864864865,2.29666987581418,1.0,0.011880675778161234,2.866216551233567,0.580498016002538,0.0617737003058104,0.6511080087198511,0.4153433124953208
"frozenset({'Milk, cow, semi-skimmed'})","frozenset({'Sugar', 'Coffee, brewed, espresso, homemade, without sugar'})",0.06241174155612658,0.17475750630830844,0.02504803574322291,0.4013353115727003,2.2965268848862017,1.0,0.014141115424515602,1.3784719721144985,0.6021404916361573,0.11808359707519372,0.2745590623318541,0.2723327769944572
"frozenset({'Sugar', 'Coffee, brewed, espresso, homemade, without sugar'})","frozenset({'Milk, cow, semi-skimmed'})",0.17475750630830844,0.06241174155612658,0.02504803574322291,0.1433302424162141,2.2965268848862017,1.0,0.014141115424515602,1.094457053192021,0.6841138928342686,0.11808359707519372,0.08630494263482877,0.2723327769944572
"frozenset({'Bread, white, pastry flour (9% protein, Italian ""tipo 00"")'})","frozenset({'Parsley, raw', 'Vegetable oil, olive oil'})",0.08382526564344746,0.11139662476560873,0.02141352408732088,0.2554542943938139,2.293196000608807,1.0,0.01207567242456029,1.1934839843188911,0.6155238227918641,0.12320191795418221,0.1621169507601818,0.2238410291586692
"frozenset({'Parsley, raw', 'Vegetable oil, olive oil'})","frozenset({'Bread, white, pastry flour (9% protein, Italian ""tipo 00"")'})",0.11139662476560873,0.08382526564344746,0.02141352408732088,0.19222776392352453,2.293196000608807,1.0,0.01207567242456029,1.1341993366924958,0.6346221391379657,0.12320191795418221,0.1183207680969398,0.2238410291586692
"frozenset({'Lettuce, raw'})","frozenset({'Parsley, raw', 'Vegetable oil, olive oil'})",0.08840891728592264,0.11139662476560873,0.022547862120054635,0.25504058654097933,2.289482173069552,1.0,0.012699407135220971,1.1928211915712268,0.6178428255471138,0.12720386574376388,0.16165137988304504,0.22872561330373986
"frozenset({'Parsley, raw', 'Vegetable oil, olive oil'})","frozenset({'Lettuce, raw'})",0.11139662476560873,0.08840891728592264,0.022547862120054635,0.20241064006650042,2.2894821730695516,1.0,0.012699407135220971,1.1429328530537104,0.6338260983299271,0.12720386574376388,0.12505796177948647,0.22872561330373986
"frozenset({'Vegetable oil, extra-virgin olive oil', 'Pasta, unenriched, dry, raw'})","frozenset({'Vegetable oil, olive oil'})",0.043035395976572445,0.33428247331990646,0.03287265319350881,0.7638515330823024,2.2850481076562477,1.0,0.01848667458615862,2.819063512752378,0.587662751388587,0.09543652127159083,0.6452722702144248,0.4310947416104033
"frozenset({'Vegetable oil, olive oil'})","frozenset({'Vegetable oil, extra-virgin olive oil', 'Pasta, unenriched, dry, raw'})",0.33428247331990646,0.043035395976572445,0.03287265319350881,0.09833795013850416,2.2850481076562477,1.0,0.01848667458615862,1.0613340155221425,0.8447613734708561,0.09543652127159083,0.057789550344307036,0.4310947416104033
"frozenset({'Water, tap water', 'Vegetable oil, olive oil'})","frozenset({'Egg, chicken, whole, raw, fresh'})",0.09597888742273769,0.10810935944625784,0.023705349908558465,0.24698504582730343,2.2845852301075005,1.0,0.0133291338689218,1.1844261997872565,0.6219808111508027,0.13141683778234087,0.155709321374673,0.23312849721772025
"frozenset({'Egg, chicken, whole, raw, fresh'})","frozenset({'Water, tap water', 'Vegetable oil, olive oil'})",0.10810935944625784,0.09597888742273769,0.023705349908558465,0.21927194860813706,2.2845852301075005,1.0,0.0133291338689218,1.15792062417329,0.6304402797064397,0.13141683778234087,0.13638294445790625,0.23312849721772025
"frozenset({'Egg, chicken, whole, raw, fresh'})","frozenset({'Vegetable oil, olive oil'})",0.10810935944625784,0.33428247331990646,0.08252887932032317,0.7633832976445396,2.2836473897750125,1.0,0.04638981525559731,2.8134849317611192,0.6302387305949734,0.2293341910582181,0.6445689156849177,0.5051334770771174
"frozenset({'Vegetable oil, olive oil'})","frozenset({'Egg, chicken, whole, raw, fresh'})",0.33428247331990646,0.10810935944625784,0.08252887932032317,0.2468836565096953,2.2836473897750125,1.0,0.04638981525559731,1.18426674479044,0.8443581588355022,0.2293341910582181,0.15559564228331582,0.5051334770771174
"frozenset({'Cheese, Parmesan, hard type'})","frozenset({'Parsley, raw'})",0.11905919392550408,0.1149848369099706,0.03125217028960345,0.26249270853587403,2.2828462916497183,1.0,0.017562168293446798,1.2000086959588772,0.6378979773382465,0.1541095890410959,0.166672705483237,0.26714327393775783
"frozenset({'Parsley, raw'})","frozenset({'Cheese, Parmesan, hard type'})",0.1149848369099706,0.11905919392550408,0.03125217028960345,0.27179383933964163,2.282846291649718,1.0,0.017562168293446798,1.2097409410483884,0.6349612772594725,0.1541095890410959,0.17337674036775372,0.26714327393775783
"frozenset({'Vegetable oil, olive oil'})","frozenset({'Cheese, Parmesan, hard type', 'Water, tap water'})",0.33428247331990646,0.03676181216288168,0.028034354237562793,0.08386426592797784,2.281287591492984,1.0,0.015745524744032888,1.0514142741226085,0.8436777408190452,0.081730444759398,0.048900110439829336,0.4232293621831325
"frozenset({'Cheese, Parmesan, hard type', 'Water, tap water'})","frozenset({'Vegetable oil, olive oil'})",0.03676181216288168,0.33428247331990646,0.028034354237562793,0.7625944584382872,2.281287591492984,1.0,0.015745524744032888,2.804136425379281,0.5830863705624573,0.081730444759398,0.6433839698563374,0.4232293621831325
"frozenset({'Vegetable oil, olive oil', 'Pasta, unenriched, dry, raw'})","frozenset({'Bread, white, pastry flour (9% protein, Italian ""tipo 00"")'})",0.1292450864643378,0.08382526564344746,0.02470078940667176,0.19111588751567257,2.2799317848700658,1.0,0.013866785700688307,1.132640288288891,0.6447168741982199,0.13112940887304905,0.11710716072909108,0.24289293409199814
"frozenset({'Bread, white, pastry flour (9% protein, Italian ""tipo 00"")'})","frozenset({'Vegetable oil, olive oil', 'Pasta, unenriched, dry, raw'})",0.08382526564344746,0.1292450864643378,0.02470078940667176,0.29466998066832367,2.2799317848700658,1.0,0.013866785700688307,1.2345354510229574,0.6127547126059188,0.13112940887304905,0.18997870885653154,0.24289293409199814
"frozenset({'Tomato, salad type, raw', 'Vegetable oil, olive oil'})","frozenset({'Onion, raw'})",0.05646225432321689,0.16524295668680694,0.021251475796930343,0.37638376383763844,2.2777597991726632,1.0,0.011921485951359537,1.3385749037744101,0.5945412857718779,0.10601686106940757,0.2529368381401167,0.2524956084528624
"frozenset({'Onion, raw'})","frozenset({'Tomato, salad type, raw', 'Vegetable oil, olive oil'})",0.16524295668680694,0.05646225432321689,0.021251475796930343,0.12860745306808632,2.2777597991726632,1.0,0.011921485951359537,1.0827929949583404,0.6720184621173687,0.10601686106940757,0.07646244050694649,0.2524956084528624
"frozenset({'Vegetable oil, olive oil'})","frozenset({'Alcoholic beverage, wine, red wine, table type'})",0.33428247331990646,0.08921915873787531,0.06792138342940482,0.20318559556786706,2.277376277048561,1.0,0.03809698237898652,1.1430275810729256,0.8425468572081048,0.19101562499999997,0.12513047230117566,0.48223628506987026
"frozenset({'Alcoholic beverage, wine, red wine, table type'})","frozenset({'Vegetable oil, olive oil'})",0.08921915873787531,0.33428247331990646,0.06792138342940482,0.7612869745718734,2.277376277048561,1.0,0.03809698237898652,2.788777551983784,0.6158432242770879,0.19101562499999997,0.6414199478589984,0.48223628506987026
"frozenset({'Parsley, raw', 'Vegetable oil, olive oil'})","frozenset({'Cheese, Parmesan, hard type'})",0.11139662476560873,0.11905919392550408,0.03018728152417992,0.2709891936824605,2.2760879252384303,1.0,0.0169244891735647,1.208405689518379,0.630933527043971,0.15073401918853313,0.17246334680982936,0.2622688531118894
"frozenset({'Cheese, Parmesan, hard type'})","frozenset({'Parsley, raw', 'Vegetable oil, olive oil'})",0.11905919392550408,0.11139662476560873,0.03018728152417992,0.2535485125413183,2.2760879252384303,1.0,0.0169244891735647,1.1904368738813427,0.6364214914485422,0.15073401918853313,0.15997225729444645,0.2622688531118894
"frozenset({'Vegetable oil, extra-virgin olive oil'})","frozenset({'Vegetable oil, olive oil', 'Tomato, peeled tomato, canned'})",0.1275551542931222,0.08526055050119222,0.024723939162441835,0.1938294010889292,2.2733773116585594,1.0,0.013848516488145723,1.1346723022824023,0.6420185921311841,0.13144615384615385,0.1186882785554101,0.24190519742201005
"frozenset({'Vegetable oil, olive oil', 'Tomato, peeled tomato, canned'})","frozenset({'Vegetable oil, extra-virgin olive oil'})",0.08526055050119222,0.1275551542931222,0.024723939162441835,0.2899809937550909,2.2733773116585594,1.0,0.013848516488145723,1.2287626641447154,0.6123337217605896,0.13144615384615385,0.18617318935544516,0.24190519742201005
"frozenset({'Garlic, raw', 'Vegetable oil, olive oil'})","frozenset({'Alcoholic beverage, wine, red wine, table type'})",0.1411209111743871,0.08921915873787531,0.028589948376044633,0.20259186351706038,2.2707215174744313,1.0,0.015999259400743388,1.14217650860603,0.651560097412174,0.1417096959265634,0.12447857886654443,0.2615190765431695
"frozenset({'Alcoholic beverage, wine, red wine, table type'})","frozenset({'Garlic, raw', 'Vegetable oil, olive oil'})",0.08921915873787531,0.1411209111743871,0.028589948376044633,0.3204462895692787,2.270721517474431,1.0,0.015999259400743388,1.2638869829453654,0.6144302969801253,0.1417096959265634,0.20879001564712893,0.2615190765431695
"frozenset({'Lettuce, raw', 'Tomato, salad type, raw'})","frozenset({'Vegetable oil, olive oil'})",0.03196981271847582,0.33428247331990646,0.024260944047040305,0.7588703837798697,2.2701470892063043,1.0,0.013573995979934006,2.7608285415772054,0.5779777491211954,0.07094022879577609,0.637789893526412,0.4157232805325941
"frozenset({'Vegetable oil, olive oil'})","frozenset({'Lettuce, raw', 'Tomato, salad type, raw'})",0.33428247331990646,0.03196981271847582,0.024260944047040305,0.07257617728531857,2.2701470892063043,1.0,0.013573995979934006,1.0437840430365302,0.8404464150381441,0.07094022879577609,0.04194741558718926,0.4157232805325941
"frozenset({'Lettuce, raw'})","frozenset({'Parsley, raw'})",0.08840891728592264,0.1149848369099706,0.023034006991226243,0.26053940822204763,2.2658588316826638,1.0,0.012868322055717347,1.19683884838556,0.612847415502011,0.12771146194326788,0.16446562429944525,0.23043076712692878
"frozenset({'Parsley, raw'})","frozenset({'Lettuce, raw'})",0.1149848369099706,0.08840891728592264,0.023034006991226243,0.20032212603180993,2.2658588316826638,1.0,0.012868322055717347,1.1399478619941648,0.6312504715573682,0.12771146194326788,0.12276689720646283,0.23043076712692878
"frozenset({'Parsley, raw'})","frozenset({'Bread, white, pastry flour (9% protein, Italian ""tipo 00"")'})",0.1149848369099706,0.08382526564344746,0.02180706993541218,0.18965170122810548,2.262464661129653,1.0,0.012168435436465412,1.1305937653537879,0.6305023566712373,0.12320167407794923,0.1155090089435636,0.22490041565133526
"frozenset({'Bread, white, pastry flour (9% protein, Italian ""tipo 00"")'})","frozenset({'Parsley, raw'})",0.08382526564344746,0.1149848369099706,0.02180706993541218,0.260149130074565,2.262464661129653,1.0,0.012168435436465412,1.196207504870846,0.6090586490686629,0.12320167407794923,0.1640246395979855,0.22490041565133526
"frozenset({'Vegetable oil, extra-virgin olive oil'})","frozenset({'Parsley, raw', 'Garlic, raw'})",0.1275551542931222,0.07197259068916823,0.020765330925758732,0.16279491833030854,2.261901604089527,1.0,0.011584856015526149,1.1084827715808983,0.6394606173321241,0.11616161616161616,0.09786599698449257,0.22565606321790432
"frozenset({'Parsley, raw', 'Garlic, raw'})","frozenset({'Vegetable oil, extra-virgin olive oil'})",0.07197259068916823,0.1275551542931222,0.020765330925758732,0.28851720810550013,2.2619016040895263,1.0,0.011584856015526149,1.2262346407335818,0.6011612523796589,0.11616161616161616,0.18449539200608403,0.22565606321790432
"frozenset({'Vegetable oil, extra-virgin olive oil', 'Onion, raw'})","frozenset({'Vegetable oil, olive oil'})",0.04984142417297498,0.33428247331990646,0.03759520337060444,0.7542963307013468,2.2564638917801996,1.0,0.020934088824275787,2.709432580231079,0.5860376680942667,0.10849088115438572,0.6309190317942094,0.4333808523312828
"frozenset({'Vegetable oil, olive oil'})","frozenset({'Vegetable oil, extra-virgin olive oil', 'Onion, raw'})",0.33428247331990646,0.04984142417297498,0.03759520337060444,0.11246537396121883,2.2564638917801996,1.0,0.020934088824275787,1.0705594440498003,0.8364339134562395,0.10849088115438572,0.06590894549758235,0.4333808523312828
"frozenset({'Alcoholic beverage, wine, red wine, table type'})","frozenset({'Garlic, raw'})",0.08921915873787531,0.14417667893603722,0.029006643979906013,0.325116761805916,2.254988561292574,1.0,0.016143321975612024,1.2681057590851643,0.6110567386157219,0.1419186770868728,0.21142223916606218,0.2631524721039856
"frozenset({'Garlic, raw'})","frozenset({'Alcoholic beverage, wine, red wine, table type'})",0.14417667893603722,0.08921915873787531,0.029006643979906013,0.20118818240205524,2.254988561292574,1.0,0.016143321975612024,1.140169463192063,0.6502963365889892,0.1419186770868728,0.12293739458662484,0.2631524721039856
"frozenset({'Milk, cow, whole', 'Coffee, brewed, espresso, homemade, without sugar'})",frozenset({'Sugar'}),0.06243489131189666,0.30015973331481355,0.042225154524619765,0.6763070077864294,2.253157011827116,1.0,0.023484714198901493,2.162049483676916,0.5932156432748537,0.13180143073921524,0.5374758961116202,0.4084913104642466
frozenset({'Sugar'}),"frozenset({'Milk, cow, whole', 'Coffee, brewed, espresso, homemade, without sugar'})",0.30015973331481355,0.06243489131189666,0.042225154524619765,0.14067561314206384,2.253157011827116,1.0,0.023484714198901493,1.0910491114027956,0.794721760862412,0.13180143073921524,0.08345097434315385,0.4084913104642466
"frozenset({'Vegetable oil, olive oil', 'Pasta, unenriched, dry, raw'})","frozenset({'Lettuce, raw'})",0.1292450864643378,0.08840891728592264,0.025742528416325208,0.19917607021314707,2.2528957069906554,1.0,0.014316110257487647,1.1383164873166394,0.638672034138521,0.1341375150784077,0.12150969335662841,0.24517588532914486
"frozenset({'Lettuce, raw'})","frozenset({'Vegetable oil, olive oil', 'Pasta, unenriched, dry, raw'})",0.08840891728592264,0.1292450864643378,0.025742528416325208,0.2911757004451427,2.2528957069906554,1.0,0.014316110257487647,1.2284495806400793,0.6100617068435759,0.1341375150784077,0.18596577689500793,0.24517588532914486
"frozenset({'Cheese, Parmesan, hard type'})","frozenset({'Vegetable oil, extra-virgin olive oil'})",0.11905919392550408,0.1275551542931222,0.0341690395166331,0.2869920279992223,2.249944579579384,1.0,0.01898242566545067,1.2236116284348169,0.6306264895570594,0.1608368747956849,0.18274722406884086,0.27743430801050045
"frozenset({'Vegetable oil, extra-virgin olive oil'})","frozenset({'Cheese, Parmesan, hard type'})",0.1275551542931222,0.11905919392550408,0.0341690395166331,0.2678765880217786,2.2499445795793838,1.0,0.01898242566545067,1.2032681808305583,0.6367675971450192,0.1608368747956849,0.1689300723386969,0.27743430801050045
"frozenset({'Vegetable oil, olive oil'})","frozenset({'Tomato, salad type, raw'})",0.33428247331990646,0.07521355649697896,0.05646225432321689,0.16890581717451522,2.2456831592759414,1.0,0.03131968063022024,1.1127336258798122,0.8332381000897325,0.15993442622950818,0.10131232062900605,0.45979916897506923
"frozenset({'Tomato, salad type, raw'})","frozenset({'Vegetable oil, olive oil'})",0.07521355649697896,0.33428247331990646,0.05646225432321689,0.7506925207756232,2.2456831592759414,1.0,0.03131968063022024,2.67026696812793,0.5998154612065796,0.15993442622950818,0.6255056097626525,0.45979916897506923
"frozenset({'Pasta, unenriched, dry, raw'})","frozenset({'Bread, white, pastry flour (9% protein, Italian ""tipo 00"")'})",0.1468620506053661,0.08382526564344746,0.027432460587540803,0.18679066834804542,2.228333747757669,1.0,0.015121710182604565,1.12661611063345,0.6461255065025708,0.13496583143507976,0.11238620630257021,0.25702416598843864
"frozenset({'Bread, white, pastry flour (9% protein, Italian ""tipo 00"")'})","frozenset({'Pasta, unenriched, dry, raw'})",0.08382526564344746,0.1468620506053661,0.027432460587540803,0.32725766362883185,2.228333747757669,1.0,0.015121710182604565,1.2681496366001515,0.6016692766105529,0.13496583143507976,0.21144952366902695,0.25702416598843864
"frozenset({'Vegetable oil, olive oil'})",frozenset({'Vinegar'}),0.33428247331990646,0.04673935689978471,0.03472463365511494,0.10387811634349031,2.2224977670578263,1.0,0.019100485829273074,1.0637622632432078,0.8262600410334876,0.1002740824921452,0.05994033201441913,0.4234100834317749
frozenset({'Vinegar'}),"frozenset({'Vegetable oil, olive oil'})",0.04673935689978471,0.33428247331990646,0.03472463365511494,0.7429420505200595,2.2224977670578263,1.0,0.019100485829273074,2.5897566211312313,0.5770255961921414,0.1002740824921452,0.6138633291482077,0.4234100834317749
frozenset({'Sugar'}),"frozenset({'Coffee, brewed, espresso, homemade, without sugar', 'Milk, cow, semi-skimmed'})",0.30015973331481355,0.037548903859064287,0.02504803574322291,0.08344902051519358,2.2224089637452633,1.0,0.0137773667746226,1.050079174736063,0.7859476485773041,0.08011254257367095,0.04769085602392825,0.37526335119471144
"frozenset({'Coffee, brewed, espresso, homemade, without sugar', 'Milk, cow, semi-skimmed'})",frozenset({'Sugar'}),0.037548903859064287,0.30015973331481355,0.02504803574322291,0.6670776818742293,2.2224089637452633,1.0,0.0137773667746226,2.102112801043282,0.5714968939059647,0.08011254257367095,0.5242881354874495,0.37526335119471144
"frozenset({'Vegetable oil, olive oil', 'Onion, raw'})","frozenset({'Egg, chicken, whole, raw, fresh'})",0.14605180915341343,0.10810935944625784,0.03502558048012593,0.23981613567918847,2.2182735787867034,1.0,0.01923601294658331,1.1732564744064968,0.6431291526355192,0.15983519966194804,0.14767144114345537,0.28189950252910173
"frozenset({'Egg, chicken, whole, raw, fresh'})","frozenset({'Vegetable oil, olive oil', 'Onion, raw'})",0.10810935944625784,0.14605180915341343,0.03502558048012593,0.323982869379015,2.2182735787867034,1.0,0.01923601294658331,1.263204957634957,0.6157694132016257,0.15983519966194804,0.20836282825215005,0.28189950252910173
"frozenset({'Vegetable oil, olive oil'})","frozenset({'Lettuce, raw', 'Vinegar'})",0.33428247331990646,0.028034354237562793,0.02071903141421858,0.061980609418282546,2.2108805821978126,1.0,0.011347638141759687,1.0361892893916274,0.8227086025981917,0.06065329357549472,0.0349253652417842,0.40051961932516106
"frozenset({'Lettuce, raw', 'Vinegar'})","frozenset({'Vegetable oil, olive oil'})",0.028034354237562793,0.33428247331990646,0.02071903141421858,0.7390586292320396,2.2108805821978126,1.0,0.011347638141759687,2.551214951929092,0.5634885744037584,0.06065329357549472,0.6080298920936263,0.40051961932516106
"frozenset({'Onion, raw'})","frozenset({'Lettuce, raw'})",0.16524295668680694,0.08840891728592264,0.032224460031946664,0.19501260857383024,2.2058024751410694,1.0,0.017615509142141453,1.1324290199117795,0.6548615009309456,0.14553058024046003,0.1169424463549125,0.2797529657166088
"frozenset({'Lettuce, raw'})","frozenset({'Onion, raw'})",0.08840891728592264,0.16524295668680694,0.032224460031946664,0.3644933228593873,2.2058024751410694,1.0,0.017615509142141453,1.3135299334211308,0.5996660790814405,0.14553058024046003,0.2386926444870061,0.2797529657166088
"frozenset({'Water, tap water', 'Vegetable oil, olive oil'})","frozenset({'Bread, white, high gluten flour (12% protein, Italian ""tipo 1"")'})",0.09597888742273769,0.09965969859017987,0.021043127994999654,0.21924746743849494,2.1999611732730933,1.0,0.01147790100342881,1.153169876319158,0.6033559567065256,0.12052505966587114,0.13282507587526138,0.21519864661123356
"frozenset({'Bread, white, high gluten flour (12% protein, Italian ""tipo 1"")'})","frozenset({'Water, tap water', 'Vegetable oil, olive oil'})",0.09965969859017987,0.09597888742273769,0.021043127994999654,0.21114982578397215,2.1999611732730933,1.0,0.01147790100342881,1.1459984951840738,0.605822623299047,0.12052505966587114,0.12739850514430476,0.21519864661123356
"frozenset({'Tomato, sauce type, red ripe, raw'})","frozenset({'Vegetable oil, olive oil'})",0.07218093849109893,0.33428247331990646,0.05282774266731486,0.7318794098781269,2.1894040767663054,1.0,0.028698920021958275,2.4829034069240805,0.5855179447409946,0.14938465566902331,0.5972457095143947,0.44495632543767843
"frozenset({'Vegetable oil, olive oil'})","frozenset({'Tomato, sauce type, red ripe, raw'})",0.33428247331990646,0.07218093849109893,0.05282774266731486,0.15803324099722993,2.1894040767663054,1.0,0.028698920021958275,1.1019663800122168,0.816043874787854,0.14938465566902331,0.09253129846945635,0.44495632543767843
"frozenset({'Milk, cow, whole', 'Egg, chicken, whole, raw, fresh'})","frozenset({'Vegetable oil, olive oil'})",0.028589948376044633,0.33428247331990646,0.02085792994883904,0.7295546558704453,2.1824496170107777,1.0,0.011300811293606397,2.4615603157183097,0.5577451794158036,0.06098551509408421,0.593753606761332,0.3959753888770509
"frozenset({'Vegetable oil, olive oil'})","frozenset({'Milk, cow, whole', 'Egg, chicken, whole, raw, fresh'})",0.33428247331990646,0.028589948376044633,0.02085792994883904,0.062396121883656515,2.1824496170107777,1.0,0.011300811293606397,1.036055923291965,0.813857607491948,0.06098551509408421,0.03480113619485035,0.3959753888770509
"frozenset({'Carrots, raw'})","frozenset({'Vegetable oil, olive oil'})",0.06826862976595596,0.33428247331990646,0.04979512466143482,0.7293997965412005,2.1819863581156675,1.0,0.026974118253110073,2.46015161175388,0.5813928884985613,0.14116025725160783,0.5935209865837965,0.4391805076888828
"frozenset({'Vegetable oil, olive oil'})","frozenset({'Carrots, raw'})",0.33428247331990646,0.06826862976595596,0.04979512466143482,0.1489612188365651,2.1819863581156675,1.0,0.026974118253110073,1.0948165828122383,0.8137114781197656,0.14116025725160783,0.0866049932936569,0.4391805076888828
"frozenset({'Celery, raw'})","frozenset({'Vegetable oil, olive oil'})",0.054216728013519455,0.33428247331990646,0.03916938676296965,0.7224594363791632,2.1612243956558665,1.0,0.02104568482729771,2.3986314576688916,0.5680998329732697,0.11212723658051692,0.5830956036189697,0.41981697580731014
"frozenset({'Vegetable oil, olive oil'})","frozenset({'Celery, raw'})",0.33428247331990646,0.054216728013519455,0.03916938676296965,0.11717451523545708,2.1612243956558665,1.0,0.02104568482729771,1.0713139666994649,0.8070980518177464,0.11212723658051692,0.06656682253398702,0.41981697580731014
"frozenset({'Celery, raw', 'Onion, raw'})","frozenset({'Vegetable oil, olive oil'})",0.0519943514595921,0.33428247331990646,0.03717850776674306,0.7150489759572572,2.139056136733078,1.0,0.01979770736216612,2.3362524451929523,0.561709825851769,0.10649867374005305,0.5719640649033502,0.4131339062611771
"frozenset({'Vegetable oil, olive oil'})","frozenset({'Celery, raw', 'Onion, raw'})",0.33428247331990646,0.0519943514595921,0.03717850776674306,0.11121883656509694,2.139056136733078,1.0,0.01979770736216612,1.0666356213903296,0.7998949500454077,0.10649867374005305,0.06247271331841695,0.4131339062611771
"frozenset({'Onion, raw', 'Vegetable oil, olive oil', 'Pasta, unenriched, dry, raw'})","frozenset({'Vegetable oil, extra-virgin olive oil'})",0.08428826075884899,0.1275551542931222,0.022964557723916014,0.27245262290579514,2.135959337869625,1.0,0.012213155617722115,1.1991588083120959,0.5807791587426891,0.12158352739306288,0.1660820959922953,0.22624446027322426
"frozenset({'Vegetable oil, extra-virgin olive oil'})","frozenset({'Onion, raw', 'Vegetable oil, olive oil', 'Pasta, unenriched, dry, raw'})",0.1275551542931222,0.08428826075884899,0.022964557723916014,0.18003629764065338,2.135959337869625,1.0,0.012213155617722115,1.1167710675561624,0.609581564020108,0.12158352739306288,0.10456132948688705,0.22624446027322426
"frozenset({'Milk, cow, whole'})","frozenset({'Egg, chicken, whole, raw, fresh'})",0.12382804361413988,0.10810935944625784,0.028589948376044633,0.2308842774350346,2.135654846330019,1.0,0.015202977899436693,1.1596312679440852,0.6069123072301993,0.14059653916211293,0.1376569193646323,0.2476691194455687
"frozenset({'Egg, chicken, whole, raw, fresh'})","frozenset({'Milk, cow, whole'})",0.10810935944625784,0.12382804361413988,0.028589948376044633,0.2644539614561028,2.135654846330019,1.0,0.015202977899436693,1.1911857456541388,0.5962160823331322,0.14059653916211293,0.16050036390348954,0.2476691194455687
"frozenset({'Vegetable oil, extra-virgin olive oil'})","frozenset({'Bread, white, high gluten flour (12% protein, Italian ""tipo 1"")'})",0.1275551542931222,0.09965969859017987,0.027108364006759728,0.21252268602540836,2.1324837324598294,1.0,0.014396255776283283,1.1433222080590248,0.6087069553552445,0.13546968995835262,0.12535592070964632,0.24226598877344752
"frozenset({'Bread, white, high gluten flour (12% protein, Italian ""tipo 1"")'})","frozenset({'Vegetable oil, extra-virgin olive oil'})",0.09965969859017987,0.1275551542931222,0.027108364006759728,0.2720092915214867,2.1324837324598294,1.0,0.014396255776283283,1.1984285452355168,0.589847244329762,0.13546968995835262,0.1655739476703813,0.24226598877344752
"frozenset({'Bread, white, high gluten flour (12% protein, Italian ""tipo 1"")'})","frozenset({'Vegetable oil, olive oil'})",0.09965969859017987,0.33428247331990646,0.07100030094682501,0.7124274099883856,2.13121376933991,1.0,0.03768581041178329,2.3149547272680153,0.5895368800883931,0.19562444189309863,0.5680261094435544,0.46241176593602107
"frozenset({'Vegetable oil, olive oil'})","frozenset({'Bread, white, high gluten flour (12% protein, Italian ""tipo 1"")'})",0.33428247331990646,0.09965969859017987,0.07100030094682501,0.2123961218836565,2.1312137693399094,1.0,0.03768581041178329,1.143138481698567,0.7973108578919145,0.19562444189309863,0.12521534703816492,0.46241176593602107
"frozenset({'Parsley, raw', 'Vegetable oil, olive oil'})","frozenset({'Bread, white, high gluten flour (12% protein, Italian ""tipo 1"")'})",0.11139662476560873,0.09965969859017987,0.023589601129708083,0.21176226101413134,2.1248535166149667,1.0,0.01248784708160415,1.1422192276256404,0.595743093033842,0.12583353914546802,0.12451132338340615,0.22423188544318648
"frozenset({'Bread, white, high gluten flour (12% protein, Italian ""tipo 1"")'})","frozenset({'Parsley, raw', 'Vegetable oil, olive oil'})",0.09965969859017987,0.11139662476560873,0.023589601129708083,0.23670150987224162,2.1248535166149667,1.0,0.01248784708160415,1.1641623646938692,0.587976926517125,0.12583353914546802,0.14101328961706974,0.22423188544318648
"frozenset({'Pasta, unenriched, dry, raw'})","frozenset({'Lettuce, raw'})",0.1468620506053661,0.08840891728592264,0.02757135912216126,0.18773644388398486,2.12350122190534,1.0,0.014587444237750463,1.1222848493572883,0.6201571756152037,0.13274632189032545,0.10896061675190445,0.24979909389800184
"frozenset({'Lettuce, raw'})","frozenset({'Pasta, unenriched, dry, raw'})",0.08840891728592264,0.1468620506053661,0.02757135912216126,0.3118617439120188,2.12350122190534,1.0,0.014587444237750463,1.239776951574622,0.5803913960319748,0.13274632189032545,0.19340329828690955,0.24979909389800184
"frozenset({'Cheese, Parmesan, hard type', 'Vegetable oil, olive oil'})","frozenset({'Bread, white, high gluten flour (12% protein, Italian ""tipo 1"")'})",0.09660393082852976,0.09965969859017987,0.02044123434497766,0.21159837047687513,2.123209014980157,1.0,0.0108137157159798,1.1419817865602369,0.5855845831957754,0.1162606978275181,0.12432929161497416,0.2083543536472645
"frozenset({'Bread, white, high gluten flour (12% protein, Italian ""tipo 1"")'})","frozenset({'Cheese, Parmesan, hard type', 'Vegetable oil, olive oil'})",0.09965969859017987,0.09660393082852976,0.02044123434497766,0.2051103368176539,2.123209014980157,1.0,0.0108137157159798,1.1365049905853826,0.5875720655824318,0.1162606978275181,0.12010945109451095,0.2083543536472645
"frozenset({'Carrots, raw', 'Onion, raw'})","frozenset({'Vegetable oil, olive oil'})",0.05201750121536218,0.33428247331990646,0.036877560941732064,0.7089452603471295,2.120796981386077,1.0,0.019489021979539556,2.2872588416669264,0.5574777471952614,0.10553862461905393,0.5627954380225667,0.4096319099519581
"frozenset({'Vegetable oil, olive oil'})","frozenset({'Carrots, raw', 'Onion, raw'})",0.33428247331990646,0.05201750121536218,0.036877560941732064,0.11031855955678671,2.120796981386077,1.0,0.019489021979539556,1.0655302625087701,0.7938489323519822,0.10553862461905393,0.06150014205554372,0.4096319099519581
"frozenset({'Garlic, raw', 'Vegetable oil, olive oil'})","frozenset({'Bread, white, high gluten flour (12% protein, Italian ""tipo 1"")'})",0.1411209111743871,0.09965969859017987,0.02970113665300831,0.21046587926509186,2.1118454324307026,1.0,0.015637069180597346,1.140343751796024,0.6129855804497184,0.14071068216714192,0.12307144365458637,0.2542457154745901
"frozenset({'Bread, white, high gluten flour (12% protein, Italian ""tipo 1"")'})","frozenset({'Garlic, raw', 'Vegetable oil, olive oil'})",0.09965969859017987,0.1411209111743871,0.02970113665300831,0.2980255516840883,2.1118454324307026,1.0,0.015637069180597346,1.223519019653959,0.5847572256573332,0.14071068216714192,0.18268536578791844,0.2542457154745901
"frozenset({'Bread, white, high gluten flour (12% protein, Italian ""tipo 1"")'})","frozenset({'Garlic, raw'})",0.09965969859017987,0.14417667893603722,0.03025673079149015,0.30360046457607437,2.105752933251876,1.0,0.015888126424991544,1.2289257495598265,0.583235559976931,0.14166486017775853,0.1862811887877055,0.25672958360467174
"frozenset({'Garlic, raw'})","frozenset({'Bread, white, high gluten flour (12% protein, Italian ""tipo 1"")'})",0.14417667893603722,0.09965969859017987,0.03025673079149015,0.2098587026332691,2.105752933251876,1.0,0.015888126424991544,1.1394674653892216,0.6135734642165815,0.14166486017775853,0.12239705794634696,0.25672958360467174
"frozenset({'Parsley, raw'})","frozenset({'Bread, white, high gluten flour (12% protein, Italian ""tipo 1"")'})",0.1149848369099706,0.09965969859017987,0.024122045512419844,0.2097845782162271,2.1050091580038006,1.0,0.012662691323531185,1.1393605801535227,0.5931454129290189,0.12660996354799514,0.12231472861273171,0.22591435647164432
"frozenset({'Bread, white, high gluten flour (12% protein, Italian ""tipo 1"")'})","frozenset({'Parsley, raw'})",0.09965969859017987,0.1149848369099706,0.024122045512419844,0.24204413472706157,2.1050091580038006,1.0,0.012662691323531185,1.1676341639909826,0.5830491909975417,0.12660996354799514,0.14356736823973001,0.22591435647164432
"frozenset({'Onion, raw'})","frozenset({'Egg, chicken, whole, raw, fresh'})",0.16524295668680694,0.10810935944625784,0.03747945459175406,0.2268142336789017,2.098007377350646,1.0,0.01961514439133763,1.1535269781251334,0.6269575764419171,0.1588968495436255,0.13309353056888718,0.28674758793152794
"frozenset({'Egg, chicken, whole, raw, fresh'})","frozenset({'Onion, raw'})",0.10810935944625784,0.16524295668680694,0.03747945459175406,0.3466809421841542,2.098007377350646,1.0,0.01961514439133763,1.277717270492498,0.5867953188392319,0.1588968495436255,0.2173542433103777,0.28674758793152794
"frozenset({'Carrots, raw', 'Potato, raw'})","frozenset({'Vegetable oil, olive oil'})",0.03183091418385536,0.33428247331990646,0.022246915295043638,0.6989090909090908,2.0907739612188365,1.0,0.011606398573630775,2.2110183555196334,0.5388606467596604,0.06469637807997847,0.5477197204158986,0.38273016872324345
"frozenset({'Vegetable oil, olive oil'})","frozenset({'Carrots, raw', 'Potato, raw'})",0.33428247331990646,0.03183091418385536,0.022246915295043638,0.06655124653739612,2.0907739612188365,1.0,0.011606398573630775,1.037195756301293,0.7836780599082838,0.06469637807997847,0.03586184775180288,0.38273016872324345
"frozenset({'Milk, cow, whole'})","frozenset({'Coffee, brewed, espresso, homemade, without sugar'})",0.12382804361413988,0.24122045512419843,0.06243489131189666,0.504206393718452,2.090230670773126,1.0,0.03256503427415475,1.5304343082732512,0.5952985585571606,0.2063188494492044,0.3465907065764399,0.38151778419127974
"frozenset({'Coffee, brewed, espresso, homemade, without sugar'})","frozenset({'Milk, cow, whole'})",0.24122045512419843,0.12382804361413988,0.06243489131189666,0.2588291746641075,2.090230670773126,1.0,0.03256503427415475,1.182145770496007,0.6873984758907591,0.2063188494492044,0.15408063459008273,0.38151778419127974
"frozenset({'Vegetable oil, extra-virgin olive oil'})","frozenset({'Potato, raw'})",0.1275551542931222,0.08421881149153876,0.022270065050813713,0.17459165154264975,2.0730718998592197,1.0,0.011527521556627113,1.1094886430698376,0.5933029069123743,0.11751771316882482,0.09868387905881952,0.2195113287949642
"frozenset({'Potato, raw'})","frozenset({'Vegetable oil, extra-virgin olive oil'})",0.08421881149153876,0.1275551542931222,0.022270065050813713,0.2644310060472787,2.0730718998592192,1.0,0.011527521556627113,1.1860815951725043,0.5652267916986439,0.11751771316882482,0.15688768456561408,0.2195113287949642
"frozenset({'Vegetable oil, olive oil', 'Pasta, unenriched, dry, raw'})","frozenset({'Bread, white, high gluten flour (12% protein, Italian ""tipo 1"")'})",0.1292450864643378,0.09965969859017987,0.026599069379818045,0.20580333154218164,2.0650607462549644,1.0,0.013718543018520404,1.1336490533989685,0.5923052926935016,0.13147957432200483,0.11789279318696957,0.2363511431230072
"frozenset({'Bread, white, high gluten flour (12% protein, Italian ""tipo 1"")'})","frozenset({'Vegetable oil, olive oil', 'Pasta, unenriched, dry, raw'})",0.09965969859017987,0.1292450864643378,0.026599069379818045,0.2668989547038328,2.0650607462549644,1.0,0.013718543018520404,1.187769297455965,0.5728420055377293,0.13147957432200483,0.1580856634854433,0.2363511431230072
"frozenset({'Garlic, raw'})","frozenset({'Potato, raw', 'Vegetable oil, olive oil'})",0.14417667893603722,0.06907887121790865,0.020533833368057967,0.1424213230571612,2.061720473223925,1.0,0.010574271131209689,1.0855227092407536,0.6017225559926301,0.10654654654654655,0.07878481814587802,0.2198366668905109
"frozenset({'Potato, raw', 'Vegetable oil, olive oil'})","frozenset({'Garlic, raw'})",0.06907887121790865,0.14417667893603722,0.020533833368057967,0.2972520107238606,2.061720473223925,1.0,0.010574271131209689,1.2178239342178658,0.5531813386837974,0.10654654654654655,0.1788632396667101,0.2198366668905109
"frozenset({'Vegetable oil, extra-virgin olive oil'})","frozenset({'Water, tap water', 'Vegetable oil, olive oil'})",0.1275551542931222,0.09597888742273769,0.025186934277843367,0.19745916515426498,2.057318754744039,1.0,0.012944332483753856,1.1264487404569687,0.5890692725998511,0.12698412698412698,0.1122543227361344,0.22994038817288742
"frozenset({'Water, tap water', 'Vegetable oil, olive oil'})","frozenset({'Vegetable oil, extra-virgin olive oil'})",0.09597888742273769,0.1275551542931222,0.025186934277843367,0.26242161119150986,2.0573187547440384,1.0,0.012944332483753856,1.1828503369197891,0.5684938587096512,0.12698412698412698,0.15458450761906364,0.22994038817288742
"frozenset({'Parsley, raw', 'Vegetable oil, olive oil'})","frozenset({'Egg, chicken, whole, raw, fresh'})",0.11139662476560873,0.10810935944625784,0.024747088918211913,0.22215295095594348,2.054891011229955,1.0,0.01270407117032681,1.1466144168700527,0.5777112712483061,0.1270652561511946,0.12786723654693827,0.22553043693407454
"frozenset({'Egg, chicken, whole, raw, fresh'})","frozenset({'Parsley, raw', 'Vegetable oil, olive oil'})",0.10810935944625784,0.11139662476560873,0.024747088918211913,0.22890792291220557,2.054891011229955,1.0,0.01270407117032681,1.152395935113748,0.5755819852795762,0.1270652561511946,0.13224268714441953,0.22553043693407454
"frozenset({'Apple, peeled, fresh'})","frozenset({'Cheese, Parmesan, hard type'})",0.08370951686459707,0.11905919392550408,0.02046438410074774,0.2444690265486726,2.0533401788495063,1.0,0.010497996498955421,1.165989002476346,0.5598537211224226,0.11225396825396826,0.1423589777637833,0.20817657043941507
"frozenset({'Cheese, Parmesan, hard type'})","frozenset({'Apple, peeled, fresh'})",0.11905919392550408,0.08370951686459707,0.02046438410074774,0.17188411433015752,2.0533401788495063,1.0,0.010497996498955421,1.1064761574936317,0.5823190764636204,0.11225396825396826,0.09622996100957061,0.20817657043941507
"frozenset({'Vegetable oil, extra-virgin olive oil'})","frozenset({'Garlic, raw'})",0.1275551542931222,0.14417667893603722,0.0377341019052249,0.29582577132486393,2.0518281701862793,1.0,0.019343623378068733,1.2153573451191844,0.5875784085934826,0.16125840918084688,0.1771967281755024,0.27877351507797465
"frozenset({'Garlic, raw'})","frozenset({'Vegetable oil, extra-virgin olive oil'})",0.14417667893603722,0.1275551542931222,0.0377341019052249,0.26172125883108543,2.0518281701862793,1.0,0.019343623378068733,1.1817282512097511,0.5989901670227105,0.16125840918084688,0.15378176075905212,0.27877351507797465
"frozenset({'Lettuce, raw'})","frozenset({'Garlic, raw', 'Vegetable oil, olive oil'})",0.08840891728592264,0.1411209111743871,0.025534180614394518,0.2888190625818277,2.0466071270254615,1.0,0.013057833651064093,1.2076801326307127,0.5609822725245197,0.12517022242396733,0.17196617466772357,0.23487869139590073
"frozenset({'Garlic, raw', 'Vegetable oil, olive oil'})","frozenset({'Lettuce, raw'})",0.1411209111743871,0.08840891728592264,0.025534180614394518,0.18093832020997377,2.0466071270254615,1.0,0.013057833651064093,1.1129700060534782,0.5954114424805406,0.12517022242396733,0.10150319005816032,0.23487869139590073
"frozenset({'Vegetable oil, olive oil', 'Egg, chicken, whole, raw, fresh'})","frozenset({'Pasta, unenriched, dry, raw'})",0.08252887932032317,0.1468620506053661,0.024747088918211913,0.29985974754558203,2.0417782967727787,1.0,0.012626728467066459,1.2185243548044349,0.5561274341339765,0.12092760180995477,0.1793352376937158,0.23418271109939884
"frozenset({'Pasta, unenriched, dry, raw'})","frozenset({'Vegetable oil, olive oil', 'Egg, chicken, whole, raw, fresh'})",0.1468620506053661,0.08252887932032317,0.024747088918211913,0.16850567465321564,2.0417782967727787,1.0,0.012626728467066459,1.1034003392591223,0.5980637253303057,0.12092760180995477,0.09371062848190745,0.23418271109939884
"frozenset({'Egg, chicken, whole, raw, fresh'})","frozenset({'Parsley, raw'})",0.10810935944625784,0.1149848369099706,0.025372132324003982,0.2346895074946467,2.0410474441808444,1.0,0.012941195259634634,1.1564132097455055,0.571881194702966,0.1283222105139913,0.13525719736453712,0.22767291964222974
"frozenset({'Parsley, raw'})","frozenset({'Egg, chicken, whole, raw, fresh'})",0.1149848369099706,0.10810935944625784,0.025372132324003982,0.22065633178981275,2.041047444180844,1.0,0.012941195259634634,1.144412506233644,0.5763240070186023,0.1283222105139913,0.12618920664273217,0.22767291964222974
"frozenset({'Vegetable oil, olive oil', 'Egg, chicken, whole, raw, fresh'})","frozenset({'Milk, cow, whole'})",0.08252887932032317,0.12382804361413988,0.02085792994883904,0.25273492286115007,2.0410152295444193,1.0,0.010638540280935976,1.1725048890824292,0.555927854799113,0.11244228129289902,0.14712509149315947,0.21058881121558157
"frozenset({'Milk, cow, whole'})","frozenset({'Vegetable oil, olive oil', 'Egg, chicken, whole, raw, fresh'})",0.12382804361413988,0.08252887932032317,0.02085792994883904,0.16844269957001307,2.0410152295444193,1.0,0.010638540280935976,1.1033167770943324,0.5821320212798152,0.11244228129289902,0.09364198862852882,0.21058881121558157
"frozenset({'Garlic, raw'})","frozenset({'Lettuce, raw'})",0.14417667893603722,0.08840891728592264,0.02578882792786536,0.17886962106615287,2.0232079133790535,1.0,0.013042323845250222,1.1101660663166355,0.5909343812878692,0.12470614575170716,0.0992338620852914,0.23528450940712725
"frozenset({'Lettuce, raw'})","frozenset({'Garlic, raw'})",0.08840891728592264,0.14417667893603722,0.02578882792786536,0.2916993977481016,2.0232079133790535,1.0,0.013042323845250222,1.2082769919198795,0.5547832074211803,0.12470614575170716,0.1723752031303185,0.23528450940712725
"frozenset({'Cheese, Parmesan, hard type', 'Vegetable oil, extra-virgin olive oil'})","frozenset({'Vegetable oil, olive oil'})",0.0341690395166331,0.33428247331990646,0.02310345625853647,0.6761517615176151,2.0226958201022454,1.0,0.011681345217950737,2.055646588660707,0.523497703683775,0.06689904812977612,0.513535057282624,0.3726326674624087
"frozenset({'Vegetable oil, olive oil'})","frozenset({'Cheese, Parmesan, hard type', 'Vegetable oil, extra-virgin olive oil'})",0.33428247331990646,0.0341690395166331,0.02310345625853647,0.06911357340720221,2.022695820102245,1.0,0.011681345217950737,1.0375389874557224,0.7594967380252036,0.06689904812977612,0.03618079697205038,0.3726326674624087
"frozenset({'Vegetable oil, olive oil', 'Onion, raw'})","frozenset({'Vegetable oil, extra-virgin olive oil'})",0.14605180915341343,0.1275551542931222,0.03759520337060444,0.2574100491361547,2.018029381585204,1.0,0.01896554231925115,1.1748675627672769,0.5907467004368436,0.15929377145659637,0.14884023383486278,0.2760734456207089
"frozenset({'Vegetable oil, extra-virgin olive oil'})","frozenset({'Vegetable oil, olive oil', 'Onion, raw'})",0.1275551542931222,0.14605180915341343,0.03759520337060444,0.29473684210526313,2.018029381585204,1.0,0.01896554231925115,1.210822061648145,0.5782223123547717,0.15929377145659637,0.17411481697085912,0.2760734456207089
"frozenset({'Bread, white, high gluten flour (12% protein, Italian ""tipo 1"")'})","frozenset({'Egg, chicken, whole, raw, fresh'})",0.09965969859017987,0.10810935944625784,0.021714470912331876,0.21788617886178865,2.01542382618687,1.0,0.010940324735140405,1.1403591350115414,0.5595955735055055,0.11671021525444819,0.12308327324454758,0.20937135495551962
"frozenset({'Egg, chicken, whole, raw, fresh'})","frozenset({'Bread, white, high gluten flour (12% protein, Italian ""tipo 1"")'})",0.10810935944625784,0.09965969859017987,0.021714470912331876,0.20085653104925055,2.01542382618687,1.0,0.010940324735140405,1.1266316204672722,0.5648971122790801,0.11671021525444819,0.11239842568483174,0.20937135495551962
"frozenset({'Bread, white, high gluten flour (12% protein, Italian ""tipo 1"")'})","frozenset({'Vegetable oil, olive oil', 'Onion, raw'})",0.09965969859017987,0.14605180915341343,0.02930759080491701,0.2940766550522648,2.013509156489568,1.0,0.014752111526137354,1.2096896879218675,0.5590715302017546,0.13543003851091145,0.1733417173143755,0.24737118534829122
"frozenset({'Vegetable oil, olive oil', 'Onion, raw'})","frozenset({'Bread, white, high gluten flour (12% protein, Italian ""tipo 1"")'})",0.14605180915341343,0.09965969859017987,0.02930759080491701,0.20066571564431765,2.013509156489568,1.0,0.014752111526137354,1.1263626733282879,0.5894439913415376,0.13543003851091145,0.11218648870429881,0.24737118534829122
"frozenset({'Parsley, raw'})","frozenset({'Vegetable oil, extra-virgin olive oil'})",0.1149848369099706,0.1275551542931222,0.0295159386068477,0.25669418159855045,2.0124171619805056,1.0,0.014849029993426906,1.1737360640915662,0.5684480415236982,0.1385568354705499,0.14801970341265114,0.24404582038185238
"frozenset({'Vegetable oil, extra-virgin olive oil'})","frozenset({'Parsley, raw'})",0.1275551542931222,0.1149848369099706,0.0295159386068477,0.2313974591651543,2.012417161980505,1.0,0.014849029993426906,1.1514601059329543,0.576638326941677,0.1385568354705499,0.1315374324759919,0.24404582038185238
"frozenset({'Vegetable oil, olive oil', 'Egg, chicken, whole, raw, fresh'})","frozenset({'Garlic, raw'})",0.08252887932032317,0.14417667893603722,0.023867398198949,0.28920056100981767,2.0058761454626035,1.0,0.011968658462231805,1.2040292579293714,0.5465727711434039,0.11766719926957316,0.16945539868379167,0.22737163567510793
"frozenset({'Garlic, raw'})","frozenset({'Vegetable oil, olive oil', 'Egg, chicken, whole, raw, fresh'})",0.14417667893603722,0.08252887932032317,0.023867398198949,0.1655427103403982,2.005876145462603,1.0,0.011968658462231805,1.0994824205489757,0.5859442253227132,0.11766719926957316,0.09048113793334125,0.22737163567510793
"frozenset({'Vegetable oil, extra-virgin olive oil'})","frozenset({'Vegetable oil, olive oil', 'Pasta, unenriched, dry, raw'})",0.1275551542931222,0.1292450864643378,0.03287265319350881,0.2577132486388385,1.9939887518273163,1.0,0.016386776247922282,1.1730708003866746,0.5713744082559945,0.14680037216995762,0.14753653430775523,0.256028395768461
"frozenset({'Vegetable oil, olive oil', 'Pasta, unenriched, dry, raw'})","frozenset({'Vegetable oil, extra-virgin olive oil'})",0.1292450864643378,0.1275551542931222,0.03287265319350881,0.2543435428980835,1.9939887518273163,1.0,0.016386776247922282,1.170035929277324,0.5724833127012193,0.14680037216995762,0.14532539131712557,0.256028395768461
"frozenset({'Bread, white, high gluten flour (12% protein, Italian ""tipo 1"")'})","frozenset({'Cheese, Parmesan, hard type'})",0.09965969859017987,0.11905919392550408,0.02365905039701831,0.23739837398373986,1.993952471509938,1.0,0.011793647016012801,1.1551782425070682,0.5536612452608488,0.12129124139568005,0.13433272615166897,0.21805753814878226
"frozenset({'Cheese, Parmesan, hard type'})","frozenset({'Bread, white, high gluten flour (12% protein, Italian ""tipo 1"")'})",0.11905919392550408,0.09965969859017987,0.02365905039701831,0.19871670231382463,1.993952471509938,1.0,0.011793647016012801,1.1236229483500861,0.5658536067347699,0.12129124139568005,0.11002173685720155,0.21805753814878226
"frozenset({'Bread, white, high gluten flour (12% protein, Italian ""tipo 1"")'})","frozenset({'Pasta, unenriched, dry, raw'})",0.09965969859017987,0.1468620506053661,0.029052943491446166,0.2915214866434379,1.9850021529849602,1.0,0.014416715793779636,1.2041832367684915,0.551149613210226,0.13359591228443687,0.16956160037274,0.24467310145538856
"frozenset({'Pasta, unenriched, dry, raw'})","frozenset({'Bread, white, high gluten flour (12% protein, Italian ""tipo 1"")'})",0.1468620506053661,0.09965969859017987,0.029052943491446166,0.19782471626733922,1.98500215298496,1.0,0.014416715793779636,1.1223735256718215,0.5816435773742196,0.13359591228443687,0.10903101585416673,0.24467310145538856
"frozenset({'Sugar', 'Egg, chicken, whole, raw, fresh'})","frozenset({'Vegetable oil, olive oil'})",0.041854758432298536,0.33428247331990646,0.027756557168321875,0.6631637168141593,1.9838423182286178,1.0,0.013765244999365909,1.976383067713644,0.5175913404525758,0.07967306797793874,0.49402521386866644,0.3730984789056946
"frozenset({'Vegetable oil, olive oil'})","frozenset({'Sugar', 'Egg, chicken, whole, raw, fresh'})",0.33428247331990646,0.041854758432298536,0.027756557168321875,0.08303324099722992,1.9838423182286178,1.0,0.013765244999365909,1.0449072795285559,0.7449521156585062,0.07967306797793874,0.04297728650987801,0.3730984789056946
"frozenset({'Lettuce, raw', 'Vegetable oil, extra-virgin olive oil'})","frozenset({'Vegetable oil, olive oil'})",0.03935458480913026,0.33428247331990646,0.02599717572979605,0.6605882352941177,1.9761378116343493,1.0,0.012841627783321968,1.9613861271337247,0.5141984858693666,0.07478191383099154,0.4901564836387663,0.3691791591983054
"frozenset({'Vegetable oil, olive oil'})","frozenset({'Lettuce, raw', 'Vegetable oil, extra-virgin olive oil'})",0.33428247331990646,0.03935458480913026,0.02599717572979605,0.07777008310249307,1.976137811634349,1.0,0.012841627783321968,1.0416550120414627,0.742000019755924,0.07478191383099154,0.03998925897723675,0.3691791591983054
"frozenset({'Bread, white, high gluten flour (12% protein, Italian ""tipo 1"")'})","frozenset({'Onion, raw'})",0.09965969859017987,0.16524295668680694,0.03245595758964743,0.3256678281068525,1.9708424167458265,1.0,0.0159878943320901,1.2379018503146042,0.547129524930445,0.1396275271387312,0.19218151281876117,0.2610406946642416
"frozenset({'Onion, raw'})","frozenset({'Bread, white, high gluten flour (12% protein, Italian ""tipo 1"")'})",0.16524295668680694,0.09965969859017987,0.03245595758964743,0.19641356122163073,1.9708424167458265,1.0,0.0159878943320901,1.120402557786488,0.590115130302972,0.1396275271387312,0.1074636584410877,0.2610406946642416
"frozenset({'Chard, raw'})","frozenset({'Vegetable oil, olive oil'})",0.030418779081880686,0.33428247331990646,0.020001388985346206,0.6575342465753425,1.96700185937085,1.0,0.009832924278483297,1.9438951779058735,0.5070354718302573,0.05802552048354601,0.4855689692706149,0.3586840207945965
"frozenset({'Vegetable oil, olive oil'})","frozenset({'Chard, raw'})",0.33428247331990646,0.030418779081880686,0.020001388985346206,0.05983379501385042,1.9670018593708498,1.0,0.009832924278483297,1.0312870381598145,0.73846947409906,0.05802552048354601,0.030337856486242553,0.3586840207945965
"frozenset({'Sugar', 'Coffee, brewed, espresso, homemade, without sugar'})","frozenset({'Milk, cow, whole'})",0.17475750630830844,0.12382804361413988,0.042225154524619765,0.24162140680884886,1.951265640291988,1.0,0.02058527441157622,1.1553226373374426,0.5907501362001558,0.16471013184034675,0.1344409192010633,0.2913098621256807
"frozenset({'Milk, cow, whole'})","frozenset({'Sugar', 'Coffee, brewed, espresso, homemade, without sugar'})",0.12382804361413988,0.17475750630830844,0.042225154524619765,0.3409983174425126,1.951265640291988,1.0,0.02058527441157622,1.252261588299818,0.5564114578118569,0.16471013184034675,0.20144480247318827,0.2913098621256807
"frozenset({'Onion, raw'})","frozenset({'Apple, peeled, fresh'})",0.16524295668680694,0.08370951686459707,0.026923165960599117,0.16293079293919868,1.9463831478414175,1.0,0.013090757891068967,1.0946412499783273,0.5824767171848889,0.12125951412782819,0.0864586913568269,0.2422784495669445
"frozenset({'Apple, peeled, fresh'})","frozenset({'Onion, raw'})",0.08370951686459707,0.16524295668680694,0.026923165960599117,0.3216261061946903,1.9463831478414173,1.0,0.013090757891068967,1.230526485373219,0.5306467230481773,0.12125951412782819,0.18733971849724165,0.2422784495669445
"frozenset({'Egg, chicken, whole, raw, fresh'})","frozenset({'Vegetable oil, extra-virgin olive oil'})",0.10810935944625784,0.1275551542931222,0.02683056693751881,0.24817987152034263,1.9456671343129295,1.0,0.013040660912820783,1.160443585716639,0.5449518689681965,0.1284779957876067,0.13826056491798872,0.22926234955327476
"frozenset({'Vegetable oil, extra-virgin olive oil'})","frozenset({'Egg, chicken, whole, raw, fresh'})",0.1275551542931222,0.10810935944625784,0.02683056693751881,0.2103448275862069,1.9456671343129293,1.0,0.013040660912820783,1.1294684967711144,0.5570982210241651,0.1284779957876067,0.11462780692089651,0.22926234955327476
"frozenset({'Vegetable oil, extra-virgin olive oil'})","frozenset({'Garlic, raw', 'Vegetable oil, olive oil'})",0.1275551542931222,0.1411209111743871,0.03500243072435586,0.274410163339383,1.9445039084270552,1.0,0.017001731125520923,1.1836977937541588,0.5567458106264592,0.14979195561719835,0.15518977455516908,0.2612208297011876
"frozenset({'Garlic, raw', 'Vegetable oil, olive oil'})","frozenset({'Vegetable oil, extra-virgin olive oil'})",0.1411209111743871,0.1275551542931222,0.03500243072435586,0.24803149606299216,1.944503908427055,1.0,0.017001731125520923,1.1602146115683087,0.5655394562162576,0.14979195561719835,0.138090496336484,0.2612208297011876
"frozenset({'Cheese, Parmesan, hard type'})","frozenset({'Lettuce, raw'})",0.11905919392550408,0.08840891728592264,0.02046438410074774,0.17188411433015752,1.944194314406864,1.0,0.009938489672859225,1.1008013473581826,0.5512834880749362,0.1094330279772221,0.09157087934175971,0.2016791611189934
"frozenset({'Lettuce, raw'})","frozenset({'Cheese, Parmesan, hard type'})",0.08840891728592264,0.11905919392550408,0.02046438410074774,0.23147420790782927,1.9441943144068639,1.0,0.009938489672859225,1.1462735735599658,0.5327477742699888,0.1094330279772221,0.1276079087348111,0.2016791611189934
"frozenset({'Garlic, raw', 'Pasta, unenriched, dry, raw'})","frozenset({'Vegetable oil, extra-virgin olive oil'})",0.08292242516841447,0.1275551542931222,0.02051068361228789,0.24734785036292573,1.939144299841616,1.0,0.009933500875570902,1.1591607705200433,0.5280999484599086,0.10796977821106507,0.13730689872176885,0.2040731992286498
"frozenset({'Vegetable oil, extra-virgin olive oil'})","frozenset({'Garlic, raw', 'Pasta, unenriched, dry, raw'})",0.1275551542931222,0.08292242516841447,0.02051068361228789,0.16079854809437386,1.9391442998416157,1.0,0.009933500875570902,1.092797888694212,0.5551166040873319,0.10796977821106507,0.08491770496106696,0.2040731992286498
frozenset({'Sugar'}),"frozenset({'Milk, cow, semi-skimmed'})",0.30015973331481355,0.06241174155612658,0.03632196680325023,0.12100879222582138,1.9388786341909519,1.0,0.017588475102050208,1.0666639781506768,0.6919264050495064,0.1113318668842688,0.06249763704053742,0.3514910429971837
"frozenset({'Milk, cow, semi-skimmed'})",frozenset({'Sugar'}),0.06241174155612658,0.30015973331481355,0.03632196680325023,0.581973293768546,1.9388786341909516,1.0,0.017588475102050208,1.6741520487872783,0.5164718686218026,0.1113318668842688,0.4026826889920903,0.3514910429971837
"frozenset({'Tomato, salad type, raw'})","frozenset({'Vegetable oil, olive oil', 'Onion, raw'})",0.07521355649697896,0.14605180915341343,0.021251475796930343,0.28254847645429365,1.934577038737696,1.0,0.010266399797684095,1.1902521115660916,0.5223813015743997,0.10625,0.15984186015495888,0.21402744792757478
"frozenset({'Vegetable oil, olive oil', 'Onion, raw'})","frozenset({'Tomato, salad type, raw'})",0.14605180915341343,0.07521355649697896,0.021251475796930343,0.14550641940085593,1.9345770387376957,1.0,0.010266399797684095,1.0822625991579595,0.565714818783727,0.10625,0.0760098327540496,0.21402744792757478
"frozenset({'Pear, fresh'})","frozenset({'Vegetable oil, olive oil'})",0.03609046924554946,0.33428247331990646,0.02310345625853647,0.6401539448364335,1.9150089996606245,1.0,0.011039044935858179,1.8500064600610793,0.49569926153281635,0.06652889807346177,0.45946134697984553,0.3546337591218179
"frozenset({'Vegetable oil, olive oil'})","frozenset({'Pear, fresh'})",0.33428247331990646,0.03609046924554946,0.02310345625853647,0.06911357340720221,1.9150089996606245,1.0,0.011039044935858179,1.035474901360978,0.717735711364308,0.06652889807346177,0.03425954729984423,0.3546337591218179
"frozenset({'Tomato, sauce type, red ripe, raw'})","frozenset({'Pasta, unenriched, dry, raw'})",0.07218093849109893,0.1468620506053661,0.020140287519966663,0.27902501603592045,1.8999122978725813,1.0,0.009539646878544075,1.1833114440446924,0.5105089287737178,0.10125698324022346,0.1549139450710568,0.20808123437357182
"frozenset({'Pasta, unenriched, dry, raw'})","frozenset({'Tomato, sauce type, red ripe, raw'})",0.1468620506053661,0.07218093849109893,0.020140287519966663,0.13713745271122318,1.8999122978725809,1.0,0.009539646878544075,1.0752802568893804,0.5551973341742013,0.10125698324022346,0.07000989407836293,0.20808123437357182
"frozenset({'Tomato, salad type, raw'})","frozenset({'Onion, raw'})",0.07521355649697896,0.16524295668680694,0.023566451373938004,0.3133271775931056,1.896160561850572,1.0,0.011137940915447004,1.2156546991145514,0.5110569083620101,0.10865620663891556,0.1773979891424993,0.22797207856959845
"frozenset({'Onion, raw'})","frozenset({'Tomato, salad type, raw'})",0.16524295668680694,0.07521355649697896,0.023566451373938004,0.14261697954609134,1.8961605618505717,1.0,0.011137940915447004,1.0786152996281968,0.5661749181964442,0.10865620663891556,0.07288539264675346,0.22797207856959845
"frozenset({'Vegetable oil, olive oil'})","frozenset({'Carrots, raw', 'Celery, raw', 'Onion, raw'})",0.33428247331990646,0.03970183114568141,0.025163784522073292,0.07527700831024932,1.8960588501328512,1.0,0.011892158211365614,1.0384711718906883,0.7098960010024677,0.07213963366073799,0.037045970010554936,0.3545481251463783
"frozenset({'Carrots, raw', 'Celery, raw', 'Onion, raw'})","frozenset({'Vegetable oil, olive oil'})",0.03970183114568141,0.33428247331990646,0.025163784522073292,0.6338192419825073,1.896058850132851,1.0,0.011892158211365614,1.818002481299937,0.49212861725152995,0.07213963366073799,0.44994574524179737,0.3545481251463783
"frozenset({'Carrots, raw', 'Celery, raw'})","frozenset({'Vegetable oil, olive oil'})",0.04007222723800264,0.33428247331990646,0.025348982568233903,0.6325823223570191,1.892358627344609,1.0,0.011953539335677056,1.8118821362944055,0.4912441881746325,0.07263199787742107,0.448087720515219,0.3542066736438835
"frozenset({'Vegetable oil, olive oil'})","frozenset({'Carrots, raw', 'Celery, raw'})",0.33428247331990646,0.04007222723800264,0.025348982568233903,0.07583102493074792,1.8923586273446087,1.0,0.011953539335677056,1.0386929215948477,0.7083468896911818,0.07263199787742107,0.03725155028055559,0.3542066736438835
"frozenset({'Vegetable oil, olive oil', 'Onion, raw'})","frozenset({'Apple, peeled, fresh'})",0.14605180915341343,0.08370951686459707,0.02312660601430655,0.15834522111269617,1.8916035720146949,1.0,0.010900679632873975,1.0886773367422329,0.5519632351935541,0.11192023302711182,0.0814541956091341,0.21730867250325075
"frozenset({'Apple, peeled, fresh'})","frozenset({'Vegetable oil, olive oil', 'Onion, raw'})",0.08370951686459707,0.14605180915341343,0.02312660601430655,0.27627212389380534,1.8916035720146949,1.0,0.010900679632873975,1.179929941956919,0.5144089290270539,0.11192023302711182,0.1524920552982192,0.21730867250325075
"frozenset({'Vegetable oil, extra-virgin olive oil'})","frozenset({'Parsley, raw', 'Vegetable oil, olive oil'})",0.1275551542931222,0.11139662476560873,0.02683056693751881,0.2103448275862069,1.8882513543726889,1.0,0.01262135327780855,1.1253055843579627,0.5391853606953217,0.12648695841973154,0.11135249491315304,0.22560051021870609
"frozenset({'Parsley, raw', 'Vegetable oil, olive oil'})","frozenset({'Vegetable oil, extra-virgin olive oil'})",0.11139662476560873,0.1275551542931222,0.02683056693751881,0.2408561928512053,1.8882513543726889,1.0,0.01262135327780855,1.1492484526530238,0.5293807135215473,0.12648695841973154,0.12986613321817908,0.22560051021870609
"frozenset({'Vegetable oil, extra-virgin olive oil', 'Alcoholic beverage, wine, red wine, table type'})","frozenset({'Vegetable oil, olive oil'})",0.033844942935852024,0.33428247331990646,0.02127462555270042,0.6285909712722298,1.8804185724408944,1.0,0.009960854318732709,1.7924107256101232,0.48460493452326875,0.061336181005139156,0.44209215794577017,0.34611681527600413
"frozenset({'Vegetable oil, olive oil'})","frozenset({'Vegetable oil, extra-virgin olive oil', 'Alcoholic beverage, wine, red wine, table type'})",0.33428247331990646,0.033844942935852024,0.02127462555270042,0.0636426592797784,1.8804185724408944,1.0,0.009960854318732709,1.031823017824591,0.7033065668299413,0.061336181005139156,0.030841546733163715,0.34611681527600413
"frozenset({'Apple, peeled, fresh'})","frozenset({'Pasta, unenriched, dry, raw'})",0.08370951686459707,0.1468620506053661,0.023057156746996318,0.2754424778761062,1.8755183979845775,1.0,0.010763405445077114,1.1774606202332045,0.5094607986530392,0.1111111111111111,0.15071469668179416,0.21622060842102914
"frozenset({'Pasta, unenriched, dry, raw'})","frozenset({'Apple, peeled, fresh'})",0.1468620506053661,0.08370951686459707,0.023057156746996318,0.15699873896595207,1.8755183979845773,1.0,0.010763405445077114,1.0869384489549356,0.5471730353427386,0.1111111111111111,0.07998470294111396,0.21622060842102914
"frozenset({'Vegetable oil, extra-virgin olive oil'})","frozenset({'Cheese, Parmesan, hard type', 'Vegetable oil, olive oil'})",0.1275551542931222,0.09660393082852976,0.02310345625853647,0.1811252268602541,1.8749260543212067,1.0,0.010781126956381254,1.103216387662855,0.5348712124277742,0.11491076568796776,0.09355951272761368,0.2101408545036952
"frozenset({'Cheese, Parmesan, hard type', 'Vegetable oil, olive oil'})","frozenset({'Vegetable oil, extra-virgin olive oil'})",0.09660393082852976,0.1275551542931222,0.02310345625853647,0.23915648214713633,1.8749260543212067,1.0,0.010781126956381254,1.1466810523259217,0.5165460071434382,0.11491076568796776,0.12791791756600016,0.2101408545036952
frozenset({'Meat extract'}),"frozenset({'Vegetable oil, olive oil'})",0.047989443711368845,0.33428247331990646,0.029909484454939,0.623251326579836,1.864445121486785,1.0,0.01386745451785619,1.7670069562200177,0.48701917300331277,0.08488272781026215,0.4340712714910865,0.3563625053951811
"frozenset({'Vegetable oil, olive oil'})",frozenset({'Meat extract'}),0.33428247331990646,0.047989443711368845,0.029909484454939,0.08947368421052632,1.864445121486785,1.0,0.01386745451785619,1.0455607265597684,0.6964626515487788,0.08488272781026215,0.04357539968977009,0.3563625053951811
"frozenset({'Water, tap water'})","frozenset({'Pasta, unenriched, dry, raw'})",0.18343866472208717,0.1468620506053661,0.04984142417297498,0.27170620898536096,1.8500777284900123,1.0,0.022901245711579022,1.17142005042507,0.5627038039658522,0.17771357820883205,0.14633525383389787,0.30554099856582045
"frozenset({'Pasta, unenriched, dry, raw'})","frozenset({'Water, tap water'})",0.1468620506053661,0.18343866472208717,0.04984142417297498,0.33937578814627994,1.850077728490012,1.0,0.022901245711579022,1.2360451231217082,0.5385789834555533,0.17771357820883205,0.19096804696382091,0.30554099856582045
"frozenset({'Vegetable oil, olive oil', 'Pasta, unenriched, dry, raw'})","frozenset({'Apple, peeled, fresh'})",0.1292450864643378,0.08370951686459707,0.020001388985346206,0.15475550779150996,1.8487205945989647,1.0,0.009182345240293413,1.0840537756611475,0.5272268599753047,0.10365926814637073,0.07753653697657603,0.19684678044442755
"frozenset({'Apple, peeled, fresh'})","frozenset({'Vegetable oil, olive oil', 'Pasta, unenriched, dry, raw'})",0.08370951686459707,0.1292450864643378,0.020001388985346206,0.23893805309734517,1.8487205945989647,1.0,0.009182345240293413,1.1441314561573237,0.5010260253937776,0.10365926814637073,0.12597455946312594,0.19684678044442755
"frozenset({'Orange, fresh'})","frozenset({'Vegetable oil, olive oil'})",0.03648401509364076,0.33428247331990646,0.022478412852744403,0.6161167512690355,1.843102167906408,1.0,0.01028244605060137,1.7341666480129379,0.47475754126831965,0.06453971419076104,0.42335415045270813,0.34168025929102747
"frozenset({'Vegetable oil, olive oil'})","frozenset({'Orange, fresh'})",0.33428247331990646,0.03648401509364076,0.022478412852744403,0.06724376731301938,1.8431021679064075,1.0,0.01028244605060137,1.0329772679521738,0.6871329980571246,0.06453971419076104,0.03192448563514808,0.34168025929102747
"frozenset({'Water, tap water'})","frozenset({'Vegetable oil, extra-virgin olive oil'})",0.18343866472208717,0.1275551542931222,0.04294279695349214,0.23409893992932862,1.8352762083715444,1.0,0.019544249771541997,1.1391090719033283,0.5573652197495653,0.16020381725537608,0.1221209411236556,0.2853797784946098
"frozenset({'Vegetable oil, extra-virgin olive oil'})","frozenset({'Water, tap water'})",0.1275551542931222,0.18343866472208717,0.04294279695349214,0.3366606170598911,1.8352762083715441,1.0,0.019544249771541997,1.2309857612534336,0.5216637937810497,0.16020381725537608,0.18764291880861042,0.2853797784946098
"frozenset({'Apple, peeled, fresh'})","frozenset({'Garlic, raw'})",0.08370951686459707,0.14417667893603722,0.02203856749311295,0.26327433628318586,1.826053549201153,1.0,0.009969607356235142,1.1616580814441777,0.49369816899246505,0.1070625281151597,0.13916150029551191,0.20806619832784856
"frozenset({'Garlic, raw'})","frozenset({'Apple, peeled, fresh'})",0.14417667893603722,0.08370951686459707,0.02203856749311295,0.15285806037251123,1.8260535492011527,1.0,0.009969607356235142,1.0816256878254908,0.528579816248499,0.1070625281151597,0.07546574452164846,0.20806619832784856
"frozenset({'Garlic, raw', 'Vegetable oil, olive oil'})","frozenset({'Apple, peeled, fresh'})",0.1411209111743871,0.08370951686459707,0.021506123110401187,0.1523950131233596,1.8205219529562404,1.0,0.009692959816501524,1.0810347948893781,0.5247618514601388,0.10577251508596153,0.07496039468153318,0.20465436496875944
"frozenset({'Apple, peeled, fresh'})","frozenset({'Garlic, raw', 'Vegetable oil, olive oil'})",0.08370951686459707,0.1411209111743871,0.021506123110401187,0.2569137168141593,1.8205219529562402,1.0,0.009692959816501524,1.1558268646049186,0.49188220234513047,0.10577251508596153,0.134818517700904,0.20465436496875944
"frozenset({'Water, tap water'})","frozenset({'Parsley, raw'})",0.18343866472208717,0.1149848369099706,0.03817394726485636,0.20810196870267544,1.8098209667907128,1.0,0.01708128231880439,1.117587275270979,0.5479798505555997,0.14668208503824942,0.10521529537142221,0.27004655511840037
"frozenset({'Parsley, raw'})","frozenset({'Water, tap water'})",0.1149848369099706,0.18343866472208717,0.03817394726485636,0.33199114153412523,1.8098209667907128,1.0,0.01708128231880439,1.2223809982897509,0.5055949063208912,0.14668208503824942,0.18192445612365288,0.27004655511840037
"frozenset({'Water, tap water'})","frozenset({'Vegetable oil, extra-virgin olive oil', 'Vegetable oil, olive oil'})",0.18343866472208717,0.07650994282010325,0.025186934277843367,0.13730439172135286,1.794595403687528,1.0,0.011152052528960387,1.070470335443754,0.5422389187864072,0.1072872497781284,0.06583118944117317,0.233251288145094
"frozenset({'Vegetable oil, extra-virgin olive oil', 'Vegetable oil, olive oil'})","frozenset({'Water, tap water'})",0.07650994282010325,0.18343866472208717,0.025186934277843367,0.3291981845688351,1.7945954036875278,1.0,0.011152052528960387,1.2172914808721254,0.4794543613344264,0.1072872497781284,0.17850406766705326,0.233251288145094
"frozenset({'Vegetable oil, extra-virgin olive oil'})","frozenset({'Vegetable oil, olive oil'})",0.1275551542931222,0.33428247331990646,0.07650994282010325,0.5998185117967333,1.7943462779836212,1.0,0.033870490358296076,1.663539034923953,0.5074177153187132,0.1985581255632322,0.39887193567074064,0.4143483140701118
"frozenset({'Vegetable oil, olive oil'})","frozenset({'Vegetable oil, extra-virgin olive oil'})",0.33428247331990646,0.1275551542931222,0.07650994282010325,0.2288781163434903,1.794346277983621,1.0,0.033870490358296076,1.1313968183212677,0.6649877051575735,0.1985581255632322,0.11613681088146446,0.4143483140701118
"frozenset({'Bread, white, pastry flour, ""Rosetta"", traditional bread from Italy'})","frozenset({'Vegetable oil, olive oil'})",0.065259161515846,0.33428247331990646,0.03868324189179804,0.5927633912735013,1.7732410119696287,1.0,0.016868247973497782,1.6347192575881393,0.4665045629987522,0.10719784449576598,0.38827416673649673,0.35424180644007475
"frozenset({'Vegetable oil, olive oil'})","frozenset({'Bread, white, pastry flour, ""Rosetta"", traditional bread from Italy'})",0.33428247331990646,0.065259161515846,0.03868324189179804,0.1157202216066482,1.7732410119696285,1.0,0.016868247973497782,1.0570645867108766,0.655023863572821,0.10719784449576598,0.053984011410728186,0.35424180644007475
"frozenset({'Vegetable oil, olive oil', 'Pasta, unenriched, dry, raw'})","frozenset({'Egg, chicken, whole, raw, fresh'})",0.1292450864643378,0.10810935944625784,0.024747088918211913,0.19147411785778257,1.7711150897436048,1.0,0.010774485408976145,1.1031070992936514,0.5000074609482776,0.1163980836236934,0.09346970875237194,0.21019102038499407
"frozenset({'Egg, chicken, whole, raw, fresh'})","frozenset({'Vegetable oil, olive oil', 'Pasta, unenriched, dry, raw'})",0.10810935944625784,0.1292450864643378,0.024747088918211913,0.22890792291220557,1.7711150897436045,1.0,0.010774485408976145,1.1292489436855158,0.48815845085546544,0.1163980836236934,0.11445566932627596,0.21019102038499407
"frozenset({'Tomato, sauce type, red ripe, raw'})","frozenset({'Water, tap water'})",0.07218093849109893,0.18343866472208717,0.023404403083547468,0.32424631173829377,1.7676006976475362,1.0,0.010163628108353176,1.2083712593244103,0.4680453187052505,0.10078755856843784,0.1724397677588829,0.22591669448600704
"frozenset({'Water, tap water'})","frozenset({'Tomato, sauce type, red ripe, raw'})",0.18343866472208717,0.07218093849109893,0.023404403083547468,0.12758707723372034,1.767600697647536,1.0,0.010163628108353176,1.0635090761458892,0.5318172065996012,0.10078755856843784,0.05971653422652804,0.22591669448600704
"frozenset({'Parsley, raw', 'Vegetable oil, olive oil'})","frozenset({'Water, tap water'})",0.11139662476560873,0.18343866472208717,0.035997870222469155,0.32315045719035745,1.7616267414502615,1.0,0.015563422120918505,1.2064148435238922,0.48654199477539095,0.13907521688578842,0.17109773195508948,0.2596948651423771
"frozenset({'Water, tap water'})","frozenset({'Parsley, raw', 'Vegetable oil, olive oil'})",0.18343866472208717,0.11139662476560873,0.035997870222469155,0.1962392730943968,1.7616267414502613,1.0,0.015563422120918505,1.1055570961465406,0.5294677081465534,0.13907521688578842,0.0954786473846205,0.2596948651423771
"frozenset({'Vegetable oil, extra-virgin olive oil', 'Water, tap water'})","frozenset({'Vegetable oil, olive oil'})",0.04294279695349214,0.33428247331990646,0.025186934277843367,0.5865229110512129,1.7545727277478702,1.0,0.010831909900955472,1.6100469517491178,0.44935733351925267,0.07154599855329782,0.3789001004513421,0.3309345857195123
"frozenset({'Vegetable oil, olive oil'})","frozenset({'Vegetable oil, extra-virgin olive oil', 'Water, tap water'})",0.33428247331990646,0.04294279695349214,0.025186934277843367,0.07534626038781163,1.7545727277478702,1.0,0.010831909900955472,1.0350438894541323,0.6460107411187864,0.07154599855329782,0.03385739465851432,0.3309345857195123
frozenset({'Sugar'}),frozenset({'Butter'}),0.30015973331481355,0.05234159779614325,0.027548209366391185,0.09177849760913157,1.7534523490586715,1.0,0.011837369330629594,1.0434221164211284,0.6139922596010717,0.08477594927691101,0.0416151006747522,0.3090471435414079
frozenset({'Butter'}),frozenset({'Sugar'}),0.05234159779614325,0.30015973331481355,0.027548209366391185,0.5263157894736842,1.7534523490586715,1.0,0.011837369330629594,1.4774405630020602,0.4534297439906194,0.08477594927691101,0.3231538208426693,0.3090471435414079
"frozenset({'Vegetable oil, olive oil'})","frozenset({'Apple, peeled, fresh'})",0.33428247331990646,0.08370951686459707,0.04893858369794199,0.146398891966759,1.7488918518495822,1.0,0.020955959360030058,1.0734410657533036,0.6432298051967045,0.1326056956467194,0.06841648609909019,0.3655113928860344
"frozenset({'Apple, peeled, fresh'})","frozenset({'Vegetable oil, olive oil'})",0.08370951686459707,0.33428247331990646,0.04893858369794199,0.5846238938053098,1.7488918518495822,1.0,0.020955959360030058,1.6026861361352986,0.46732926171753186,0.1326056956467194,0.3760475133257282,0.3655113928860344
frozenset({'Sugar'}),"frozenset({'Milk, cow, whole'})",0.30015973331481355,0.12382804361413988,0.06484246591198463,0.21602653092703994,1.7445687149851081,1.0,0.027674273363869302,1.1176040911459972,0.6098426266268121,0.18054660306819645,0.10522875862543184,0.3698379055831685
"frozenset({'Milk, cow, whole'})",frozenset({'Sugar'}),0.12382804361413988,0.30015973331481355,0.06484246591198463,0.523649280239297,1.7445687149851081,1.0,0.027674273363869302,1.469170167385817,0.4871103478533914,0.18054660306819645,0.3193436524923725,0.3698379055831685
"frozenset({'Potato, raw'})","frozenset({'Garlic, raw'})",0.08421881149153876,0.14417667893603722,0.021135727018079958,0.2509620670698186,1.7406564565213478,1.0,0.008993338473289732,1.142563391570898,0.4646351158433006,0.10197699095275325,0.1247750388491697,0.19877904252655992
"frozenset({'Garlic, raw'})","frozenset({'Potato, raw'})",0.14417667893603722,0.08421881149153876,0.021135727018079958,0.1465960179833012,1.7406564565213476,1.0,0.008993338473289732,1.0730922374469796,0.4971868470244022,0.10197699095275325,0.06811365779783773,0.19877904252655992
"frozenset({'Vegetable oil, olive oil'})","frozenset({'Tomato, salad type, raw', 'Vegetable oil, extra-virgin olive oil'})",0.33428247331990646,0.03546542583975739,0.020626432391138275,0.061703601108033246,1.7398240581355824,1.0,0.008770962124080454,1.0279636320668613,0.6387532560754154,0.059080962800875284,0.027202939087092575,0.3216481452015362
"frozenset({'Tomato, salad type, raw', 'Vegetable oil, extra-virgin olive oil'})","frozenset({'Vegetable oil, olive oil'})",0.03546542583975739,0.33428247331990646,0.020626432391138275,0.5815926892950392,1.7398240581355822,1.0,0.008770962124080454,1.591075274374264,0.44086469182673044,0.059080962800875284,0.3714942239968636,0.3216481452015362
"frozenset({'Parsley, raw', 'Garlic, raw'})","frozenset({'Water, tap water'})",0.07197259068916823,0.18343866472208717,0.022871958700835707,0.31778706979736254,1.732388699398873,1.0,0.009669402768225364,1.1969303118241543,0.4555494107295933,0.09835739173718266,0.1645294716649185,0.22123578628686907
"frozenset({'Water, tap water'})","frozenset({'Parsley, raw', 'Garlic, raw'})",0.18343866472208717,0.07197259068916823,0.022871958700835707,0.12468450277637558,1.732388699398873,1.0,0.009669402768225364,1.0602204716521095,0.5177349467674408,0.09835739173718266,0.05679995176689024,0.22123578628686907
"frozenset({'Potato, raw'})","frozenset({'Garlic, raw', 'Vegetable oil, olive oil'})",0.08421881149153876,0.1411209111743871,0.020533833368057967,0.24381528312259484,1.7277048531900803,1.0,0.008648797952348075,1.1358059342593891,0.45993239501581606,0.1002599751328134,0.1195679034270432,0.19466026623321342
"frozenset({'Garlic, raw', 'Vegetable oil, olive oil'})","frozenset({'Potato, raw'})",0.1411209111743871,0.08421881149153876,0.020533833368057967,0.14550524934383202,1.7277048531900803,1.0,0.008648797952348075,1.0717224275576078,0.4904036444955842,0.1002599751328134,0.06692257781808215,0.19466026623321342
"frozenset({'Wheat flour, white, 9% protein, pastry flour, Italian ""tipo 00"" flour', 'Egg, chicken, whole, raw, fresh'})","frozenset({'Vegetable oil, olive oil'})",0.036044169734009306,0.33428247331990646,0.02064958214690835,0.5728965960179833,1.7138098516751263,1.0,0.008600647939461204,1.5586799835201588,0.43207861102854705,0.05905329361138696,0.3584314865315862,0.3173347246017894
"frozenset({'Vegetable oil, olive oil'})","frozenset({'Wheat flour, white, 9% protein, pastry flour, Italian ""tipo 00"" flour', 'Egg, chicken, whole, raw, fresh'})",0.33428247331990646,0.036044169734009306,0.02064958214690835,0.06177285318559557,1.7138098516751263,1.0,0.008600647939461204,1.0274226593623343,0.6256477853471747,0.05905329361138696,0.02669072860370249,0.3173347246017894
"frozenset({'Water, tap water'})","frozenset({'Vegetable oil, olive oil', 'Pasta, unenriched, dry, raw'})",0.18343866472208717,0.1292450864643378,0.040234275528393176,0.21933366986370523,1.697036814813268,1.0,0.016525729445484347,1.115399601496377,0.5030088668569279,0.1476760982241482,0.10346032161169975,0.2653179185786375
"frozenset({'Vegetable oil, olive oil', 'Pasta, unenriched, dry, raw'})","frozenset({'Water, tap water'})",0.1292450864643378,0.18343866472208717,0.040234275528393176,0.3113021672935698,1.697036814813268,1.0,0.016525729445484347,1.1856598010030137,0.4717028702250337,0.1476760982241482,0.1565877504204444,0.2653179185786375
"frozenset({'Water, tap water'})","frozenset({'Parsley, raw', 'Garlic, raw', 'Vegetable oil, olive oil'})",0.18343866472208717,0.07044470680834317,0.02180706993541218,0.11887935386168602,1.6875555204611408,1.0,0.008884786981750787,1.0549693702736593,0.49895443987007504,0.0939650872817955,0.05210518127118721,0.21422114258973227
"frozenset({'Parsley, raw', 'Garlic, raw', 'Vegetable oil, olive oil'})","frozenset({'Water, tap water'})",0.07044470680834317,0.18343866472208717,0.02180706993541218,0.3095629313177785,1.6875555204611408,1.0,0.008884786981750787,1.1826730810331694,0.4383030322642117,0.0939650872817955,0.15445779900020068,0.21422114258973227
"frozenset({'Water, tap water'})","frozenset({'Cheese, Parmesan, hard type'})",0.18343866472208717,0.11905919392550408,0.03676181216288168,0.20040383644623927,1.683228567561384,1.0,0.014921752606299177,1.1017321570919043,0.49708895301784617,0.13833957661817228,0.09233837501887313,0.25458651865088555
"frozenset({'Cheese, Parmesan, hard type'})","frozenset({'Water, tap water'})",0.11905919392550408,0.18343866472208717,0.03676181216288168,0.3087692008555318,1.683228567561384,1.0,0.014921752606299177,1.1813150344119006,0.4607615136332183,0.13833957661817228,0.15348575877743334,0.25458651865088555
"frozenset({'Vegetable oil, olive oil', 'Onion, raw'})","frozenset({'Water, tap water'})",0.14605180915341343,0.18343866472208717,0.044979975461258884,0.30797273735932795,1.6788867157636156,1.0,0.018188426609911615,1.1799554430298562,0.47352661624013737,0.15809601301871443,0.15251037155078642,0.2765885897801183
"frozenset({'Water, tap water'})","frozenset({'Vegetable oil, olive oil', 'Onion, raw'})",0.18343866472208717,0.14605180915341343,0.044979975461258884,0.24520444220090865,1.6788867157636156,1.0,0.018188426609911615,1.1313635619910303,0.4952073773102993,0.15809601301871443,0.11611082980244662,0.2765885897801183
"frozenset({'Water, tap water'})","frozenset({'Onion, raw'})",0.18343866472208717,0.16524295668680694,0.0505127670903072,0.2753659767794044,1.6664309468954794,1.0,0.02020081976094965,1.1519705348682936,0.48975516180028605,0.16940993788819877,0.1319222412973164,0.2905269222647372
"frozenset({'Onion, raw'})","frozenset({'Water, tap water'})",0.16524295668680694,0.18343866472208717,0.0505127670903072,0.30568786775007006,1.6664309468954792,1.0,0.02020081976094965,1.1760723993570907,0.4790796700457997,0.16940993788819877,0.14971221113032,0.2905269222647372
"frozenset({'Water, tap water'})","frozenset({'Garlic, raw'})",0.18343866472208717,0.14417667893603722,0.043729888649674746,0.23838970217062092,1.6534553572036468,1.0,0.017282311181583007,1.1237024020067674,0.4839880483315371,0.15404060996493518,0.11008466457476025,0.27084867253681977
"frozenset({'Garlic, raw'})","frozenset({'Water, tap water'})",0.14417667893603722,0.18343866472208717,0.043729888649674746,0.30330764290301865,1.6534553572036468,1.0,0.017282311181583007,1.1720543895162114,0.46178447966670205,0.15404060996493518,0.1467972741326708,0.27084867253681977
"frozenset({'Pasta, unenriched, dry, raw'})","frozenset({'Egg, chicken, whole, raw, fresh'})",0.1468620506053661,0.10810935944625784,0.02613607426441651,0.17796343001261036,1.6461426737162164,1.0,0.010258912046506478,1.0849768405892504,0.46008883064660444,0.11421345472938797,0.07832134052105615,0.209859659331787
"frozenset({'Egg, chicken, whole, raw, fresh'})","frozenset({'Pasta, unenriched, dry, raw'})",0.10810935944625784,0.1468620506053661,0.02613607426441651,0.24175588865096362,1.6461426737162161,1.0,0.010258912046506478,1.1251494559934878,0.44009794886233844,0.11421345472938797,0.11122918411135256,0.209859659331787
"frozenset({'Pasta, unenriched, dry, raw'})","frozenset({'Potato, raw'})",0.1468620506053661,0.08421881149153876,0.020209736787276895,0.13761034047919296,1.633962033446866,1.0,0.007841189432082741,1.0619111423684295,0.45478070221653055,0.09583927983313208,0.058301622328160434,0.18878867766125673
"frozenset({'Potato, raw'})","frozenset({'Pasta, unenriched, dry, raw'})",0.08421881149153876,0.1468620506053661,0.020209736787276895,0.23996701484332053,1.6339620334468659,1.0,0.007841189432082741,1.1225012151528673,0.4236718121991405,0.09583927983313208,0.10913236751924991,0.18878867766125673
"frozenset({'Garlic, raw', 'Vegetable oil, olive oil'})","frozenset({'Water, tap water'})",0.1411209111743871,0.18343866472208717,0.04203995647845915,0.2979002624671916,1.623977490887844,1.0,0.01615292496826531,1.1630275466948965,0.4473597313298964,0.14880367092756475,0.1401751378616867,0.26353872285398955
"frozenset({'Water, tap water'})","frozenset({'Garlic, raw', 'Vegetable oil, olive oil'})",0.18343866472208717,0.1411209111743871,0.04203995647845915,0.22917718324078748,1.623977490887844,1.0,0.01615292496826531,1.1142367223074914,0.4705438548484815,0.14880367092756475,0.10252464312154111,0.26353872285398955
"frozenset({'Vegetable oil, olive oil', 'Bread, white, high gluten flour (12% protein, Italian ""tipo 1"")'})","frozenset({'Water, tap water'})",0.07100030094682501,0.18343866472208717,0.021043127994999654,0.29638082817085104,1.615694426362475,1.0,0.008018927594447733,1.1605160404529005,0.4101950563857782,0.09016068240428489,0.13831436607309422,0.20554780934034728
"frozenset({'Water, tap water'})","frozenset({'Vegetable oil, olive oil', 'Bread, white, high gluten flour (12% protein, Italian ""tipo 1"")'})",0.18343866472208717,0.07100030094682501,0.021043127994999654,0.11471479050984353,1.615694426362475,1.0,0.008018927594447733,1.0493789900637718,0.4666778446052584,0.09016068240428489,0.047055439961468,0.20554780934034728
"frozenset({'Onion, raw', 'Vegetable oil, olive oil', 'Pasta, unenriched, dry, raw'})","frozenset({'Water, tap water'})",0.08428826075884899,0.18343866472208717,0.02483968794129222,0.29469925844548206,1.6065274945822172,1.0,0.009377961935941865,1.1577491517705922,0.4122907092586048,0.10226839496759438,0.13625503549654094,0.21505533341254418
"frozenset({'Water, tap water'})","frozenset({'Onion, raw', 'Vegetable oil, olive oil', 'Pasta, unenriched, dry, raw'})",0.18343866472208717,0.08428826075884899,0.02483968794129222,0.13541140837960627,1.6065274945822172,1.0,0.009377961935941865,1.0591300279881595,0.4623528278125867,0.10226839496759438,0.055828865602534444,0.21505533341254418
"frozenset({'Vegetable oil, olive oil'})",frozenset({'Butter'}),0.33428247331990646,0.05234159779614325,0.02798805472602264,0.0837257617728532,1.5996027117655636,1.0,0.010491175957212107,1.0342519331738864,0.5630688027826676,0.07804027885360186,0.03311759163821427,0.3092224562955376
frozenset({'Butter'}),"frozenset({'Vegetable oil, olive oil'})",0.05234159779614325,0.33428247331990646,0.02798805472602264,0.534719150818222,1.5996027117655633,1.0,0.010491175957212107,1.4307864332924822,0.3955484063323523,0.07804027885360186,0.3010836720761809,0.3092224562955376
"frozenset({'Water, tap water'})","frozenset({'Garlic, raw', 'Pasta, unenriched, dry, raw'})",0.18343866472208717,0.08292242516841447,0.024191494779730073,0.13187783947501264,1.5903760557794866,1.0,0.008980315831318928,1.0563923103598611,0.4546111621220509,0.09989484752891692,0.0533819773268237,0.21180714977659063
"frozenset({'Garlic, raw', 'Pasta, unenriched, dry, raw'})","frozenset({'Water, tap water'})",0.08292242516841447,0.18343866472208717,0.024191494779730073,0.2917364600781686,1.5903760557794864,1.0,0.008980315831318928,1.1529060713305022,0.4047835295098094,0.09989484752891692,0.13262665114950953,0.21180714977659063
"frozenset({'Water, tap water'})","frozenset({'Garlic, raw', 'Onion, raw'})",0.18343866472208717,0.08056115007986665,0.023497002106627776,0.12809187279151946,1.5899955830388697,1.0,0.00871897230750137,1.0545134529985725,0.45442689876109205,0.0976994898450284,0.05169536039920604,0.20987926972909307
"frozenset({'Garlic, raw', 'Onion, raw'})","frozenset({'Water, tap water'})",0.08056115007986665,0.18343866472208717,0.023497002106627776,0.2916666666666667,1.5899955830388695,1.0,0.00871897230750137,1.1527924733335242,0.403580330840698,0.0976994898450284,0.13254117880531854,0.20987926972909307
"frozenset({'Onion, raw', 'Pasta, unenriched, dry, raw'})","frozenset({'Water, tap water'})",0.09044609579368938,0.18343866472208717,0.026298122554807048,0.29076017404658305,1.5850539169977598,1.0,0.009706811513086683,1.1513190678205723,0.4058106209156185,0.10621785881252922,0.13143104465994523,0.2170610562307625
"frozenset({'Water, tap water'})","frozenset({'Onion, raw', 'Pasta, unenriched, dry, raw'})",0.18343866472208717,0.09044609579368938,0.026298122554807048,0.14336193841494196,1.5850539169977598,1.0,0.009706811513086683,1.061771528716972,0.45202560870282227,0.10621785881252922,0.05817779724383425,0.2170610562307625
"frozenset({'Cheese, Parmesan, hard type', 'Vegetable oil, olive oil'})","frozenset({'Water, tap water'})",0.09660393082852976,0.18343866472208717,0.028034354237562793,0.2901988976755332,1.5819941674520455,1.0,0.010313458159472422,1.1504086604033525,0.4072260556420594,0.11124379937534447,0.13074367881637536,0.22151287639960404
"frozenset({'Water, tap water'})","frozenset({'Cheese, Parmesan, hard type', 'Vegetable oil, olive oil'})",0.18343866472208717,0.09660393082852976,0.028034354237562793,0.15282685512367492,1.5819941674520452,1.0,0.010313458159472422,1.0663653287821733,0.45053127308070545,0.11124379937534447,0.06223507740819458,0.22151287639960404
"frozenset({'Water, tap water'})","frozenset({'Garlic, raw', 'Vegetable oil, olive oil', 'Pasta, unenriched, dry, raw'})",0.18343866472208717,0.08213533347223187,0.02375164942009862,0.12948006057546696,1.5764233868879498,1.0,0.008684853521449053,1.0543867233351745,0.44779569262288277,0.09821941412981046,0.05158138103554809,0.20932853085143133
"frozenset({'Garlic, raw', 'Vegetable oil, olive oil', 'Pasta, unenriched, dry, raw'})","frozenset({'Water, tap water'})",0.08213533347223187,0.18343866472208717,0.02375164942009862,0.2891770011273957,1.5764233868879496,1.0,0.008684853521449053,1.148754804744661,0.39837316113614324,0.09821941412981046,0.12949221551045026,0.20932853085143133
"frozenset({'Banana, fresh'})","frozenset({'Vegetable oil, olive oil'})",0.04548927008820057,0.33428247331990646,0.02395999722202931,0.5267175572519084,1.5756660886849507,1.0,0.008753731507428383,1.406596709598262,0.3827592048950303,0.06733897202342225,0.28906416944085567,0.29919672876445835
"frozenset({'Vegetable oil, olive oil'})","frozenset({'Banana, fresh'})",0.33428247331990646,0.04548927008820057,0.02395999722202931,0.07167590027700832,1.5756660886849507,1.0,0.008753731507428383,1.0282084998080108,0.5488029883587261,0.06733897202342225,0.027434610600163185,0.29919672876445835
"frozenset({'Garlic, raw', 'Vegetable oil, olive oil', 'Onion, raw'})","frozenset({'Water, tap water'})",0.07982035789522421,0.18343866472208717,0.023010857235456168,0.28828306264501163,1.571550158641667,1.0,0.00836871736551713,1.1473119331859185,0.3952332577061909,0.09577953362883024,0.1283974557615334,0.20686237937904295
"frozenset({'Water, tap water'})","frozenset({'Garlic, raw', 'Vegetable oil, olive oil', 'Onion, raw'})",0.18343866472208717,0.07982035789522421,0.023010857235456168,0.12544169611307424,1.571550158641667,1.0,0.00836871736551713,1.0521650049117235,0.445386747953488,0.09577953362883024,0.04957873020696037,0.20686237937904295
"frozenset({'Vegetable oil, olive oil', 'Egg, chicken, whole, raw, fresh'})","frozenset({'Water, tap water'})",0.08252887932032317,0.18343866472208717,0.023705349908558465,0.28723702664796635,1.5658477839616611,1.0,0.00856636248502811,1.145628162245478,0.3938743274058842,0.09784997611084567,0.12711643013387586,0.20823234472226687
"frozenset({'Water, tap water'})","frozenset({'Vegetable oil, olive oil', 'Egg, chicken, whole, raw, fresh'})",0.18343866472208717,0.08252887932032317,0.023705349908558465,0.1292276627965674,1.565847783961661,1.0,0.00856636248502811,1.0536291536617042,0.44254889983131585,0.09784997611084567,0.05089945876623238,0.20823234472226687
"frozenset({'Water, tap water'})","frozenset({'Vegetable oil, olive oil'})",0.18343866472208717,0.33428247331990646,0.09597888742273769,0.5232205956587582,1.5652049910437245,1.0,0.03465855687693732,1.3962799580235736,0.44222771020866003,0.227577121528159,0.28381124841504257,0.4051698546160827
"frozenset({'Vegetable oil, olive oil'})","frozenset({'Water, tap water'})",0.33428247331990646,0.18343866472208717,0.09597888742273769,0.2871191135734072,1.5652049910437242,1.0,0.03465855687693732,1.145438671207797,0.5424313392283641,0.227577121528159,0.12697202815270806,0.4051698546160827
"frozenset({'Egg, chicken, whole, raw, fresh'})","frozenset({'Garlic, raw', 'Vegetable oil, olive oil'})",0.10810935944625784,0.1411209111743871,0.023867398198949,0.22077087794432548,1.56440938559072,1.0,0.008610906887413762,1.1022163629611466,0.4045127433651089,0.1059065228556754,0.0927371125996881,0.194949087266126
"frozenset({'Garlic, raw', 'Vegetable oil, olive oil'})","frozenset({'Egg, chicken, whole, raw, fresh'})",0.1411209111743871,0.10810935944625784,0.023867398198949,0.16912729658792652,1.56440938559072,1.0,0.008610906887413762,1.0734383701511574,0.4200604421343777,0.1059065228556754,0.06841414672070657,0.194949087266126
"frozenset({'Water, tap water'})","frozenset({'Tomato, peeled tomato, canned', 'Vegetable oil, olive oil', 'Onion, raw'})",0.18343866472208717,0.07525985600851912,0.021575572377711415,0.1176173649671883,1.5628167685289551,1.0,0.00777000488433212,1.0480035613541898,0.4410320529909623,0.09098896807575906,0.04580476930074683,0.2021491930957135
"frozenset({'Tomato, peeled tomato, canned', 'Vegetable oil, olive oil', 'Onion, raw'})","frozenset({'Water, tap water'})",0.07525985600851912,0.18343866472208717,0.021575572377711415,0.28668102122423866,1.562816768528955,1.0,0.00777000488433212,1.1447351880071128,0.3894388325527015,0.09098896807575906,0.1264355193440716,0.2021491930957135
"frozenset({'Garlic, raw'})","frozenset({'Egg, chicken, whole, raw, fresh'})",0.14417667893603722,0.10810935944625784,0.02435354307012061,0.1689145793192036,1.562441773629901,1.0,0.008766694663256849,1.0731636223664425,0.4206197012048014,0.10684541945967904,0.06817564520600196,0.1970911226360472
"frozenset({'Egg, chicken, whole, raw, fresh'})","frozenset({'Garlic, raw'})",0.10810935944625784,0.14417667893603722,0.02435354307012061,0.2252676659528908,1.562441773629901,1.0,0.008766694663256849,1.1046696819703445,0.4036101885389546,0.10684541945967904,0.09475201834420796,0.1970911226360472
"frozenset({'Water, tap water'})","frozenset({'Potato, raw'})",0.18343866472208717,0.08421881149153876,0.023797948931638772,0.1297324583543665,1.5404213863478753,1.0,0.008348962607149731,1.0522984538487599,0.4296394735846391,0.09758876020505033,0.049699259423483154,0.20615265028768354
"frozenset({'Potato, raw'})","frozenset({'Water, tap water'})",0.08421881149153876,0.18343866472208717,0.023797948931638772,0.2825728422210006,1.5404213863478753,1.0,0.008348962607149731,1.1381801294027,0.383090400458833,0.09758876020505033,0.12140444718114601,0.20615265028768354
"frozenset({'Tomato, peeled tomato, canned', 'Onion, raw'})","frozenset({'Water, tap water'})",0.0815102900664398,0.18343866472208717,0.023010857235456168,0.28230616302186884,1.538967607780877,1.0,0.008058718464558445,1.137757206772272,0.3812930511793415,0.09511051574012057,0.12107785910060581,0.20387392956747152
"frozenset({'Water, tap water'})","frozenset({'Tomato, peeled tomato, canned', 'Onion, raw'})",0.18343866472208717,0.0815102900664398,0.023010857235456168,0.12544169611307424,1.538967607780877,1.0,0.008058718464558445,1.050232678429081,0.42888847272961056,0.09511051574012057,0.04783004705606583,0.20387392956747152
"frozenset({'Water, bottled water - Levissima'})","frozenset({'Vegetable oil, olive oil'})",0.04384563742852513,0.33428247331990646,0.022524712364284556,0.513727560718057,1.5368067479458387,1.0,0.007867884240389311,1.3690217106754583,0.3653176849432908,0.06334223032354663,0.2695513941071012,0.2905549160931005
"frozenset({'Vegetable oil, olive oil'})","frozenset({'Water, bottled water - Levissima'})",0.33428247331990646,0.04384563742852513,0.022524712364284556,0.06738227146814404,1.5368067479458385,1.0,0.007867884240389311,1.0252371720154523,0.5246971638631548,0.06334223032354663,0.02461593541896274,0.2905549160931005
"frozenset({'Water, tap water'})","frozenset({'Egg, chicken, whole, raw, fresh'})",0.18343866472208717,0.10810935944625784,0.03032618005880038,0.16532054517920244,1.5291973426351195,1.0,0.01049474351801868,1.0685427027136154,0.42380425051014314,0.11609358383551932,0.06414596491047858,0.2229172319043764
"frozenset({'Egg, chicken, whole, raw, fresh'})","frozenset({'Water, tap water'})",0.10810935944625784,0.18343866472208717,0.03032618005880038,0.28051391862955033,1.5291973426351195,1.0,0.01049474351801868,1.1349230463535278,0.3880096381302536,0.11609358383551932,0.11888299104245983,0.2229172319043764
"frozenset({'Water, tap water'})","frozenset({'Vegetable oil, olive oil', 'Tomato, peeled tomato, canned'})",0.18343866472208717,0.08526055050119222,0.02372849966432854,0.12935386168601717,1.5171595881756403,1.0,0.00808841812691976,1.0506443539394916,0.4174500360601938,0.09686259686259686,0.04820313719823059,0.20382979535563417
"frozenset({'Vegetable oil, olive oil', 'Tomato, peeled tomato, canned'})","frozenset({'Water, tap water'})",0.08526055050119222,0.18343866472208717,0.02372849966432854,0.27830572902525114,1.5171595881756403,1.0,0.00808841812691976,1.1314504882725933,0.3726455211305162,0.09686259686259686,0.11617873661734963,0.20382979535563417
"frozenset({'Wheat flour, white, 9% protein, pastry flour, Italian ""tipo 00"" flour'})","frozenset({'Vegetable oil, olive oil'})",0.08285297590110424,0.33428247331990646,0.04194735745537884,0.5062866722548197,1.5145474640852803,1.0,0.014251059749243112,1.3483888104063693,0.3704278174446761,0.1118035416795212,0.25837414825577937,0.315885718398878
"frozenset({'Vegetable oil, olive oil'})","frozenset({'Wheat flour, white, 9% protein, pastry flour, Italian ""tipo 00"" flour'})",0.33428247331990646,0.08285297590110424,0.04194735745537884,0.12548476454293628,1.5145474640852803,1.0,0.014251059749243112,1.0487490519471059,0.510331719982028,0.1118035416795212,0.046483047452198965,0.315885718398878
"frozenset({'Water, tap water'})","frozenset({'Tomato, peeled tomato, canned', 'Pasta, unenriched, dry, raw'})",0.18343866472208717,0.07301432969882168,0.02023288654304697,0.11029782937910147,1.5106326365532803,1.0,0.006839235397516888,1.0419055959527004,0.4139623976461858,0.08565268522148177,0.04022014673448658,0.1937031315570206
"frozenset({'Tomato, peeled tomato, canned', 'Pasta, unenriched, dry, raw'})","frozenset({'Water, tap water'})",0.07301432969882168,0.18343866472208717,0.02023288654304697,0.2771084337349397,1.51063263655328,1.0,0.006839235397516888,1.1295765138011127,0.3646503921328051,0.08565268522148177,0.11471247163689481,0.1937031315570206
"frozenset({'Water, tap water'})","frozenset({'Lettuce, raw'})",0.18343866472208717,0.08840891728592264,0.02449244160474107,0.13351842503785968,1.5102370794345181,1.0,0.00827482786828597,1.0520605504553378,0.4137500651815648,0.09901731399157698,0.049484367066900924,0.2052771491515562
"frozenset({'Lettuce, raw'})","frozenset({'Water, tap water'})",0.08840891728592264,0.18343866472208717,0.02449244160474107,0.2770358732652527,1.5102370794345181,1.0,0.00827482786828597,1.1294631435807132,0.3706182652534242,0.09901731399157698,0.11462361062113008,0.2052771491515562
"frozenset({'Bread, white, high gluten flour (12% protein, Italian ""tipo 1"")'})","frozenset({'Water, tap water'})",0.09965969859017987,0.18343866472208717,0.027409310831770724,0.2750290360046458,1.4992969798451141,1.0,0.009127868795782455,1.1263366063349616,0.369883179615901,0.10719782707107291,0.11216594189019036,0.21222426055658844
"frozenset({'Water, tap water'})","frozenset({'Bread, white, high gluten flour (12% protein, Italian ""tipo 1"")'})",0.18343866472208717,0.09965969859017987,0.027409310831770724,0.14941948510853106,1.4992969798451141,1.0,0.009127868795782455,1.0585009715684592,0.4078330910787747,0.10719782707107291,0.05526775424851426,0.21222426055658844
"frozenset({'Lettuce, raw', 'Vegetable oil, olive oil'})","frozenset({'Water, tap water'})",0.07301432969882168,0.18343866472208717,0.020070838252656435,0.2748890298034242,1.498533748159833,1.0,0.006677187107126352,1.1261191305057006,0.35888475828507427,0.0849084320830477,0.11199448361121868,0.19215173347818865
"frozenset({'Water, tap water'})","frozenset({'Lettuce, raw', 'Vegetable oil, olive oil'})",0.18343866472208717,0.07301432969882168,0.020070838252656435,0.10941443715295306,1.4985337481598329,1.0,0.006677187107126352,1.040872105918455,0.4074170718682626,0.0849084320830477,0.039267173830535,0.19215173347818865
"frozenset({'Water, tap water'})","frozenset({'Tomato, peeled tomato, canned'})",0.18343866472208717,0.09803921568627451,0.025904576706715744,0.14121655729429583,1.4404088844018175,1.0,0.007920393890824846,1.0502773335638445,0.3744393374219072,0.10135869565217391,0.04787053091324103,0.20272161985139822
"frozenset({'Tomato, peeled tomato, canned'})","frozenset({'Water, tap water'})",0.09803921568627451,0.18343866472208717,0.025904576706715744,0.2642266824085006,1.4404088844018175,1.0,0.007920393890824846,1.109800145989076,0.3389866728833975,0.10135869565217391,0.0989368638902277,0.20272161985139822
frozenset({'Sugar'}),"frozenset({'Wheat flour, white, 9% protein, pastry flour, Italian ""tipo 00"" flour'})",0.30015973331481355,0.08285297590110424,0.03541912632821724,0.11800092549745489,1.4242207261004636,1.0,0.010549999177403117,1.0398503248046767,0.4256137544826406,0.1018981018981019,0.03832313541101416,0.27274731941260005
"frozenset({'Wheat flour, white, 9% protein, pastry flour, Italian ""tipo 00"" flour'})",frozenset({'Sugar'}),0.08285297590110424,0.30015973331481355,0.03541912632821724,0.4274937133277452,1.4242207261004634,1.0,0.010549999177403117,1.2224149899786638,0.32476978675765333,0.1018981018981019,0.18194720434714728,0.27274731941260005
"frozenset({'Vegetable oil, olive oil'})","frozenset({""Cheese, Mozzarella, cow's milk""})",0.33428247331990646,0.0602125147579693,0.026228673287496816,0.07846260387811635,1.3030946173483244,1.0,0.006100684929391469,1.0198039593368093,0.34939145711972325,0.07122202665325623,0.01941937874970421,0.25703214776758565
"frozenset({""Cheese, Mozzarella, cow's milk""})","frozenset({'Vegetable oil, olive oil'})",0.0602125147579693,0.33428247331990646,0.026228673287496816,0.435601691657055,1.3030946173483244,1.0,0.006100684929391469,1.179517225405261,0.2474985252830791,0.07122202665325623,0.15219550977187482,0.25703214776758565
"frozenset({'Alcoholic beverage, wine, red wine, table type'})","frozenset({'Water, tap water'})",0.08921915873787531,0.18343866472208717,0.021112577262309883,0.23663725998962118,1.2900075365688626,1.0,0.0047463339158060995,1.0696897981512834,0.24683295942879346,0.08393152954168967,0.06514953986821836,0.175865323583907
"frozenset({'Water, tap water'})","frozenset({'Alcoholic beverage, wine, red wine, table type'})",0.18343866472208717,0.08921915873787531,0.021112577262309883,0.11509338717819284,1.2900075365688626,1.0,0.0047463339158060995,1.0292395017343234,0.27531395466240527,0.08393152954168967,0.028408841367877295,0.175865323583907
"frozenset({'Egg, chicken, whole, raw, fresh'})",frozenset({'Sugar'}),0.10810935944625784,0.30015973331481355,0.041854758432298536,0.38715203426124195,1.2898200234446142,1.0,0.009404681932074464,1.141947604968491,0.2519345127690016,0.11422795046752589,0.12430308041357772,0.2632968253983982
frozenset({'Sugar'}),"frozenset({'Egg, chicken, whole, raw, fresh'})",0.30015973331481355,0.10810935944625784,0.041854758432298536,0.1394416165355545,1.2898200234446142,1.0,0.009404681932074464,1.036409217191237,0.32107045659923006,0.11422795046752589,0.03513015572160688,0.2632968253983982
